Date,Open,High,Low,Close,Adj Close,Volume
1970-01-02,5.633611,5.757882,5.633611,5.757882,0.199088,105900
1970-01-05,5.757882,5.799305,5.757882,5.799305,0.200521,136100
1970-01-06,5.799305,5.799305,5.675035,5.695746,0.196940,159500
1970-01-07,5.695746,5.778594,5.654323,5.757882,0.199088,119600
1970-01-08,5.778594,5.965000,5.778594,5.965000,0.206250,454900
1970-01-09,5.965000,6.068559,5.799305,5.861441,0.202669,1154000
1970-01-12,5.861441,5.861441,5.737170,5.757882,0.199088,117000
1970-01-13,5.757882,5.778594,5.716458,5.757882,0.199088,99200
1970-01-14,5.757882,5.757882,5.675035,5.695746,0.196940,57600
1970-01-15,5.695746,5.716458,5.654323,5.675035,0.196224,70400
1970-01-16,5.675035,5.716458,5.654323,5.654323,0.195507,79400
1970-01-19,5.654323,5.757882,5.654323,5.695746,0.196940,94500
1970-01-20,5.695746,5.695746,5.633611,5.633611,0.194791,86800
1970-01-21,5.633611,5.654323,5.592187,5.633611,0.194791,165600
1970-01-22,5.633611,5.675035,5.592187,5.612899,0.194075,89500
1970-01-23,5.612899,5.675035,5.571476,5.592187,0.193359,77100
1970-01-26,5.592187,5.592187,5.426493,5.447205,0.188346,402300
1970-01-27,5.447205,5.447205,5.385069,5.385069,0.186198,310400
1970-01-28,5.447205,5.530052,5.447205,5.488628,0.189778,137400
1970-01-29,5.488628,5.509340,5.405781,5.405781,0.186914,171600
1970-01-30,5.447205,5.509340,5.447205,5.509340,0.190494,139100
1970-02-02,5.509340,5.550764,5.447205,5.447205,0.188346,149800
1970-02-03,5.447205,5.633611,5.405781,5.592187,0.193359,150800
1970-02-04,5.592187,5.757882,5.571476,5.612899,0.194075,122000
1970-02-05,5.612899,5.633611,5.488628,5.488628,0.189778,140100
1970-02-06,5.488628,5.612899,5.488628,5.571476,0.192643,111900
1970-02-09,5.592187,5.675035,5.592187,5.612899,0.194075,167900
1970-02-10,5.612899,5.633611,5.571476,5.592187,0.193359,98900
1970-02-11,5.592187,5.654323,5.571476,5.633611,0.194791,85400
1970-02-12,5.654323,5.716458,5.654323,5.675035,0.196224,119300
1970-02-13,5.675035,5.695746,5.592187,5.612899,0.194075,231600
1970-02-16,5.612899,5.716458,5.612899,5.695746,0.196940,105200
1970-02-17,5.695746,5.799305,5.633611,5.799305,0.200521,131400
1970-02-18,5.799305,5.944288,5.799305,5.944288,0.205533,146100
1970-02-19,5.944288,5.965000,5.882153,5.944288,0.205533,150800
1970-02-20,5.944288,6.027135,5.944288,6.006423,0.207682,136100
1970-02-24,6.006423,6.027135,5.965000,5.985712,0.206966,116000
1970-02-25,5.985712,6.234253,5.985712,6.192830,0.214127,226600
1970-02-26,6.192830,6.192830,6.068559,6.172118,0.213411,157900
1970-02-27,6.172118,6.234253,6.109982,6.172118,0.213411,160200
1970-03-02,6.172118,6.234253,6.151406,6.234253,0.215559,171600
1970-03-03,6.234253,6.379236,6.234253,6.379236,0.220573,195800
1970-03-04,6.379236,6.462083,6.337812,6.462083,0.223437,207500
1970-03-05,6.462083,6.544930,6.379236,6.462083,0.223437,182300
1970-03-06,6.420660,6.420660,6.337812,6.399948,0.221289,83400
1970-03-09,6.275677,6.275677,6.130694,6.213542,0.214843,109900
1970-03-10,6.213542,6.234253,6.130694,6.213542,0.214843,85400
1970-03-11,6.213542,6.358524,6.213542,6.296389,0.217708,73700
1970-03-12,6.296389,6.296389,6.213542,6.275677,0.216992,99900
1970-03-13,6.275677,6.296389,6.213542,6.275677,0.216992,90500
1970-03-16,6.192830,6.192830,6.089271,6.109982,0.211263,91500
1970-03-17,6.109982,6.213542,6.089271,6.192830,0.214127,114600
1970-03-18,6.192830,6.254965,6.109982,6.130694,0.211979,100500
1970-03-19,6.130694,6.130694,6.089271,6.089271,0.210547,49600
1970-03-20,6.089271,6.089271,6.006423,6.047847,0.209114,109900
1970-03-23,6.047847,6.089271,6.006423,6.047847,0.209114,105200
1970-03-24,6.047847,6.192830,6.027135,6.192830,0.214127,76400
1970-03-25,6.192830,6.275677,6.172118,6.254965,0.216276,155500
1970-03-26,6.254965,6.275677,6.192830,6.254965,0.216276,122000
1970-03-30,6.254965,6.275677,6.130694,6.151406,0.212695,73700
1970-03-31,6.151406,6.234253,6.089271,6.192830,0.214127,72400
1970-04-01,6.192830,6.358524,6.172118,6.358524,0.219856,119300
1970-04-02,6.358524,6.379236,6.296389,6.379236,0.220573,113300
1970-04-03,6.358524,6.358524,6.275677,6.358524,0.219856,87100
1970-04-06,6.337812,6.337812,6.275677,6.337812,0.219140,94500
1970-04-07,6.337812,6.524219,6.296389,6.441371,0.222721,157900
1970-04-08,6.441371,6.482795,6.420660,6.441371,0.222721,73400
1970-04-09,6.441371,6.482795,6.420660,6.420660,0.222005,123300
1970-04-10,6.420660,6.441371,6.317101,6.317101,0.218424,95200
1970-04-13,6.317101,6.358524,6.254965,6.254965,0.216276,70400
1970-04-14,6.254965,6.275677,6.130694,6.213542,0.214843,102900
1970-04-15,6.296389,6.399948,6.296389,6.399948,0.221289,165200
1970-04-16,6.379236,6.379236,6.234253,6.234253,0.215559,144800
1970-04-17,6.234253,6.296389,6.068559,6.109982,0.211263,85400
1970-04-20,6.109982,6.254965,6.089271,6.213542,0.214843,55300
1970-04-21,6.213542,6.275677,6.151406,6.192830,0.214127,83100
1970-04-22,6.192830,6.275677,6.151406,6.192830,0.214127,77100
1970-04-23,6.151406,6.151406,5.965000,6.027135,0.208398,162900
1970-04-24,6.027135,6.068559,5.965000,5.985712,0.206966,69000
1970-04-27,5.985712,6.027135,5.882153,5.882153,0.203385,107600
1970-04-28,5.882153,6.172118,5.820017,5.861441,0.202669,221900
1970-04-29,5.861441,5.882153,5.654323,5.882153,0.203385,201800
1970-04-30,5.882153,6.006423,5.799305,5.840729,0.201953,93200
1970-05-01,5.840729,5.944288,5.737170,5.882153,0.203385,50600
1970-05-04,5.757882,5.757882,5.612899,5.633611,0.198140,105900
1970-05-05,5.633611,5.716458,5.592187,5.654323,0.198869,81100
1970-05-06,5.654323,5.923576,5.633611,5.716458,0.201054,157900
1970-05-07,5.716458,5.840729,5.675035,5.757882,0.202511,83400
1970-05-08,5.757882,5.840729,5.737170,5.799305,0.203968,75700
1970-05-11,5.799305,5.820017,5.757882,5.757882,0.202511,78700
1970-05-12,5.757882,5.882153,5.737170,5.799305,0.203968,121700
1970-05-13,5.799305,5.840729,5.737170,5.799305,0.203968,78700
1970-05-14,5.716458,5.716458,5.550764,5.612899,0.197412,179000
1970-05-15,5.612899,5.695746,5.509340,5.633611,0.198140,164200
1970-05-18,5.633611,5.716458,5.592187,5.654323,0.198869,62600
1970-05-19,5.633611,5.633611,5.488628,5.509340,0.193769,93200
1970-05-20,5.509340,5.550764,5.467916,5.467916,0.192313,118600
1970-05-21,5.467916,5.467916,5.385069,5.426493,0.190856,169300
1970-05-22,5.426493,5.612899,5.385069,5.385069,0.189399,166900
1970-05-25,5.385069,5.405781,5.198663,5.198663,0.182843,192100
1970-05-26,5.198663,5.198663,5.032969,5.095104,0.179201,286000
1970-05-27,5.136528,5.343646,5.136528,5.302222,0.186485,222200
1970-05-28,5.343646,5.509340,5.343646,5.467916,0.192313,252100
1970-05-29,5.467916,5.571476,5.426493,5.550764,0.195226,108600
1970-06-01,5.550764,5.592187,5.467916,5.592187,0.196683,97900
1970-06-02,5.592187,5.592187,5.467916,5.571476,0.195955,78400
1970-06-03,5.571476,5.592187,5.488628,5.509340,0.193769,90800
1970-06-04,5.509340,5.612899,5.488628,5.488628,0.193041,69700
1970-06-05,5.467916,5.467916,5.322934,5.322934,0.187214,107200
1970-06-08,5.322934,5.530052,5.302222,5.405781,0.190127,70400
1970-06-09,5.405781,5.530052,5.364357,5.488628,0.193041,47200
1970-06-10,5.467916,5.467916,5.364357,5.405781,0.190127,48200
1970-06-11,5.405781,5.447205,5.343646,5.364357,0.188670,61300
1970-06-12,5.364357,5.405781,5.343646,5.364357,0.188670,44500
1970-06-15,5.364357,5.426493,5.343646,5.385069,0.189399,55600
1970-06-16,5.385069,5.633611,5.364357,5.592187,0.196683,197100
1970-06-17,5.592187,5.675035,5.467916,5.467916,0.192313,81100
1970-06-18,5.467916,5.530052,5.447205,5.509340,0.193769,41200
1970-06-19,5.509340,5.530052,5.467916,5.467916,0.192313,59300
1970-06-22,5.447205,5.447205,5.364357,5.364357,0.188670,72700
1970-06-23,5.343646,5.343646,5.240087,5.302222,0.186485,124000
1970-06-24,5.302222,5.322934,5.177951,5.219375,0.183571,69000
1970-06-25,5.219375,5.302222,5.157239,5.198663,0.182843,51600
1970-06-26,5.198663,5.260798,5.177951,5.198663,0.182843,56600
1970-06-29,5.198663,5.281510,5.157239,5.157239,0.181386,57600
1970-06-30,5.157239,5.219375,5.157239,5.177951,0.182114,78700
1970-07-01,5.177951,5.198663,5.136528,5.136528,0.180657,53300
1970-07-02,5.136528,5.198663,5.115816,5.136528,0.180657,73700
1970-07-06,5.136528,5.157239,5.053680,5.074392,0.178472,80800
1970-07-07,5.074392,5.074392,4.991545,4.991545,0.175558,155900
1970-07-08,4.991545,5.032969,4.970833,5.032969,0.177015,111300
1970-07-09,5.074392,5.198663,5.074392,5.177951,0.182114,109600
1970-07-10,5.177951,5.177951,5.095104,5.115816,0.179929,79400
1970-07-13,5.115816,5.177951,5.095104,5.115816,0.179929,62600
1970-07-14,5.115816,5.136528,5.074392,5.074392,0.178472,63000
1970-07-15,5.074392,5.095104,4.991545,5.053680,0.177743,116000
1970-07-16,5.053680,5.219375,5.053680,5.053680,0.177743,136100
1970-07-17,5.053680,5.115816,5.032969,5.053680,0.177743,138800
1970-07-20,5.053680,5.074392,5.053680,5.053680,0.177743,139800
1970-07-21,5.053680,5.074392,4.970833,5.012257,0.176287,141400
1970-07-22,5.012257,5.095104,4.970833,4.991545,0.175558,175300
1970-07-23,5.012257,5.095104,5.012257,5.053680,0.177743,89100
1970-07-24,5.053680,5.074392,5.012257,5.053680,0.177743,71000
1970-07-27,5.053680,5.074392,4.991545,5.012257,0.176287,59300
1970-07-28,5.012257,5.032969,4.970833,4.991545,0.175558,150800
1970-07-29,5.032969,5.157239,5.032969,5.115816,0.179929,149500
1970-07-30,5.115816,5.136528,5.053680,5.136528,0.180657,65000
1970-07-31,5.157239,5.302222,5.157239,5.157239,0.181386,69000
1970-08-03,5.157239,5.177951,5.095104,5.136528,0.184208,60600
1970-08-04,5.136528,5.136528,5.032969,5.136528,0.184208,65000
1970-08-05,5.115816,5.115816,5.032969,5.074392,0.181980,51600
1970-08-06,5.074392,5.136528,5.032969,5.032969,0.180495,46200
1970-08-07,5.032969,5.053680,4.970833,5.032969,0.180495,163900
1970-08-10,4.991545,4.991545,4.867274,4.950121,0.177524,157200
1970-08-11,4.950121,4.970833,4.908698,4.950121,0.177524,115600
1970-08-12,4.950121,4.970833,4.908698,4.908698,0.176038,68700
1970-08-13,4.908698,4.950121,4.887986,4.950121,0.177524,72700
1970-08-14,4.950121,4.970833,4.908698,4.950121,0.177524,63700
1970-08-17,4.950121,4.970833,4.887986,4.908698,0.176038,141100
1970-08-18,4.908698,4.950121,4.887986,4.887986,0.175295,108600
1970-08-19,4.887986,4.950121,4.867274,4.887986,0.175295,173000
1970-08-20,4.887986,4.950121,4.867274,4.950121,0.177524,56900
1970-08-21,4.950121,5.157239,4.908698,5.157239,0.184951,221900
1970-08-24,5.157239,5.157239,5.012257,5.053680,0.181237,171600
1970-08-25,5.053680,5.115816,5.032969,5.115816,0.183466,104900
1970-08-26,5.115816,5.177951,5.095104,5.136528,0.184208,148800
1970-08-27,5.136528,5.157239,5.074392,5.095104,0.182723,91500
1970-08-28,5.115816,5.281510,5.115816,5.219375,0.187180,143500
1970-08-31,5.219375,5.281510,5.219375,5.240087,0.187922,86800
1970-09-01,5.240087,5.281510,5.219375,5.240087,0.187922,89100
1970-09-02,5.219375,5.219375,5.157239,5.219375,0.187180,67300
1970-09-03,5.240087,5.302222,5.240087,5.302222,0.190151,104900
1970-09-04,5.302222,5.343646,5.240087,5.322934,0.190894,126700
1970-09-08,5.322934,5.343646,5.240087,5.322934,0.190894,163200
1970-09-09,5.322934,5.343646,5.240087,5.281510,0.189408,112600
1970-09-10,5.281510,5.281510,5.219375,5.281510,0.189408,175300
1970-09-11,5.281510,5.281510,5.240087,5.240087,0.187922,48200
1970-09-14,5.240087,5.343646,5.177951,5.302222,0.190151,99900
1970-09-15,5.260798,5.260798,5.198663,5.198663,0.186437,108900
1970-09-16,5.198663,5.322934,5.157239,5.219375,0.187180,109600
1970-09-17,5.219375,5.302222,5.157239,5.157239,0.184951,273900
1970-09-18,5.157239,5.260798,5.157239,5.198663,0.186437,130000
1970-09-21,5.198663,5.240087,5.074392,5.074392,0.181980,124700
1970-09-22,5.074392,5.095104,4.991545,5.032969,0.180495,183700
1970-09-23,5.032969,5.198663,5.032969,5.115816,0.183466,103600
1970-09-24,5.136528,5.385069,5.136528,5.364357,0.192379,221900
1970-09-25,5.364357,5.364357,5.302222,5.364357,0.192379,87100
1970-09-28,5.364357,5.364357,5.260798,5.343646,0.191636,85400
1970-09-29,5.343646,5.385069,5.260798,5.343646,0.191636,96500
1970-09-30,5.343646,5.385069,5.322934,5.364357,0.192379,133700
1970-10-01,5.302222,5.302222,5.157239,5.198663,0.186437,299000
1970-10-02,5.177951,5.177951,5.095104,5.095104,0.182723,65300
1970-10-05,5.095104,5.177951,5.053680,5.115816,0.183466,229300
1970-10-06,5.115816,5.447205,5.115816,5.405781,0.193865,394600
1970-10-07,5.405781,5.509340,5.240087,5.467916,0.196093,253800
1970-10-08,5.385069,5.385069,5.219375,5.260798,0.188665,141400
1970-10-09,5.260798,5.302222,5.157239,5.198663,0.186437,113600
1970-10-12,5.198663,5.219375,5.115816,5.157239,0.184951,85800
1970-10-13,5.157239,5.157239,5.074392,5.074392,0.181980,99900
1970-10-14,5.074392,5.136528,5.074392,5.095104,0.182723,86800
1970-10-15,5.095104,5.136528,5.053680,5.053680,0.181237,61300
1970-10-16,5.053680,5.095104,4.970833,5.012257,0.179752,216200
1970-10-19,5.012257,5.115816,4.970833,5.053680,0.181237,102500
1970-10-20,5.053680,5.095104,4.991545,5.032969,0.180495,111900
1970-10-21,5.032969,5.115816,5.012257,5.012257,0.179752,148800
1970-10-22,5.012257,5.032969,4.970833,5.032969,0.180495,130700
1970-10-23,5.012257,5.012257,4.970833,4.991545,0.179009,106600
1970-10-26,4.991545,4.991545,4.970833,4.970833,0.178266,142800
1970-10-27,4.970833,4.991545,4.950121,4.991545,0.179009,180000
1970-10-28,4.991545,5.032969,4.929410,4.970833,0.178266,163900
1970-10-29,4.970833,5.032969,4.950121,4.991545,0.179009,100500
1970-10-30,4.970833,4.970833,4.887986,4.929410,0.180373,115600
1970-11-02,4.929410,5.032969,4.887986,4.950121,0.181131,124700
1970-11-03,4.950121,5.012257,4.950121,4.970833,0.181889,85800
1970-11-04,4.970833,5.012257,4.950121,4.950121,0.181131,56900
1970-11-05,4.950121,4.991545,4.950121,4.950121,0.181131,95500
1970-11-06,4.950121,5.012257,4.950121,5.012257,0.183405,81100
1970-11-09,5.012257,5.136528,4.991545,5.053680,0.184921,162900
1970-11-10,5.053680,5.115816,5.032969,5.074392,0.185678,103600
1970-11-11,5.095104,5.157239,5.095104,5.095104,0.186436,148800
1970-11-12,5.095104,5.095104,4.970833,4.970833,0.181889,166900
1970-11-13,4.970833,4.970833,4.929410,4.929410,0.180373,128000
1970-11-16,4.929410,4.970833,4.929410,4.970833,0.181889,175300
1970-11-17,4.970833,4.970833,4.908698,4.950121,0.181131,81100
1970-11-18,4.929410,4.929410,4.887986,4.887986,0.178858,123300
1970-11-19,4.887986,4.908698,4.867274,4.867274,0.178100,169900
1970-11-20,4.867274,4.887986,4.846562,4.867274,0.178100,119300
1970-11-23,4.867274,4.929410,4.784427,4.805139,0.175826,453600
1970-11-24,4.805139,4.846562,4.784427,4.805139,0.175826,121700
1970-11-25,4.805139,4.846562,4.701580,4.722291,0.172795,489800
1970-11-27,4.722291,4.763715,4.660156,4.743003,0.173552,225900
1970-11-30,4.743003,4.846562,4.722291,4.805139,0.175826,323200
1970-12-01,4.805139,4.887986,4.805139,4.825850,0.176584,184400
1970-12-02,4.825850,4.887986,4.805139,4.846562,0.177342,127000
1970-12-03,4.887986,4.970833,4.887986,4.887986,0.178858,176000
1970-12-04,4.887986,5.012257,4.867274,4.970833,0.181889,228300
1970-12-07,5.032969,5.095104,5.032969,5.053680,0.184921,165200
1970-12-08,5.053680,5.053680,4.950121,4.970833,0.181889,187000
1970-12-09,4.970833,5.032969,4.887986,5.012257,0.183405,227900
1970-12-10,5.012257,5.095104,4.970833,5.053680,0.184921,236300
1970-12-11,5.053680,5.095104,4.929410,4.929410,0.180373,195800
1970-12-14,4.929410,5.012257,4.929410,4.950121,0.181131,201800
1970-12-15,4.950121,4.970833,4.908698,4.970833,0.181889,166300
1970-12-16,4.970833,4.991545,4.929410,4.970833,0.181889,206500
1970-12-17,4.970833,5.053680,4.929410,5.012257,0.183405,199100
1970-12-18,5.012257,5.032969,4.970833,4.970833,0.181889,197100
1970-12-21,4.970833,5.074392,4.970833,5.012257,0.183405,248700
1970-12-22,5.012257,5.032969,4.970833,5.012257,0.183405,125300
1970-12-23,5.012257,5.136528,4.970833,5.095104,0.186436,246100
1970-12-24,5.136528,5.260798,5.136528,5.240087,0.191741,159500
1970-12-28,5.240087,5.302222,5.240087,5.260798,0.192499,132700
1970-12-29,5.260798,5.509340,5.260798,5.467916,0.200078,324800
1970-12-30,5.467916,5.509340,5.426493,5.447205,0.199320,211200
1970-12-31,5.447205,5.467916,5.385069,5.405781,0.197804,189700
1971-01-04,5.385069,5.385069,5.322934,5.343646,0.195531,101500
1971-01-05,5.343646,5.447205,5.322934,5.405781,0.197804,141400
1971-01-06,5.405781,5.488628,5.405781,5.488628,0.200836,146100
1971-01-07,5.488628,5.488628,5.426493,5.467916,0.200078,126700
1971-01-08,5.467916,5.488628,5.426493,5.426493,0.198562,114600
1971-01-11,5.447205,5.509340,5.447205,5.488628,0.200836,143500
1971-01-12,5.530052,5.695746,5.530052,5.695746,0.208415,324500
1971-01-13,5.654323,5.654323,5.509340,5.509340,0.201594,278600
1971-01-14,5.509340,5.550764,5.426493,5.509340,0.201594,102900
1971-01-15,5.509340,5.571476,5.467916,5.509340,0.201594,156900
1971-01-18,5.571476,5.633611,5.571476,5.633611,0.206141,215200
1971-01-19,5.633611,5.633611,5.612899,5.612899,0.205383,105900
1971-01-20,5.612899,5.675035,5.612899,5.612899,0.205383,157200
1971-01-21,5.612899,5.612899,5.509340,5.509340,0.201594,286300
1971-01-22,5.509340,5.550764,5.509340,5.509340,0.201594,154200
1971-01-25,5.550764,5.675035,5.550764,5.675035,0.207657,147500
1971-01-26,5.654323,5.654323,5.488628,5.488628,0.200836,245400
1971-01-27,5.488628,5.571476,5.385069,5.426493,0.198562,367100
1971-01-28,5.426493,5.509340,5.426493,5.467916,0.200078,198100
1971-01-29,5.467916,5.488628,5.447205,5.467916,0.200078,172300
1971-02-01,5.467916,5.550764,5.447205,5.509340,0.205327,181000
1971-02-02,5.509340,5.633611,5.509340,5.509340,0.205327,369100
1971-02-03,5.509340,5.509340,5.426493,5.426493,0.202239,151200
1971-02-04,5.426493,5.426493,5.343646,5.343646,0.199152,129000
1971-02-05,5.343646,5.467916,5.343646,5.447205,0.203011,160900
1971-02-08,5.447205,5.550764,5.447205,5.509340,0.205327,187400
1971-02-09,5.509340,5.571476,5.509340,5.509340,0.205327,275600
1971-02-10,5.509340,5.550764,5.509340,5.509340,0.205327,187400
1971-02-11,5.509340,5.612899,5.467916,5.530052,0.206099,189700
1971-02-12,5.530052,5.612899,5.530052,5.550764,0.206871,124000
1971-02-16,5.550764,5.675035,5.550764,5.612899,0.209187,241700
1971-02-17,5.592187,5.592187,5.488628,5.509340,0.205327,125700
1971-02-18,5.509340,5.509340,5.405781,5.405781,0.201468,140100
1971-02-19,5.405781,5.405781,5.302222,5.322934,0.198380,139100
1971-02-22,5.322934,5.343646,5.198663,5.281510,0.196836,155900
1971-02-23,5.281510,5.302222,5.177951,5.240087,0.195292,150800
1971-02-24,5.240087,5.281510,5.198663,5.260798,0.196064,104900
1971-02-25,5.240087,5.240087,5.136528,5.157239,0.192205,193100
1971-02-26,5.157239,5.219375,5.136528,5.219375,0.194520,133100
1971-03-01,5.219375,5.260798,5.157239,5.177951,0.192976,127000
1971-03-02,5.177951,5.219375,5.157239,5.177951,0.192976,102500
1971-03-03,5.177951,5.219375,5.157239,5.157239,0.192205,133700
1971-03-04,5.157239,5.198663,5.136528,5.157239,0.192205,142100
1971-03-05,5.177951,5.260798,5.177951,5.260798,0.196064,127700
1971-03-08,5.260798,5.302222,5.198663,5.260798,0.196064,206200
1971-03-09,5.260798,5.302222,5.219375,5.240087,0.195292,127000
1971-03-10,5.240087,5.260798,5.219375,5.219375,0.194520,116000
1971-03-11,5.219375,5.343646,5.219375,5.302222,0.197608,228300
1971-03-12,5.302222,5.302222,5.240087,5.260798,0.196064,121000
1971-03-15,5.343646,5.467916,5.343646,5.447205,0.203011,276200
1971-03-16,5.447205,5.509340,5.426493,5.467916,0.203783,284900
1971-03-17,5.467916,5.509340,5.405781,5.509340,0.205327,169900
1971-03-18,5.509340,5.633611,5.467916,5.612899,0.209187,178300
1971-03-19,5.612899,5.675035,5.592187,5.592187,0.208415,265500
1971-03-22,5.592187,5.633611,5.550764,5.612899,0.209187,158200
1971-03-23,5.612899,5.612899,5.550764,5.612899,0.209187,83100
1971-03-24,5.612899,5.612899,5.509340,5.509340,0.205327,110900
1971-03-25,5.509340,5.530052,5.405781,5.530052,0.206099,124000
1971-03-26,5.509340,5.509340,5.405781,5.447205,0.203011,95500
1971-03-29,5.447205,5.488628,5.405781,5.467916,0.203783,96500
1971-03-30,5.467916,5.467916,5.405781,5.426493,0.202239,101200
1971-03-31,5.426493,5.467916,5.405781,5.467916,0.203783,298400
1971-04-01,5.467916,5.509340,5.405781,5.405781,0.201468,153500
1971-04-02,5.405781,5.447205,5.385069,5.385069,0.200696,102900
1971-04-05,5.385069,5.447205,5.385069,5.405781,0.201468,127000
1971-04-06,5.405781,5.426493,5.385069,5.385069,0.200696,128000
1971-04-07,5.405781,5.530052,5.405781,5.488628,0.204555,161600
1971-04-08,5.488628,5.530052,5.426493,5.530052,0.206099,153200
1971-04-12,5.530052,5.633611,5.488628,5.488628,0.204555,241400
1971-04-13,5.509340,5.592187,5.509340,5.509340,0.205327,119600
1971-04-14,5.509340,5.550764,5.488628,5.509340,0.205327,117300
1971-04-15,5.509340,5.612899,5.488628,5.612899,0.209187,230600
1971-04-16,5.612899,5.820017,5.612899,5.820017,0.216906,560200
1971-04-19,5.840729,5.923576,5.840729,5.902864,0.219993,394900
1971-04-20,5.902864,5.902864,5.757882,5.778594,0.215362,191700
1971-04-21,5.757882,5.757882,5.633611,5.695746,0.212274,241400
1971-04-22,5.695746,5.716458,5.633611,5.675035,0.211502,121700
1971-04-23,5.675035,5.695746,5.550764,5.592187,0.208415,107600
1971-04-26,5.592187,5.695746,5.550764,5.633611,0.209958,120700
1971-04-27,5.633611,5.820017,5.633611,5.820017,0.216906,201800
1971-04-28,5.840729,5.944288,5.840729,5.840729,0.217678,274900
1971-04-29,5.840729,5.861441,5.737170,5.757882,0.214590,135400
1971-04-30,5.757882,5.820017,5.675035,5.757882,0.214590,113300
1971-05-03,5.737170,5.737170,5.571476,5.592187,0.208415,135400
1971-05-04,5.592187,5.633611,5.530052,5.633611,0.209958,113600
1971-05-05,5.633611,5.654323,5.571476,5.654323,0.210730,121000
1971-05-06,5.654323,5.861441,5.654323,5.654323,0.210730,245400
1971-05-07,5.654323,5.757882,5.592187,5.654323,0.210730,147100
1971-05-10,5.654323,5.675035,5.550764,5.592187,0.208415,104900
1971-05-11,5.592187,5.675035,5.571476,5.633611,0.209958,103900
1971-05-12,5.633611,5.716458,5.633611,5.675035,0.211502,110900
1971-05-13,5.675035,5.778594,5.654323,5.695746,0.212274,218600
1971-05-14,5.695746,5.695746,5.592187,5.612899,0.209187,84800
1971-05-17,5.592187,5.592187,5.488628,5.530052,0.206099,103600
1971-05-18,5.530052,5.612899,5.467916,5.509340,0.205327,96800
1971-05-19,5.509340,5.633611,5.488628,5.571476,0.207643,92800
1971-05-20,5.571476,5.612899,5.530052,5.530052,0.206099,74700
1971-05-21,5.530052,5.612899,5.530052,5.550764,0.206871,80800
1971-05-24,5.550764,5.592187,5.509340,5.509340,0.205327,85800
1971-05-25,5.509340,5.530052,5.467916,5.530052,0.206099,103600
1971-05-26,5.530052,5.530052,5.488628,5.488628,0.204555,64300
1971-05-27,5.488628,5.530052,5.467916,5.509340,0.205327,71000
1971-05-28,5.509340,5.530052,5.467916,5.488628,0.204555,51600
1971-06-01,5.488628,5.550764,5.467916,5.488628,0.204555,78400
1971-06-02,5.488628,5.488628,5.385069,5.447205,0.203011,122000
1971-06-03,5.447205,5.488628,5.405781,5.405781,0.201468,148100
1971-06-04,5.405781,5.447205,5.385069,5.385069,0.200696,86800
1971-06-07,5.385069,5.426493,5.302222,5.322934,0.198380,112600
1971-06-08,5.322934,5.364357,5.302222,5.302222,0.197608,177300
1971-06-09,5.302222,5.343646,5.260798,5.281510,0.196836,86800
1971-06-10,5.281510,5.322934,5.281510,5.302222,0.197608,82400
1971-06-11,5.302222,5.302222,5.260798,5.260798,0.196064,93800
1971-06-14,5.260798,5.260798,5.219375,5.219375,0.194520,131700
1971-06-15,5.219375,5.260798,5.177951,5.177951,0.192976,111900
1971-06-16,5.177951,5.260798,5.157239,5.198663,0.193749,103600
1971-06-17,5.198663,5.240087,5.177951,5.177951,0.192976,50600
1971-06-18,5.177951,5.198663,5.136528,5.136528,0.191433,150800
1971-06-21,5.136528,5.198663,5.136528,5.177951,0.192976,147100
1971-06-22,5.177951,5.198663,5.136528,5.198663,0.193749,95500
1971-06-23,5.198663,5.198663,5.157239,5.198663,0.193749,145800
1971-06-24,5.198663,5.198663,5.115816,5.115816,0.190661,150800
1971-06-25,5.115816,5.198663,5.074392,5.177951,0.192976,68700
1971-06-28,5.177951,5.240087,5.136528,5.198663,0.193749,105200
1971-06-29,5.240087,5.385069,5.240087,5.385069,0.200696,121000
1971-06-30,5.385069,5.509340,5.385069,5.467916,0.203783,103900
1971-07-01,5.467916,5.509340,5.385069,5.426493,0.202239,84400
1971-07-02,5.405781,5.405781,5.302222,5.302222,0.197608,78700
1971-07-06,5.302222,5.343646,5.240087,5.260798,0.196064,99200
1971-07-07,5.260798,5.260798,5.157239,5.198663,0.193749,136700
1971-07-08,5.198663,5.198663,5.136528,5.177951,0.192976,77400
1971-07-09,5.177951,5.219375,5.157239,5.177951,0.192976,113600
1971-07-12,5.177951,5.198663,5.157239,5.177951,0.192976,114600
1971-07-13,5.177951,5.177951,5.095104,5.095104,0.189889,133700
1971-07-14,5.095104,5.136528,5.074392,5.136528,0.191433,63000
1971-07-15,5.136528,5.136528,5.095104,5.095104,0.189889,112600
1971-07-16,5.095104,5.136528,5.095104,5.095104,0.189889,110900
1971-07-19,5.095104,5.177951,5.074392,5.095104,0.189889,97900
1971-07-20,5.115816,5.219375,5.115816,5.198663,0.193749,100500
1971-07-21,5.198663,5.260798,5.157239,5.177951,0.192976,109900
1971-07-22,5.177951,5.260798,5.157239,5.198663,0.193749,93200
1971-07-23,5.198663,5.219375,5.177951,5.177951,0.192976,78400
1971-07-26,5.177951,5.219375,5.136528,5.136528,0.191433,117000
1971-07-27,5.136528,5.177951,5.115816,5.157239,0.192205,114600
1971-07-28,4.991545,4.991545,4.867274,4.929410,0.183714,1874200
1971-07-29,4.846562,4.846562,4.701580,4.722291,0.175995,496200
1971-07-30,4.701580,4.701580,4.618732,4.660156,0.173679,662500
1971-08-02,4.784427,4.950121,4.784427,4.825850,0.182449,650700
1971-08-03,4.825850,4.825850,4.639444,4.680868,0.176968,475700
1971-08-04,4.680868,4.763715,4.660156,4.722291,0.178534,224300
1971-08-05,4.722291,4.763715,4.660156,4.660156,0.176185,91800
1971-08-06,4.660156,4.680868,4.639444,4.680868,0.176968,290600
1971-08-09,4.680868,4.680868,4.556597,4.598021,0.173836,176000
1971-08-10,4.598021,4.618732,4.556597,4.556597,0.172270,81800
1971-08-11,4.556597,4.598021,4.556597,4.598021,0.173836,102900
1971-08-12,4.598021,4.639444,4.577309,4.598021,0.173836,121700
1971-08-13,4.598021,4.618732,4.577309,4.577309,0.173053,85800
1971-08-16,5.074392,5.302222,5.074392,5.136528,0.194195,1649900
1971-08-17,5.136528,5.136528,4.991545,5.136528,0.194195,738900
1971-08-18,5.136528,5.136528,4.991545,5.032969,0.190280,349000
1971-08-19,5.032969,5.115816,5.012257,5.032969,0.190280,197100
1971-08-20,5.032969,5.074392,4.991545,5.032969,0.190280,127700
1971-08-23,5.095104,5.219375,5.095104,5.198663,0.196544,256100
1971-08-24,5.281510,5.467916,5.281510,5.467916,0.206723,673200
1971-08-25,5.592187,5.716458,5.592187,5.633611,0.212988,604800
1971-08-26,5.633611,5.654323,5.509340,5.550764,0.209856,330500
1971-08-27,5.550764,5.633611,5.488628,5.633611,0.212988,218200
1971-08-30,5.550764,5.550764,5.385069,5.426493,0.205157,124000
1971-08-31,5.426493,5.447205,5.302222,5.343646,0.202025,137800
1971-09-01,5.343646,5.364357,5.302222,5.322934,0.201242,93200
1971-09-02,5.322934,5.385069,5.322934,5.385069,0.203591,108600
1971-09-03,5.385069,5.530052,5.385069,5.488628,0.207507,125700
1971-09-07,5.488628,5.530052,5.364357,5.364357,0.202808,128000
1971-09-08,5.364357,5.426493,5.322934,5.322934,0.201242,129400
1971-09-09,5.322934,5.343646,5.240087,5.240087,0.198110,89100
1971-09-10,5.240087,5.240087,5.157239,5.240087,0.198110,120700
1971-09-13,5.240087,5.260798,5.157239,5.177951,0.195761,118000
1971-09-14,5.136528,5.136528,4.970833,4.970833,0.187931,144800
1971-09-15,4.970833,5.012257,4.867274,5.012257,0.189496,171600
1971-09-16,5.012257,5.012257,4.950121,4.991545,0.188713,95200
1971-09-17,4.991545,5.053680,4.970833,5.032969,0.190280,56600
1971-09-20,5.032969,5.032969,4.970833,4.970833,0.187931,56900
1971-09-21,4.970833,4.991545,4.887986,4.950121,0.187147,66300
1971-09-22,4.950121,4.970833,4.887986,4.908698,0.185581,126700
1971-09-23,4.908698,4.929410,4.846562,4.887986,0.184798,126700
1971-09-24,4.887986,4.970833,4.887986,4.908698,0.185581,99200
1971-09-27,4.908698,4.908698,4.805139,4.846562,0.183232,97900
1971-09-28,4.846562,4.950121,4.825850,4.887986,0.184798,104900
1971-09-29,4.887986,4.908698,4.846562,4.846562,0.183232,69000
1971-09-30,4.846562,4.950121,4.846562,4.908698,0.185581,97500
1971-10-01,4.908698,4.950121,4.887986,4.908698,0.185581,77400
1971-10-04,4.929410,5.074392,4.929410,5.012257,0.189496,274200
1971-10-05,5.012257,5.053680,4.970833,5.012257,0.189496,107600
1971-10-06,5.012257,5.177951,4.970833,5.177951,0.195761,137400
1971-10-07,5.177951,5.240087,5.053680,5.136528,0.194195,228300
1971-10-08,5.115816,5.115816,4.991545,4.991545,0.188713,104900
1971-10-11,4.991545,4.991545,4.929410,4.970833,0.187931,81100
1971-10-12,4.970833,5.012257,4.929410,4.970833,0.187931,97900
1971-10-13,4.970833,4.970833,4.825850,4.867274,0.184015,99900
1971-10-14,4.867274,4.887986,4.805139,4.846562,0.183232,54600
1971-10-15,4.846562,4.867274,4.805139,4.867274,0.184015,77100
1971-10-18,4.867274,4.887986,4.784427,4.784427,0.180883,80800
1971-10-19,4.784427,4.805139,4.722291,4.784427,0.180883,82400
1971-10-20,4.784427,4.867274,4.722291,4.763715,0.180100,104900
1971-10-21,4.763715,4.784427,4.701580,4.743003,0.179317,120700
1971-10-22,4.743003,4.805139,4.701580,4.701580,0.177751,74700
1971-10-25,4.701580,4.722291,4.660156,4.722291,0.178534,77400
1971-10-26,4.722291,4.743003,4.639444,4.680868,0.176968,93800
1971-10-27,4.639444,4.639444,4.556597,4.556597,0.172270,349000
1971-10-28,4.556597,4.598021,4.535885,4.598021,0.173836,160200
1971-10-29,4.556597,4.556597,4.494462,4.494462,0.172406,147100
1971-11-01,4.494462,4.515173,4.432326,4.432326,0.170022,469400
1971-11-02,4.432326,4.453038,4.370191,4.432326,0.170022,217600
1971-11-03,4.453038,4.556597,4.453038,4.556597,0.174789,298400
1971-11-04,4.577309,4.701580,4.577309,4.577309,0.175584,224600
1971-11-05,4.556597,4.556597,4.453038,4.515173,0.173200,252100
1971-11-08,4.494462,4.494462,4.411614,4.432326,0.170022,102900
1971-11-09,4.432326,4.473750,4.390903,4.473750,0.171611,214500
1971-11-10,4.473750,4.494462,4.390903,4.453038,0.170817,175300
1971-11-11,4.453038,4.453038,4.349479,4.349479,0.166844,138800
1971-11-12,4.349479,4.411614,4.308055,4.411614,0.169228,157200
1971-11-15,4.411614,4.453038,4.328767,4.349479,0.166844,123300
1971-11-16,4.349479,4.390903,4.308055,4.328767,0.166050,133700
1971-11-17,4.328767,4.390903,4.308055,4.349479,0.166844,119300
1971-11-18,4.349479,4.349479,4.266632,4.308055,0.165255,539400
1971-11-19,4.308055,4.308055,4.225208,4.245920,0.162872,113600
1971-11-22,4.245920,4.287344,4.204496,4.225208,0.162077,127700
1971-11-23,4.225208,4.245920,4.142361,4.204496,0.161283,240000
1971-11-24,4.204496,4.287344,4.204496,4.245920,0.162872,148800
1971-11-26,4.245920,4.390903,4.225208,4.349479,0.166844,138800
1971-11-29,4.390903,4.515173,4.390903,4.515173,0.173200,230600
1971-11-30,4.515173,4.515173,4.411614,4.473750,0.171611,134100
1971-12-01,4.473750,4.577309,4.453038,4.556597,0.174789,161900
1971-12-02,4.556597,4.556597,4.453038,4.473750,0.171611,117300
1971-12-03,4.473750,4.556597,4.453038,4.556597,0.174789,129400
1971-12-06,4.598021,4.701580,4.598021,4.639444,0.177967,293700
1971-12-07,4.639444,4.680868,4.577309,4.660156,0.178761,159500
1971-12-08,4.722291,4.784427,4.722291,4.722291,0.181145,168900
1971-12-09,4.722291,4.722291,4.660156,4.680868,0.179556,113300
1971-12-10,4.680868,4.867274,4.660156,4.846562,0.185912,235700
1971-12-13,4.846562,4.950121,4.825850,4.908698,0.188296,174000
1971-12-14,4.908698,4.970833,4.846562,4.867274,0.186707,286000
1971-12-15,4.867274,5.136528,4.805139,5.115816,0.196241,423400
1971-12-16,5.115816,5.115816,5.053680,5.074392,0.194652,300700
1971-12-17,5.074392,5.177951,5.012257,5.136528,0.197035,765100
1971-12-20,5.157239,5.281510,5.157239,5.260798,0.201802,293700
1971-12-21,5.240087,5.240087,5.136528,5.157239,0.197830,141100
1971-12-22,5.157239,5.198663,5.095104,5.115816,0.196241,143800
1971-12-23,5.115816,5.157239,5.053680,5.157239,0.197830,203100
1971-12-27,5.157239,5.157239,5.095104,5.095104,0.195446,151200
1971-12-28,5.095104,5.177951,5.095104,5.136528,0.197035,236700
1971-12-29,5.136528,5.219375,5.136528,5.136528,0.197035,168900
1971-12-30,5.095104,5.095104,5.012257,5.032969,0.193063,181000
1971-12-31,5.032969,5.032969,4.970833,5.012257,0.192268,283900
1972-01-03,5.032969,5.136528,5.032969,5.053680,0.193857,199400
1972-01-04,5.053680,5.198663,5.053680,5.136528,0.197035,101200
1972-01-05,5.198663,5.322934,5.198663,5.322934,0.204185,187400
1972-01-06,5.260798,5.260798,5.136528,5.219375,0.200213,293700
1972-01-07,5.219375,5.219375,5.136528,5.177951,0.198624,124700
1972-01-10,5.177951,5.219375,5.136528,5.177951,0.198624,125700
1972-01-11,5.177951,5.177951,5.136528,5.157239,0.197830,76400
1972-01-12,5.177951,5.281510,5.177951,5.219375,0.200213,124700
1972-01-13,5.177951,5.177951,5.115816,5.157239,0.197830,83100
1972-01-14,5.157239,5.219375,5.157239,5.198663,0.199418,50900
1972-01-17,5.198663,5.219375,5.177951,5.177951,0.198624,127000
1972-01-18,5.177951,5.240087,5.177951,5.177951,0.198624,145100
1972-01-19,5.177951,5.198663,5.136528,5.177951,0.198624,79700
1972-01-20,5.177951,5.219375,5.157239,5.177951,0.198624,173000
1972-01-21,5.177951,5.240087,5.136528,5.219375,0.200213,128000
1972-01-24,5.219375,5.260798,5.198663,5.260798,0.201802,130000
1972-01-25,5.240087,5.240087,5.177951,5.177951,0.198624,105200
1972-01-26,5.177951,5.260798,5.157239,5.198663,0.199418,133700
1972-01-27,5.240087,5.385069,5.240087,5.385069,0.206569,266500
1972-01-28,5.385069,5.488628,5.364357,5.467916,0.209747,234300
1972-01-31,5.405781,5.405781,5.302222,5.322934,0.204185,95500
1972-02-01,5.322934,5.364357,5.302222,5.322934,0.204185,49600
1972-02-02,5.322934,5.447205,5.322934,5.364357,0.205774,94500
1972-02-03,5.364357,5.385069,5.343646,5.364357,0.205774,94500
1972-02-04,5.364357,5.550764,5.364357,5.509340,0.211336,429500
1972-02-07,5.509340,5.550764,5.488628,5.509340,0.211336,120700
1972-02-08,5.509340,5.509340,5.405781,5.447205,0.208952,85800
1972-02-09,5.467916,5.592187,5.467916,5.571476,0.213720,178300
1972-02-10,5.571476,5.654323,5.550764,5.592187,0.214514,272900
1972-02-11,5.509340,5.509340,5.467916,5.467916,0.209747,110900
1972-02-14,5.467916,5.488628,5.343646,5.405781,0.207363,135100
1972-02-15,5.405781,5.467916,5.364357,5.426493,0.208158,101500
1972-02-16,5.426493,5.447205,5.405781,5.447205,0.208952,124000
1972-02-17,5.447205,5.467916,5.343646,5.385069,0.206569,108600
1972-02-18,5.322934,5.322934,5.240087,5.302222,0.203391,107600
1972-02-22,5.302222,5.322934,5.260798,5.281510,0.202597,77400
1972-02-23,5.281510,5.302222,5.260798,5.281510,0.202597,79700
1972-02-24,5.281510,5.302222,5.240087,5.302222,0.203391,93200
1972-02-25,5.302222,5.385069,5.281510,5.385069,0.206569,162900
1972-02-28,5.385069,5.509340,5.385069,5.467916,0.209747,148800
1972-02-29,5.467916,5.488628,5.385069,5.467916,0.209747,89100
1972-03-01,5.467916,5.488628,5.322934,5.322934,0.204185,126700
1972-03-02,5.322934,5.322934,5.219375,5.302222,0.203391,113300
1972-03-03,5.302222,5.322934,5.219375,5.281510,0.202597,90800
1972-03-06,5.343646,5.447205,5.343646,5.385069,0.206569,129400
1972-03-07,5.385069,5.467916,5.364357,5.405781,0.207363,169300
1972-03-08,5.405781,5.467916,5.385069,5.467916,0.209747,91800
1972-03-09,5.467916,5.488628,5.447205,5.467916,0.209747,127000
1972-03-10,5.467916,5.509340,5.447205,5.467916,0.209747,97900
1972-03-13,5.467916,5.509340,5.426493,5.467916,0.209747,119300
1972-03-14,5.467916,5.550764,5.447205,5.550764,0.212925,173000
1972-03-15,5.550764,5.571476,5.467916,5.509340,0.211336,211500
1972-03-16,5.467916,5.467916,5.405781,5.467916,0.209747,75700
1972-03-17,5.467916,5.488628,5.426493,5.467916,0.209747,115000
1972-03-20,5.467916,5.550764,5.467916,5.467916,0.209747,132700
1972-03-21,5.447205,5.447205,5.322934,5.385069,0.206569,213900
1972-03-22,5.385069,5.426493,5.343646,5.405781,0.207363,87100
1972-03-23,5.447205,5.509340,5.447205,5.447205,0.208952,106600
1972-03-24,5.447205,5.488628,5.426493,5.467916,0.209747,84400
1972-03-27,5.467916,5.488628,5.405781,5.426493,0.208158,95500
1972-03-28,5.447205,5.530052,5.447205,5.467916,0.209747,121000
1972-03-29,5.467916,5.488628,5.405781,5.426493,0.208158,61600
1972-03-30,5.447205,5.550764,5.447205,5.550764,0.212925,396900
1972-04-03,5.550764,5.571476,5.488628,5.488628,0.210541,97500
1972-04-04,5.467916,5.467916,5.447205,5.467916,0.209747,70400
1972-04-05,5.467916,5.530052,5.467916,5.509340,0.211336,113600
1972-04-06,5.509340,5.675035,5.488628,5.592187,0.214514,473000
1972-04-07,5.592187,5.654323,5.509340,5.612899,0.215308,145100
1972-04-10,5.612899,5.654323,5.571476,5.592187,0.214514,108600
1972-04-11,5.592187,5.612899,5.530052,5.612899,0.215308,172300
1972-04-12,5.612899,5.633611,5.550764,5.571476,0.213720,175300
1972-04-13,5.571476,5.612899,5.488628,5.509340,0.211336,113300
1972-04-14,5.509340,5.530052,5.447205,5.467916,0.209747,270200
1972-04-17,5.426493,5.426493,5.385069,5.426493,0.208158,96800
1972-04-18,5.426493,5.426493,5.343646,5.405781,0.207363,117300
1972-04-19,5.405781,5.426493,5.343646,5.405781,0.207363,246100
1972-04-20,5.364357,5.364357,5.302222,5.364357,0.205774,111900
1972-04-21,5.364357,5.385069,5.302222,5.343646,0.204980,103900
1972-04-24,5.343646,5.343646,5.260798,5.260798,0.201802,114600
1972-04-25,5.260798,5.281510,5.219375,5.240087,0.201007,34100
1972-04-26,5.136528,5.136528,5.032969,5.074392,0.194652,334600
1972-04-27,5.074392,5.136528,5.032969,5.095104,0.195446,171300
1972-04-28,5.177951,5.281510,5.177951,5.260798,0.201802,152200
1972-05-01,5.260798,5.260798,5.115816,5.157239,0.200354,121000
1972-05-02,5.157239,5.260798,5.136528,5.198663,0.201963,157200
1972-05-03,5.198663,5.281510,5.157239,5.281510,0.205182,159500
1972-05-04,5.260798,5.260798,5.219375,5.240087,0.203572,49200
1972-05-05,5.240087,5.260798,5.240087,5.240087,0.203572,42500
1972-05-08,5.260798,5.302222,5.260798,5.302222,0.205986,11000
1972-05-09,5.302222,5.302222,5.157239,5.219375,0.202768,134100
1972-05-10,5.219375,5.260798,5.198663,5.219375,0.202768,59000
1972-05-11,5.219375,5.281510,5.177951,5.260798,0.204377,82400
1972-05-12,5.302222,5.364357,5.302222,5.343646,0.207595,96800
1972-05-15,5.343646,5.405781,5.343646,5.385069,0.209205,82400
1972-05-16,5.385069,5.447205,5.364357,5.385069,0.209205,75100
1972-05-17,5.385069,5.405781,5.322934,5.405781,0.210009,88500
1972-05-18,5.405781,5.405781,5.302222,5.364357,0.208400,82400
1972-05-19,5.364357,5.385069,5.343646,5.385069,0.209205,67700
1972-05-22,5.385069,5.405781,5.260798,5.281510,0.205182,73700
1972-05-23,5.281510,5.281510,5.177951,5.198663,0.201963,89500
1972-05-24,5.177951,5.177951,5.074392,5.115816,0.198745,783200
1972-05-25,5.095104,5.095104,4.970833,5.012257,0.194721,269500
1972-05-26,5.012257,5.115816,5.012257,5.095104,0.197940,85800
1972-05-30,5.095104,5.136528,5.053680,5.053680,0.196330,67700
1972-05-31,5.053680,5.053680,4.991545,4.991545,0.193917,61600
1972-06-01,4.991545,5.053680,4.991545,4.991545,0.193917,55600
1972-06-02,5.012257,5.095104,5.012257,5.012257,0.194721,83400
1972-06-05,5.012257,5.095104,5.012257,5.032969,0.195526,99900
1972-06-06,5.032969,5.053680,4.991545,5.032969,0.195526,68700
1972-06-07,5.032969,5.053680,4.991545,5.012257,0.194721,52300
1972-06-08,5.012257,5.032969,4.970833,4.970833,0.193112,66300
1972-06-09,4.970833,4.991545,4.929410,4.970833,0.193112,157900
1972-06-12,4.970833,5.012257,4.950121,4.950121,0.192307,103900
1972-06-13,4.950121,5.012257,4.950121,5.012257,0.194721,82400
1972-06-14,5.012257,5.032969,4.950121,4.950121,0.192307,88500
1972-06-15,4.950121,5.032969,4.950121,5.032969,0.195526,87800
1972-06-16,5.032969,5.032969,4.970833,5.012257,0.194721,53300
1972-06-19,5.012257,5.053680,5.012257,5.032969,0.195526,85400
1972-06-20,5.032969,5.115816,4.991545,5.115816,0.198745,149800
1972-06-21,5.115816,5.115816,5.074392,5.095104,0.197940,99200
1972-06-22,5.095104,5.095104,5.053680,5.074392,0.197135,67300
1972-06-23,5.074392,5.095104,5.053680,5.095104,0.197940,59000
1972-06-26,5.074392,5.074392,4.970833,4.991545,0.193917,153200
1972-06-27,4.991545,5.012257,4.950121,4.970833,0.193112,74700
1972-06-28,4.970833,4.991545,4.950121,4.950121,0.192307,74700
1972-06-29,4.950121,4.950121,4.887986,4.908698,0.190698,78700
1972-06-30,4.908698,4.970833,4.887986,4.929410,0.191503,63000
1972-07-03,4.929410,4.950121,4.887986,4.908698,0.190698,36200
1972-07-05,4.908698,4.970833,4.867274,4.887986,0.189893,56900
1972-07-06,4.887986,5.012257,4.867274,4.887986,0.189893,125300
1972-07-07,4.887986,4.887986,4.825850,4.825850,0.187480,75100
1972-07-10,4.825850,4.887986,4.825850,4.825850,0.187480,56600
1972-07-11,4.825850,4.887986,4.825850,4.825850,0.187480,85800
1972-07-12,4.825850,4.867274,4.763715,4.763715,0.185066,85400
1972-07-13,4.763715,4.805139,4.701580,4.743003,0.184261,60600
1972-07-14,4.743003,4.887986,4.743003,4.887986,0.189893,63700
1972-07-17,4.887986,4.950121,4.805139,4.805139,0.186675,79400
1972-07-18,4.805139,4.867274,4.743003,4.846562,0.188284,121700
1972-07-19,4.846562,4.887986,4.805139,4.825850,0.187480,78400
1972-07-20,4.825850,4.867274,4.743003,4.743003,0.184261,78400
1972-07-21,4.743003,4.825850,4.743003,4.825850,0.187480,84800
1972-07-24,4.846562,4.867274,4.846562,4.846562,0.188284,63700
1972-07-25,4.846562,4.887986,4.805139,4.805139,0.186675,79400
1972-07-26,4.743003,4.743003,4.598021,4.660156,0.181042,224300
1972-07-27,4.660156,4.660156,4.618732,4.660156,0.181042,118000
1972-07-28,4.660156,4.763715,4.639444,4.722291,0.183456,78700
1972-07-31,4.722291,4.722291,4.639444,4.639444,0.182804,133100
1972-08-01,4.639444,4.784427,4.639444,4.784427,0.188516,110900
1972-08-02,4.784427,4.825850,4.722291,4.763715,0.187700,69000
1972-08-03,4.763715,4.805139,4.722291,4.763715,0.187700,124700
1972-08-04,4.763715,4.763715,4.660156,4.660156,0.183620,96800
1972-08-07,4.701580,4.763715,4.701580,4.763715,0.187700,85400
1972-08-08,4.722291,4.722291,4.639444,4.722291,0.186068,98900
1972-08-09,4.722291,4.722291,4.660156,4.680868,0.184436,64300
1972-08-10,4.639444,4.639444,4.577309,4.639444,0.182804,179000
1972-08-11,4.639444,4.639444,4.598021,4.639444,0.182804,149500
1972-08-14,4.743003,4.825850,4.743003,4.825850,0.190148,515600
1972-08-15,4.825850,4.929410,4.805139,4.908698,0.193413,363400
1972-08-16,4.908698,4.908698,4.825850,4.867274,0.191781,193100
1972-08-17,4.867274,4.887986,4.825850,4.867274,0.191781,90500
1972-08-18,4.867274,4.887986,4.846562,4.887986,0.192597,90800
1972-08-21,4.908698,4.970833,4.908698,4.950121,0.195045,136100
1972-08-22,4.950121,5.157239,4.929410,5.136528,0.202390,246100
1972-08-23,5.136528,5.177951,5.032969,5.136528,0.202390,153200
1972-08-24,5.136528,5.136528,5.053680,5.095104,0.200758,125300
1972-08-25,5.095104,5.095104,5.012257,5.074392,0.199942,62600
1972-08-28,5.032969,5.032969,4.867274,4.867274,0.191781,124000
1972-08-29,4.867274,4.929410,4.825850,4.887986,0.192597,93800
1972-08-30,4.887986,4.887986,4.825850,4.887986,0.192597,92800
1972-08-31,4.887986,4.887986,4.825850,4.887986,0.192597,59000
1972-09-01,4.908698,5.012257,4.908698,4.929410,0.194229,106600
1972-09-05,4.929410,5.032969,4.929410,4.950121,0.195045,95200
1972-09-06,4.950121,4.970833,4.887986,4.929410,0.194229,64300
1972-09-07,4.929410,5.012257,4.929410,4.970833,0.195861,117300
1972-09-08,4.991545,5.074392,4.991545,5.053680,0.199125,80800
1972-09-11,5.053680,5.053680,4.908698,4.908698,0.193413,85800
1972-09-12,4.908698,4.970833,4.908698,4.929410,0.194229,61600
1972-09-13,4.929410,4.970833,4.908698,4.929410,0.194229,44900
1972-09-14,4.929410,4.970833,4.887986,4.970833,0.195861,83100
1972-09-15,4.929410,4.929410,4.887986,4.908698,0.193413,46200
1972-09-18,4.908698,4.929410,4.887986,4.908698,0.193413,50900
1972-09-19,4.908698,4.950121,4.867274,4.908698,0.193413,109600
1972-09-20,4.908698,4.908698,4.805139,4.825850,0.190148,103600
1972-09-21,4.825850,4.825850,4.743003,4.743003,0.186884,196400
1972-09-22,4.743003,4.805139,4.743003,4.805139,0.189332,63000
1972-09-25,4.763715,4.763715,4.722291,4.722291,0.186068,101500
1972-09-26,4.722291,4.805139,4.701580,4.763715,0.187700,71400
1972-09-27,4.763715,4.825850,4.763715,4.825850,0.190148,84800
1972-09-28,4.825850,4.867274,4.784427,4.846562,0.190965,112600
1972-09-29,4.846562,4.867274,4.784427,4.825850,0.190148,97900
1972-10-02,4.825850,4.846562,4.784427,4.825850,0.190148,141100
1972-10-03,4.825850,4.825850,4.784427,4.805139,0.189332,71000
1972-10-04,4.805139,4.887986,4.805139,4.846562,0.190965,85400
1972-10-05,4.846562,4.867274,4.784427,4.784427,0.188516,109600
1972-10-06,4.784427,4.887986,4.784427,4.867274,0.191781,71000
1972-10-09,4.867274,4.867274,4.825850,4.867274,0.191781,38800
1972-10-10,4.867274,4.887986,4.805139,4.805139,0.189332,93200
1972-10-11,4.805139,4.846562,4.639444,4.680868,0.184436,427100
1972-10-12,4.660156,4.660156,4.556597,4.598021,0.181171,165600
1972-10-13,4.598021,4.618732,4.556597,4.618732,0.181988,82400
1972-10-16,4.618732,4.618732,4.556597,4.577309,0.180355,102500
1972-10-17,4.577309,4.598021,4.535885,4.556597,0.179539,183700
1972-10-18,4.556597,4.618732,4.556597,4.598021,0.181171,219600
1972-10-19,4.598021,4.639444,4.577309,4.598021,0.181171,119600
1972-10-20,4.598021,4.660156,4.598021,4.639444,0.182804,121000
1972-10-23,4.680868,4.763715,4.680868,4.722291,0.186068,136100
1972-10-24,4.722291,4.722291,4.639444,4.680868,0.184436,85400
1972-10-25,4.680868,4.680868,4.598021,4.639444,0.182804,103600
1972-10-26,4.639444,4.639444,4.598021,4.639444,0.182804,133100
1972-10-27,4.639444,4.701580,4.598021,4.618732,0.181988,91500
1972-10-30,4.618732,4.639444,4.577309,4.598021,0.181171,118600
1972-10-31,4.598021,4.639444,4.577309,4.639444,0.182804,84400
1972-11-01,4.639444,4.763715,4.639444,4.722291,0.186068,209200
1972-11-02,4.722291,4.784427,4.680868,4.784427,0.188516,193100
1972-11-03,4.784427,4.784427,4.701580,4.763715,0.190337,123300
1972-11-06,4.784427,4.867274,4.784427,4.867274,0.194475,205500
1972-11-08,4.929410,5.074392,4.929410,5.012257,0.200268,513300
1972-11-09,5.012257,5.157239,4.950121,5.157239,0.206060,370800
1972-11-10,5.198663,5.322934,5.198663,5.302222,0.211853,411300
1972-11-13,5.281510,5.281510,5.177951,5.198663,0.207715,158200
1972-11-14,5.198663,5.219375,5.136528,5.177951,0.206888,134100
1972-11-15,5.177951,5.198663,4.991545,4.991545,0.199440,167900
1972-11-16,4.991545,5.136528,4.970833,5.115816,0.204405,115000
1972-11-17,5.115816,5.177951,5.074392,5.157239,0.206060,160900
1972-11-20,5.157239,5.219375,5.136528,5.198663,0.207715,166300
1972-11-21,5.198663,5.260798,5.157239,5.219375,0.208543,207800
1972-11-22,5.240087,5.385069,5.240087,5.364357,0.214336,417400
1972-11-24,5.364357,5.509340,5.302222,5.509340,0.220129,460000
1972-11-27,5.509340,5.509340,5.447205,5.488628,0.219301,378800
1972-11-28,5.592187,5.716458,5.592187,5.716458,0.228404,989700
1972-11-29,5.716458,5.757882,5.695746,5.757882,0.230059,396900
1972-11-30,5.757882,5.757882,5.571476,5.571476,0.222611,329200
1972-12-01,5.571476,5.633611,5.571476,5.633611,0.225094,145800
1972-12-04,5.633611,5.675035,5.571476,5.612899,0.224266,343000
1972-12-05,5.612899,5.654323,5.571476,5.654323,0.225922,216200
1972-12-06,5.654323,5.654323,5.592187,5.612899,0.224266,135100
1972-12-07,5.612899,5.633611,5.592187,5.592187,0.223439,158200
1972-12-08,5.592187,5.612899,5.571476,5.571476,0.222611,133100
1972-12-11,5.592187,5.612899,5.592187,5.612899,0.224266,130000
1972-12-12,5.612899,5.612899,5.550764,5.571476,0.222611,197100
1972-12-13,5.571476,5.592187,5.509340,5.509340,0.220129,105200
1972-12-14,5.488628,5.488628,5.385069,5.385069,0.215163,163200
1972-12-15,5.385069,5.405781,5.322934,5.385069,0.215163,170300
1972-12-18,5.322934,5.322934,5.260798,5.302222,0.211853,181000
1972-12-19,5.302222,5.302222,5.240087,5.281510,0.211026,108900
1972-12-20,5.281510,5.281510,5.157239,5.157239,0.206060,175000
1972-12-21,5.157239,5.198663,5.136528,5.136528,0.205233,132700
1972-12-22,5.136528,5.177951,5.095104,5.157239,0.206060,105900
1972-12-26,5.157239,5.177951,5.095104,5.115816,0.204405,109600
1972-12-27,5.115816,5.157239,5.053680,5.095104,0.203578,262800
1972-12-29,5.095104,5.136528,5.053680,5.053680,0.201923,415400
1973-01-02,5.136528,5.219375,5.136528,5.157239,0.206060,141400
1973-01-03,5.177951,5.240087,5.177951,5.240087,0.209371,73400
1973-01-04,5.240087,5.260798,5.177951,5.260798,0.210198,183400
1973-01-05,5.260798,5.364357,5.240087,5.302222,0.211853,139100
1973-01-08,5.302222,5.322934,5.281510,5.322934,0.212681,66300
1973-01-09,5.322934,5.467916,5.302222,5.467916,0.218474,141400
1973-01-10,5.467916,5.612899,5.467916,5.571476,0.222611,394600
1973-01-11,5.571476,5.633611,5.550764,5.592187,0.223439,419100
1973-01-12,5.592187,5.592187,5.405781,5.447205,0.217646,223600
1973-01-15,5.447205,5.530052,5.385069,5.385069,0.215163,244700
1973-01-16,5.364357,5.364357,5.302222,5.343646,0.213508,90800
1973-01-17,5.343646,5.364357,5.322934,5.364357,0.214336,102500
1973-01-18,5.364357,5.364357,5.322934,5.364357,0.214336,96800
1973-01-19,5.343646,5.343646,5.240087,5.343646,0.213508,193400
1973-01-22,5.343646,5.343646,5.260798,5.260798,0.210198,87100
1973-01-23,5.260798,5.281510,5.198663,5.281510,0.211026,143500
1973-01-24,5.281510,5.281510,5.157239,5.177951,0.206888,113600
1973-01-26,5.177951,5.198663,5.095104,5.198663,0.207715,251400
1973-01-29,5.198663,5.240087,5.074392,5.095104,0.203578,102900
1973-01-30,5.095104,5.115816,5.032969,5.095104,0.203578,131400
1973-01-31,5.115816,5.240087,5.115816,5.240087,0.209371,107200
1973-02-01,5.240087,5.260798,5.032969,5.032969,0.201095,130700
1973-02-02,5.032969,5.095104,5.032969,5.074392,0.202750,83400
1973-02-05,5.074392,5.074392,4.991545,5.053680,0.204595,87800
1973-02-06,5.012257,5.012257,4.950121,4.950121,0.200402,167600
1973-02-07,4.950121,5.012257,4.908698,4.929410,0.199564,236300
1973-02-08,4.929410,4.929410,4.846562,4.929410,0.199564,161900
1973-02-09,4.929410,4.929410,4.805139,4.867274,0.197049,614200
1973-02-12,4.867274,4.887986,4.825850,4.867274,0.197049,134100
1973-02-13,4.970833,5.032969,4.970833,5.032969,0.203757,440500
1973-02-14,5.032969,5.115816,5.012257,5.115816,0.207111,179700
1973-02-15,5.074392,5.074392,4.970833,4.991545,0.202079,346600
1973-02-16,4.991545,5.012257,4.929410,4.970833,0.201241,123000
1973-02-20,4.991545,5.136528,4.991545,5.136528,0.207949,166900
1973-02-21,5.136528,5.219375,5.115816,5.115816,0.207111,198100
1973-02-22,5.115816,5.136528,5.012257,5.095104,0.206272,170300
1973-02-23,5.095104,5.136528,5.012257,5.012257,0.202918,458600
1973-02-26,5.012257,5.032969,4.887986,5.012257,0.202918,93800
1973-02-27,5.012257,5.032969,4.950121,4.970833,0.201241,207500
1973-02-28,4.970833,5.053680,4.929410,5.012257,0.202918,182000
1973-03-01,5.012257,5.053680,4.929410,4.929410,0.199564,150800
1973-03-02,4.929410,5.012257,4.867274,5.012257,0.202918,96800
1973-03-05,5.012257,5.053680,4.991545,5.053680,0.204595,102500
1973-03-06,5.053680,5.157239,5.032969,5.095104,0.206272,160200
1973-03-07,5.177951,5.281510,5.177951,5.260798,0.212980,203800
1973-03-08,5.260798,5.302222,5.260798,5.281510,0.213819,127000
1973-03-09,5.260798,5.260798,5.198663,5.240087,0.212142,147500
1973-03-12,5.240087,5.281510,5.240087,5.240087,0.212142,76400
1973-03-13,5.240087,5.281510,5.198663,5.240087,0.212142,153500
1973-03-14,5.240087,5.260798,5.198663,5.240087,0.212142,93800
1973-03-15,5.240087,5.240087,5.177951,5.219375,0.211303,45500
1973-03-16,5.219375,5.219375,5.157239,5.177951,0.209626,65000
1973-03-19,5.177951,5.198663,5.157239,5.177951,0.209626,155500
1973-03-20,5.177951,5.281510,5.157239,5.260798,0.212980,102900
1973-03-21,5.260798,5.322934,5.177951,5.177951,0.209626,272900
1973-03-22,5.177951,5.281510,5.157239,5.281510,0.213819,109900
1973-03-23,5.281510,5.281510,5.177951,5.260798,0.212980,182300
1973-03-26,5.260798,5.260798,5.198663,5.240087,0.212142,92800
1973-03-27,5.240087,5.364357,5.198663,5.343646,0.216334,122000
1973-03-28,5.343646,5.467916,5.240087,5.447205,0.220527,215200
1973-03-29,5.447205,5.550764,5.447205,5.530052,0.223881,287600
1973-03-30,5.530052,5.571476,5.488628,5.488628,0.222204,142800
1973-04-02,5.467916,5.467916,5.322934,5.322934,0.215496,93200
1973-04-03,5.322934,5.322934,5.219375,5.260798,0.212980,115000
1973-04-04,5.260798,5.281510,5.198663,5.219375,0.211303,89500
1973-04-05,5.219375,5.302222,5.219375,5.302222,0.214657,186000
1973-04-06,5.302222,5.385069,5.302222,5.364357,0.217172,95200
1973-04-09,5.364357,5.633611,5.322934,5.633611,0.228073,212200
1973-04-10,5.633611,5.675035,5.592187,5.633611,0.228073,375500
1973-04-11,5.633611,5.633611,5.550764,5.633611,0.228073,173000
1973-04-12,5.633611,5.675035,5.571476,5.571476,0.225558,331900
1973-04-13,5.571476,5.592187,5.509340,5.571476,0.225558,133100
1973-04-16,5.571476,5.612899,5.550764,5.612899,0.227235,121000
1973-04-17,5.612899,5.654323,5.612899,5.612899,0.227235,221900
1973-04-18,5.612899,5.654323,5.571476,5.633611,0.228073,133700
1973-04-19,5.633611,5.716458,5.633611,5.695746,0.230589,274200
1973-04-23,5.695746,5.757882,5.675035,5.675035,0.229750,192100
1973-04-24,5.675035,5.757882,5.633611,5.633611,0.228073,202500
1973-04-25,5.633611,5.654323,5.530052,5.592187,0.226396,225600
1973-04-26,5.592187,5.633611,5.550764,5.633611,0.228073,143800
1973-04-27,5.633611,5.633611,5.385069,5.447205,0.220527,109600
1973-04-30,5.447205,5.467916,5.219375,5.426493,0.222394,191100
1973-05-01,5.426493,5.447205,5.157239,5.385069,0.220696,160200
1973-05-02,5.385069,5.530052,5.385069,5.447205,0.223243,100500
1973-05-03,5.447205,5.571476,5.343646,5.571476,0.228336,178300
1973-05-04,5.633611,5.737170,5.633611,5.695746,0.233429,215200
1973-05-07,5.695746,5.716458,5.612899,5.633611,0.230882,157900
1973-05-08,5.633611,5.737170,5.612899,5.737170,0.235127,246100
1973-05-09,5.737170,5.799305,5.737170,5.737170,0.235127,292300
1973-05-10,5.737170,5.737170,5.592187,5.654323,0.231731,141100
1973-05-11,5.633611,5.633611,5.426493,5.426493,0.222394,113600
1973-05-14,5.343646,5.343646,5.198663,5.198663,0.213057,176000
1973-05-15,5.198663,5.240087,4.970833,5.177951,0.212208,352700
1973-05-16,5.177951,5.281510,5.074392,5.177951,0.212208,232000
1973-05-17,5.177951,5.177951,5.074392,5.074392,0.207964,75700
1973-05-18,5.074392,5.095104,4.929410,4.970833,0.203720,300400
1973-05-21,4.970833,4.991545,4.867274,4.991545,0.204569,229300
1973-05-22,5.032969,5.240087,5.032969,5.219375,0.213906,190400
1973-05-23,5.219375,5.385069,5.136528,5.260798,0.215603,185700
1973-05-24,5.260798,5.385069,5.198663,5.364357,0.219847,122000
1973-05-25,5.364357,5.405781,5.281510,5.322934,0.218150,119600
1973-05-29,5.302222,5.302222,5.177951,5.198663,0.213057,48200
1973-05-30,5.177951,5.177951,5.053680,5.115816,0.209662,74700
1973-05-31,5.095104,5.095104,4.970833,5.053680,0.207115,77100
1973-06-01,5.053680,5.095104,5.012257,5.074392,0.207964,59300
1973-06-04,5.074392,5.115816,5.012257,5.074392,0.207964,58300
1973-06-05,5.074392,5.177951,5.053680,5.136528,0.210510,89100
1973-06-06,5.136528,5.260798,5.115816,5.177951,0.212208,101500
1973-06-07,5.177951,5.240087,5.136528,5.219375,0.213906,90500
1973-06-08,5.240087,5.302222,5.240087,5.260798,0.215603,49200
1973-06-11,5.260798,5.281510,5.177951,5.177951,0.212208,95500
1973-06-12,5.177951,5.260798,5.157239,5.240087,0.214755,54600
1973-06-13,5.240087,5.281510,5.240087,5.240087,0.214755,110900
1973-06-14,5.240087,5.240087,5.032969,5.032969,0.206266,117300
1973-06-15,5.032969,5.074392,4.970833,4.970833,0.203720,151200
1973-06-18,4.970833,4.970833,4.887986,4.950121,0.202871,137400
1973-06-19,4.929410,4.929410,4.722291,4.784427,0.196080,312400
1973-06-20,4.784427,4.846562,4.763715,4.825850,0.197778,148100
1973-06-21,4.805139,4.805139,4.701580,4.722291,0.193534,136700
1973-06-22,4.743003,4.846562,4.743003,4.784427,0.196080,162900
1973-06-25,4.784427,4.805139,4.722291,4.722291,0.193534,73400
1973-06-26,4.743003,4.908698,4.743003,4.908698,0.201173,105200
1973-06-27,4.908698,4.991545,4.908698,4.908698,0.201173,55300
1973-06-28,4.929410,5.053680,4.929410,5.053680,0.207115,107200
1973-06-29,5.053680,5.095104,4.991545,5.053680,0.207115,75700
1973-07-02,5.012257,5.012257,4.867274,4.887986,0.200325,156900
1973-07-03,4.887986,4.950121,4.887986,4.887986,0.200325,79700
1973-07-05,4.887986,4.929410,4.867274,4.887986,0.200325,54300
1973-07-06,4.887986,4.929410,4.867274,4.887986,0.200325,40900
1973-07-09,4.887986,5.012257,4.887986,5.012257,0.205417,67300
1973-07-10,5.012257,5.074392,5.012257,5.032969,0.206266,60300
1973-07-11,5.032969,5.115816,4.991545,5.115816,0.209662,54300
1973-07-12,5.095104,5.095104,4.929410,5.032969,0.206266,183700
1973-07-13,4.991545,4.991545,4.970833,4.970833,0.203720,85400
1973-07-16,4.970833,5.032969,4.970833,4.991545,0.204569,63000
1973-07-17,4.991545,5.012257,4.929410,4.950121,0.202871,54300
1973-07-18,4.950121,4.970833,4.867274,4.970833,0.203720,90500
1973-07-19,4.970833,4.970833,4.805139,4.867274,0.199476,162900
1973-07-20,4.867274,4.887986,4.825850,4.867274,0.199476,96500
1973-07-23,4.867274,4.887986,4.784427,4.846562,0.198627,135400
1973-07-24,4.846562,4.867274,4.743003,4.825850,0.197778,225900
1973-07-25,4.825850,4.887986,4.825850,4.887986,0.200325,146100
1973-07-26,4.887986,4.887986,4.805139,4.825850,0.197778,267800
1973-07-27,4.825850,4.825850,4.763715,4.805139,0.196929,75100
1973-07-30,4.805139,4.825850,4.763715,4.784427,0.196080,81100
1973-07-31,4.784427,4.784427,4.722291,4.743003,0.194383,133100
1973-08-01,4.743003,4.743003,4.680868,4.743003,0.194383,205500
1973-08-02,4.743003,4.825850,4.743003,4.825850,0.197778,107600
1973-08-03,4.805139,4.805139,4.722291,4.743003,0.194383,61600
1973-08-06,4.701580,4.701580,4.660156,4.680868,0.194555,88500
1973-08-07,4.680868,4.680868,4.577309,4.598021,0.191112,218600
1973-08-08,4.598021,4.598021,4.556597,4.577309,0.190251,173600
1973-08-09,4.577309,4.618732,4.432326,4.598021,0.191112,208500
1973-08-10,4.598021,4.618732,4.535885,4.577309,0.190251,72400
1973-08-13,4.535885,4.535885,4.432326,4.453038,0.185085,79400
1973-08-14,4.453038,4.556597,4.453038,4.515173,0.187668,89100
1973-08-15,4.515173,4.535885,4.473750,4.535885,0.188529,87800
1973-08-16,4.535885,4.577309,4.535885,4.535885,0.188529,65300
1973-08-17,4.535885,4.618732,4.535885,4.618732,0.191972,77100
1973-08-20,4.639444,4.722291,4.639444,4.660156,0.193694,135400
1973-08-21,4.660156,4.701580,4.660156,4.680868,0.194555,116000
1973-08-22,4.680868,4.743003,4.680868,4.722291,0.196277,73400
1973-08-23,4.722291,4.784427,4.722291,4.784427,0.198859,101200
1973-08-24,4.805139,4.867274,4.805139,4.846562,0.201442,125700
1973-08-27,4.867274,4.929410,4.867274,4.908698,0.204024,162900
1973-08-28,4.908698,4.950121,4.908698,4.908698,0.204024,90500
1973-08-29,4.908698,4.970833,4.887986,4.929410,0.204885,157200
1973-08-30,4.929410,4.970833,4.846562,4.867274,0.202303,79400
1973-08-31,4.867274,4.908698,4.846562,4.908698,0.204024,69700
1973-09-04,4.908698,4.929410,4.867274,4.908698,0.204024,79400
1973-09-05,4.908698,4.929410,4.867274,4.929410,0.204885,59000
1973-09-06,4.929410,5.053680,4.908698,4.970833,0.206607,122000
1973-09-07,4.970833,5.012257,4.970833,4.970833,0.206607,92800
1973-09-10,4.970833,5.012257,4.929410,4.929410,0.204885,95200
1973-09-11,4.929410,4.970833,4.887986,4.929410,0.204885,73700
1973-09-12,4.929410,5.053680,4.908698,5.032969,0.209190,153200
1973-09-13,5.032969,5.053680,4.991545,4.991545,0.207468,92800
1973-09-14,4.991545,5.032969,4.950121,4.950121,0.205746,93800
1973-09-17,4.950121,5.012257,4.950121,4.991545,0.207468,207500
1973-09-18,4.991545,5.012257,4.950121,4.970833,0.206607,66700
1973-09-19,5.012257,5.095104,5.012257,5.074392,0.210911,147500
1973-09-20,5.115816,5.198663,5.115816,5.198663,0.216076,378800
1973-09-21,5.198663,5.488628,5.177951,5.488628,0.228129,479400
1973-09-24,5.488628,5.633611,5.426493,5.612899,0.233294,415400
1973-09-25,5.592187,5.592187,5.488628,5.571476,0.231572,240400
1973-09-26,5.571476,5.612899,5.447205,5.509340,0.228989,264200
1973-09-27,5.509340,5.550764,5.385069,5.385069,0.223824,142800
1973-09-28,5.385069,5.426493,5.302222,5.385069,0.223824,183400
1973-10-01,5.385069,5.426493,5.343646,5.364357,0.222963,223600
1973-10-02,5.364357,5.405781,5.322934,5.405781,0.224685,241700
1973-10-03,5.405781,5.530052,5.385069,5.530052,0.229850,222200
1973-10-04,5.530052,5.612899,5.488628,5.550764,0.230711,388600
1973-10-05,5.550764,5.675035,5.550764,5.654323,0.235016,429800
1973-10-08,5.654323,5.757882,5.592187,5.757882,0.239320,426400
1973-10-09,5.757882,5.799305,5.716458,5.799305,0.241042,663800
1973-10-10,5.778594,5.778594,5.571476,5.612899,0.233294,246400
1973-10-11,5.612899,5.778594,5.612899,5.778594,0.240181,207500
1973-10-12,5.778594,5.861441,5.757882,5.840729,0.242763,674900
1973-10-15,5.840729,5.985712,5.799305,5.923576,0.246207,617900
1973-10-16,5.923576,6.130694,5.923576,6.089271,0.253094,569900
1973-10-17,6.089271,6.213542,6.068559,6.109982,0.253954,537100
1973-10-18,6.109982,6.109982,5.965000,6.089271,0.253094,445500
1973-10-19,6.068559,6.068559,5.965000,6.006423,0.249650,189700
1973-10-22,5.985712,5.985712,5.861441,5.965000,0.247928,293700
1973-10-23,5.965000,6.006423,5.695746,5.882153,0.244485,549200
1973-10-24,5.923576,6.047847,5.923576,5.985712,0.248789,359400
1973-10-25,5.985712,6.006423,5.882153,5.902864,0.245346,137800
1973-10-26,5.902864,6.047847,5.902864,6.047847,0.251372,195400
1973-10-29,6.068559,6.130694,6.068559,6.089271,0.253094,276200
1973-10-30,6.068559,6.068559,5.923576,5.923576,0.246207,191700
1973-10-31,5.965000,6.151406,5.965000,6.006423,0.249650,490100
1973-11-01,6.006423,6.089271,5.985712,6.027135,0.250511,177700
1973-11-02,5.985712,5.985712,5.882153,5.965000,0.247928,218200
1973-11-05,5.882153,5.882153,5.737170,5.757882,0.239320,242400
1973-11-06,5.757882,5.861441,5.633611,5.633611,0.234155,217600
1973-11-07,5.633611,5.840729,5.633611,5.716458,0.237598,169900
1973-11-08,5.799305,5.944288,5.799305,5.861441,0.243624,234300
1973-11-09,5.882153,6.047847,5.882153,5.923576,0.246207,326900
1973-11-12,5.882153,5.882153,5.612899,5.716458,0.237598,370800
1973-11-13,5.675035,5.675035,5.509340,5.592187,0.232433,349000
1973-11-14,5.592187,5.716458,5.488628,5.509340,0.228989,390200
1973-11-15,5.509340,5.654323,5.467916,5.571476,0.231572,409300
1973-11-16,5.571476,5.778594,5.571476,5.695746,0.236737,270200
1973-11-19,5.695746,5.716458,5.550764,5.550764,0.230711,273900
1973-11-20,5.467916,5.467916,5.260798,5.322934,0.221242,345300
1973-11-21,5.322934,5.530052,5.302222,5.509340,0.228989,352700
1973-11-23,5.488628,5.488628,5.426493,5.467916,0.227268,282300
1973-11-26,5.405781,5.405781,5.322934,5.385069,0.223824,372100
1973-11-27,5.385069,5.426493,5.364357,5.426493,0.225546,326900
1973-11-28,5.467916,5.675035,5.467916,5.675035,0.235876,229300
1973-11-29,5.654323,5.654323,5.550764,5.571476,0.231572,153500
1973-11-30,5.550764,5.550764,5.488628,5.488628,0.228129,152200
1973-12-03,5.467916,5.467916,5.240087,5.240087,0.217798,282300
1973-12-04,5.240087,5.281510,5.157239,5.177951,0.215215,330500
1973-12-05,5.136528,5.136528,5.012257,5.053680,0.210050,221900
1973-12-06,5.053680,5.219375,5.012257,5.219375,0.216937,312800
1973-12-07,5.260798,5.447205,5.260798,5.426493,0.225546,411700
1973-12-10,5.426493,5.530052,5.385069,5.488628,0.228129,270200
1973-12-11,5.488628,5.571476,5.405781,5.405781,0.224685,266500
1973-12-12,5.385069,5.385069,5.198663,5.302222,0.220381,149500
1973-12-13,5.302222,5.364357,5.240087,5.240087,0.217798,215900
1973-12-14,5.240087,5.385069,5.240087,5.302222,0.220381,256800
1973-12-17,5.302222,5.385069,5.302222,5.364357,0.222963,244700
1973-12-18,5.385069,5.778594,5.385069,5.757882,0.239320,277900
1973-12-19,5.757882,5.882153,5.757882,5.882153,0.244485,436800
1973-12-20,5.882153,5.923576,5.840729,5.840729,0.242763,270500
1973-12-21,5.902864,6.047847,5.902864,6.047847,0.251372,409300
1973-12-24,6.047847,6.130694,6.027135,6.130694,0.254815,359400
1973-12-26,6.172118,6.275677,6.172118,6.172118,0.256537,410300
1973-12-27,6.213542,6.337812,6.213542,6.275677,0.260841,791900
1973-12-28,6.275677,6.275677,6.172118,6.234253,0.259120,235700
1973-12-31,6.234253,6.234253,6.068559,6.234253,0.259120,251400
1974-01-02,6.234253,6.234253,6.047847,6.172118,0.256537,218600
1974-01-03,6.192830,6.337812,6.192830,6.317101,0.262563,541100
1974-01-04,6.317101,6.399948,6.275677,6.379236,0.265146,729200
1974-01-07,6.379236,6.503507,6.379236,6.482795,0.269450,475400
1974-01-08,6.482795,6.482795,6.296389,6.337812,0.263424,669900
1974-01-09,6.337812,6.420660,6.254965,6.337812,0.263424,460000
1974-01-10,6.337812,6.420660,6.130694,6.151406,0.255676,383500
1974-01-11,6.172118,6.524219,6.172118,6.524219,0.271172,634700
1974-01-14,6.544930,6.607066,6.544930,6.565642,0.272893,591400
1974-01-15,6.565642,6.689913,6.544930,6.627778,0.275476,801600
1974-01-16,6.627778,6.710625,6.627778,6.669201,0.277198,513900
1974-01-17,6.689913,6.855608,6.689913,6.834896,0.284084,783200
1974-01-18,6.834896,6.876319,6.544930,6.586354,0.273754,857300
1974-01-21,6.544930,6.544930,6.296389,6.524219,0.271172,313800
1974-01-22,6.565642,6.669201,6.565642,6.607066,0.274615,318500
1974-01-23,6.607066,6.834896,6.607066,6.793472,0.282363,368100
1974-01-24,6.772760,6.772760,6.627778,6.669201,0.277198,374500
1974-01-25,6.669201,6.772760,6.607066,6.689913,0.278058,351300
1974-01-28,6.689913,6.710625,6.607066,6.607066,0.274615,181000
1974-01-29,6.607066,6.648489,6.586354,6.627778,0.275476,128000
1974-01-30,6.689913,6.793472,6.689913,6.772760,0.281502,381500
1974-01-31,6.772760,6.876319,6.689913,6.689913,0.278058,431100
1974-02-01,6.648489,6.648489,6.524219,6.544930,0.272033,245400
1974-02-04,6.503507,6.503507,6.213542,6.317101,0.265929,303100
1974-02-05,6.317101,6.462083,6.254965,6.358524,0.267673,174000
1974-02-06,6.379236,6.524219,6.379236,6.482795,0.272904,710100
1974-02-07,6.482795,6.544930,6.462083,6.462083,0.272033,78700
1974-02-08,6.462083,6.482795,6.379236,6.420660,0.270289,123300
1974-02-11,6.420660,6.420660,6.317101,6.337812,0.266801,181000
1974-02-12,6.337812,6.420660,6.296389,6.379236,0.268545,278900
1974-02-13,6.379236,6.441371,6.379236,6.379236,0.268545,123300
1974-02-14,6.379236,6.565642,6.379236,6.441371,0.271161,147500
1974-02-15,6.462083,6.586354,6.462083,6.503507,0.273776,157900
1974-02-19,6.503507,6.627778,6.503507,6.503507,0.273776,213900
1974-02-20,6.524219,6.772760,6.524219,6.731337,0.283367,240000
1974-02-21,6.793472,7.042014,6.793472,7.000590,0.294702,818700
1974-02-22,7.000590,7.124861,7.000590,7.124861,0.299933,569900
1974-02-25,7.124861,7.124861,7.021302,7.124861,0.299933,304100
1974-02-26,7.124861,7.249132,7.062726,7.207708,0.303421,362400
1974-02-27,7.269844,7.394114,7.269844,7.373403,0.310396,560200
1974-02-28,7.269844,7.269844,7.166285,7.249132,0.305165,311100
1974-03-01,7.249132,7.331979,7.186996,7.311267,0.307780,356400
1974-03-04,7.311267,7.373403,7.249132,7.352691,0.309524,425800
1974-03-05,7.352691,7.476962,7.311267,7.414826,0.312140,757000
1974-03-06,7.394114,7.394114,7.228420,7.373403,0.310396,263500
1974-03-07,7.331979,7.331979,7.083437,7.186996,0.302549,328200
1974-03-08,7.186996,7.186996,7.083437,7.124861,0.299933,119300
1974-03-11,7.124861,7.331979,6.917743,7.290555,0.306909,663800
1974-03-12,7.290555,7.290555,7.145573,7.290555,0.306909,296000
1974-03-13,7.290555,7.394114,7.207708,7.331979,0.308652,263500
1974-03-14,7.331979,7.331979,7.228420,7.269844,0.306037,283600
1974-03-15,7.269844,7.269844,7.083437,7.249132,0.305165,256100
1974-03-18,7.249132,7.269844,7.124861,7.166285,0.301677,270200
1974-03-19,7.104149,7.104149,7.042014,7.042014,0.296446,294700
1974-03-20,7.042014,7.145573,7.021302,7.145573,0.300805,141400
1974-03-21,7.145573,7.145573,7.104149,7.124861,0.299933,133700
1974-03-22,7.124861,7.145573,7.083437,7.124861,0.299933,193100
1974-03-25,7.124861,7.331979,7.104149,7.331979,0.308652,224300
1974-03-26,7.331979,7.456250,7.311267,7.435538,0.313012,399300
1974-03-27,7.435538,7.435538,7.249132,7.249132,0.305165,203800
1974-03-28,7.228420,7.228420,7.166285,7.166285,0.301677,250700
1974-03-29,7.166285,7.166285,7.042014,7.042014,0.296446,270500
1974-04-01,7.042014,7.124861,7.000590,7.062726,0.297318,87800
1974-04-02,7.062726,7.145573,7.000590,7.021302,0.295574,152200
1974-04-03,7.021302,7.207708,7.000590,7.207708,0.303421,287600
1974-04-04,7.207708,7.311267,7.145573,7.207708,0.303421,249700
1974-04-05,7.166285,7.166285,7.000590,7.021302,0.295574,274900
1974-04-08,6.959167,6.959167,6.917743,6.938455,0.292086,169900
1974-04-09,6.938455,7.042014,6.917743,6.917743,0.291215,209800
1974-04-10,6.917743,6.959167,6.855608,6.938455,0.292086,207800
1974-04-11,6.938455,7.021302,6.917743,6.979878,0.293830,74700
1974-04-15,7.021302,7.228420,7.021302,7.145573,0.300805,101500
1974-04-16,7.145573,7.269844,7.145573,7.249132,0.305165,111300
1974-04-17,7.249132,7.290555,7.145573,7.145573,0.300805,116000
1974-04-18,7.145573,7.207708,7.145573,7.186996,0.302549,147100
1974-04-19,7.186996,7.186996,7.062726,7.104149,0.299062,107200
1974-04-22,7.104149,7.207708,7.042014,7.186996,0.302549,290600
1974-04-23,7.166285,7.166285,7.104149,7.124861,0.299933,106600
1974-04-24,7.124861,7.124861,7.042014,7.104149,0.299062,369100
1974-04-25,7.104149,7.124861,7.021302,7.104149,0.299062,433500
1974-04-26,7.104149,7.166285,7.083437,7.083437,0.298190,238700
1974-04-29,7.083437,7.145573,7.042014,7.145573,0.300805,84800
1974-04-30,7.166285,7.228420,7.166285,7.186996,0.302549,152200
1974-05-01,7.186996,7.269844,7.124861,7.269844,0.306037,176000
1974-05-02,7.269844,7.394114,7.269844,7.394114,0.311268,443900
1974-05-03,7.394114,7.414826,7.373403,7.394114,0.311268,162900
1974-05-06,7.331979,7.331979,7.228420,7.331979,0.312150,148100
1974-05-07,7.331979,7.435538,7.331979,7.435538,0.316559,248400
1974-05-08,7.435538,7.497674,7.373403,7.476962,0.318322,467300
1974-05-09,7.518385,7.704792,7.518385,7.704792,0.328022,816000
1974-05-10,7.704792,7.704792,7.373403,7.497674,0.319204,402300
1974-05-13,7.497674,7.663368,7.394114,7.580521,0.322731,459600
1974-05-14,7.580521,7.746215,7.580521,7.704792,0.328022,382900
1974-05-15,7.704792,7.704792,7.497674,7.518385,0.320086,153200
1974-05-16,7.518385,7.663368,7.518385,7.539097,0.320968,215200
1974-05-17,7.476962,7.476962,7.331979,7.414826,0.315677,338300
1974-05-20,7.414826,7.414826,7.186996,7.228420,0.307741,217600
1974-05-21,7.228420,7.249132,6.814184,6.814184,0.290105,380500
1974-05-22,6.793472,6.793472,6.586354,6.669201,0.283933,713100
1974-05-23,6.669201,6.752048,6.586354,6.731337,0.286578,531400
1974-05-24,6.752048,6.855608,6.752048,6.752048,0.287460,290600
1974-05-28,6.752048,6.793472,6.710625,6.731337,0.286578,719100
1974-05-29,6.731337,6.752048,6.503507,6.524219,0.277761,351000
1974-05-30,6.524219,6.876319,6.524219,6.772760,0.288342,577300
1974-05-31,6.772760,6.897031,6.772760,6.814184,0.290105,210200
1974-06-03,6.855608,7.062726,6.855608,7.042014,0.299805,171300
1974-06-04,7.062726,7.166285,7.062726,7.145573,0.304214,193100
1974-06-05,7.145573,7.331979,7.104149,7.249132,0.308623,215200
1974-06-06,7.249132,7.373403,7.228420,7.373403,0.313913,176000
1974-06-07,7.414826,7.518385,7.414826,7.435538,0.316559,433100
1974-06-10,7.435538,7.435538,7.311267,7.414826,0.315677,135100
1974-06-11,7.414826,7.435538,7.124861,7.145573,0.304214,348000
1974-06-12,7.145573,7.207708,7.021302,7.166285,0.305096,320200
1974-06-13,7.207708,7.435538,7.207708,7.394114,0.314795,271900
1974-06-14,7.394114,7.414826,7.269844,7.394114,0.314795,153200
1974-06-17,7.373403,7.373403,7.269844,7.290555,0.310387,171600
1974-06-18,7.290555,7.311267,7.228420,7.249132,0.308623,178300
1974-06-19,7.207708,7.207708,7.104149,7.145573,0.304214,159200
1974-06-20,7.145573,7.166285,7.062726,7.124861,0.303332,98900
1974-06-21,7.124861,7.124861,7.083437,7.104149,0.302450,133100
1974-06-24,7.104149,7.269844,7.083437,7.269844,0.309505,87100
1974-06-25,7.290555,7.456250,7.290555,7.373403,0.313913,413000
1974-06-26,7.373403,7.435538,7.373403,7.394114,0.314795,154200
1974-06-27,7.394114,7.414826,7.373403,7.394114,0.314795,165200
1974-06-28,7.352691,7.352691,7.290555,7.311267,0.311268,140100
1974-07-01,7.311267,7.414826,7.311267,7.414826,0.315677,225900
1974-07-02,7.414826,7.435538,7.207708,7.228420,0.307741,284900
1974-07-03,7.228420,7.414826,7.228420,7.373403,0.313913,354700
1974-07-05,7.352691,7.352691,7.311267,7.352691,0.313032,74700
1974-07-08,7.311267,7.311267,7.021302,7.124861,0.303332,299700
1974-07-09,7.124861,7.290555,7.124861,7.207708,0.306859,307700
1974-07-10,7.207708,7.249132,7.166285,7.166285,0.305096,333200
1974-07-11,7.186996,7.249132,7.186996,7.207708,0.306859,360100
1974-07-12,7.249132,7.456250,7.249132,7.456250,0.317441,521700
1974-07-15,7.456250,7.663368,7.456250,7.621944,0.324495,701000
1974-07-16,7.621944,7.663368,7.559809,7.559809,0.321849,215200
1974-07-17,7.559809,7.621944,7.394114,7.580521,0.322731,449900
1974-07-18,7.621944,7.829062,7.621944,7.766927,0.330667,849900
1974-07-19,7.787639,7.849774,7.787639,7.849774,0.334194,243700
1974-07-22,7.849774,7.849774,7.725503,7.808351,0.332431,289600
1974-07-23,7.849774,7.953333,7.849774,7.891198,0.335958,454900
1974-07-24,7.891198,7.994757,7.891198,7.974045,0.339485,361100
1974-07-25,7.974045,8.036180,7.932621,7.974045,0.339485,219600
1974-07-26,7.974045,7.994757,7.870486,7.911910,0.336840,249700
1974-07-29,7.684080,7.684080,7.601233,7.601233,0.323613,395600
1974-07-30,7.601233,7.601233,7.414826,7.559809,0.321849,202500
1974-07-31,7.539097,7.539097,7.414826,7.497674,0.319204,203800
1974-08-01,7.497674,7.539097,7.394114,7.414826,0.315677,205100
1974-08-02,7.414826,7.476962,7.373403,7.456250,0.317441,247700
1974-08-05,7.456250,7.559809,7.352691,7.456250,0.321730,244000
1974-08-06,7.456250,7.725503,7.435538,7.497674,0.323518,375100
1974-08-07,7.518385,7.766927,7.518385,7.766927,0.335136,280900
1974-08-08,7.766927,7.808351,7.539097,7.621944,0.328880,427100
1974-08-09,7.621944,7.766927,7.539097,7.725503,0.333349,311100
1974-08-12,7.725503,7.725503,7.642656,7.704792,0.332455,162900
1974-08-13,7.704792,7.704792,7.476962,7.476962,0.322624,139100
1974-08-14,7.456250,7.456250,7.311267,7.352691,0.317262,862000
1974-08-15,7.352691,7.456250,7.331979,7.352691,0.317262,433500
1974-08-16,7.352691,7.456250,7.331979,7.373403,0.318156,199100
1974-08-19,7.352691,7.352691,7.269844,7.352691,0.317262,197800
1974-08-20,7.373403,7.456250,7.373403,7.456250,0.321730,253800
1974-08-21,7.456250,7.559809,7.352691,7.352691,0.317262,330900
1974-08-22,7.352691,7.373403,7.124861,7.311267,0.315475,450600
1974-08-23,7.311267,7.331979,7.249132,7.311267,0.315475,278900
1974-08-26,7.311267,7.352691,7.228420,7.269844,0.313687,504200
1974-08-27,7.269844,7.290555,7.042014,7.083437,0.305644,340300
1974-08-28,7.083437,7.083437,6.938455,6.938455,0.299388,305100
1974-08-29,6.834896,6.834896,6.689913,6.772760,0.292239,403300
1974-08-30,6.772760,7.021302,6.752048,7.000590,0.302069,293700
1974-09-03,7.000590,7.083437,6.897031,6.897031,0.297601,218200
1974-09-04,6.834896,6.834896,6.669201,6.793472,0.293132,338300
1974-09-05,6.897031,7.083437,6.897031,7.062726,0.304750,219900
1974-09-06,7.062726,7.249132,7.021302,7.228420,0.311900,776500
1974-09-09,7.228420,7.249132,7.145573,7.166285,0.309219,206200
1974-09-10,7.166285,7.228420,7.124861,7.145573,0.308325,159500
1974-09-11,7.145573,7.186996,7.062726,7.062726,0.304750,206200
1974-09-12,7.021302,7.021302,6.897031,7.021302,0.302963,288600
1974-09-13,7.021302,7.021302,6.834896,6.855608,0.295813,440500
1974-09-16,6.855608,6.938455,6.731337,6.876319,0.296707,310100
1974-09-17,6.938455,7.062726,6.938455,6.959167,0.300282,151200
1974-09-18,6.959167,7.000590,6.793472,6.959167,0.300282,137800
1974-09-19,7.000590,7.166285,7.000590,7.124861,0.307431,249700
1974-09-20,7.124861,7.228420,7.042014,7.207708,0.311006,187400
1974-09-23,7.207708,7.331979,7.166285,7.331979,0.316368,170300
1974-09-24,7.331979,7.331979,7.249132,7.290555,0.314581,130700
1974-09-25,7.290555,7.435538,7.249132,7.269844,0.313687,469400
1974-09-26,7.207708,7.207708,7.083437,7.124861,0.307431,784500
1974-09-27,7.124861,7.124861,6.710625,6.731337,0.290451,140100
1974-09-30,6.565642,6.565642,6.254965,6.379236,0.275258,734900
1974-10-01,6.379236,6.399948,5.944288,6.109982,0.263640,556500
1974-10-02,6.089271,6.089271,5.985712,6.006423,0.259172,292000
1974-10-03,5.985712,5.985712,5.861441,5.965000,0.257385,205100
1974-10-04,5.965000,6.172118,5.902864,6.172118,0.266321,241400
1974-10-07,6.234253,6.441371,6.234253,6.420660,0.277046,167900
1974-10-08,6.420660,6.524219,6.358524,6.379236,0.275258,174000
1974-10-09,6.379236,6.731337,6.317101,6.710625,0.289558,197100
1974-10-10,6.710625,6.938455,6.710625,6.814184,0.294026,348000
1974-10-11,6.814184,6.876319,6.710625,6.834896,0.294920,339300
1974-10-14,6.834896,7.083437,6.834896,6.897031,0.297601,297000
1974-10-15,6.855608,6.855608,6.586354,6.648489,0.286876,526000
1974-10-16,6.648489,6.710625,6.544930,6.627778,0.285983,183400
1974-10-17,6.627778,6.876319,6.627778,6.876319,0.296707,137800
1974-10-18,6.917743,7.083437,6.917743,6.959167,0.300282,559900
1974-10-21,6.959167,7.042014,6.855608,7.000590,0.302069,205500
1974-10-22,7.000590,7.062726,6.710625,6.710625,0.289558,286000
1974-10-23,6.627778,6.627778,6.420660,6.462083,0.278833,356400
1974-10-24,6.420660,6.420660,6.213542,6.420660,0.277046,226600
1974-10-25,6.420660,6.482795,6.379236,6.441371,0.277939,201500
1974-10-28,6.441371,6.524219,6.420660,6.462083,0.278833,106600
1974-10-29,6.544930,6.897031,6.544930,6.897031,0.297601,213500
1974-10-30,6.897031,7.083437,6.814184,7.000590,0.302069,391200
1974-10-31,7.000590,7.124861,6.959167,7.000590,0.302069,209200
1974-11-01,7.000590,7.021302,6.814184,6.834896,0.299168,262800
1974-11-04,6.689913,6.689913,6.420660,6.607066,0.289196,458600
1974-11-05,6.607066,6.648489,6.586354,6.627778,0.290103,193100
1974-11-06,6.627778,6.793472,6.565642,6.627778,0.290103,345300
1974-11-07,6.627778,6.627778,6.379236,6.420660,0.281037,429500
1974-11-08,6.420660,6.420660,6.275677,6.296389,0.275597,722800
1974-11-11,6.296389,6.317101,6.109982,6.317101,0.276504,257500
1974-11-12,6.317101,6.317101,6.047847,6.130694,0.268345,287000
1974-11-13,6.130694,6.441371,6.047847,6.337812,0.277411,341900
1974-11-14,6.337812,6.503507,6.337812,6.379236,0.279224,338900
1974-11-15,6.379236,6.379236,6.254965,6.296389,0.275597,142100
1974-11-18,6.234253,6.234253,6.068559,6.109982,0.267438,215200
1974-11-19,6.109982,6.130694,5.965000,6.006423,0.262905,400600
1974-11-20,6.027135,6.234253,6.027135,6.151406,0.269252,209800
1974-11-21,6.151406,6.296389,6.068559,6.254965,0.273784,162900
1974-11-22,6.296389,6.379236,6.296389,6.296389,0.275597,93800
1974-11-25,6.296389,6.337812,6.254965,6.254965,0.273784,91800
1974-11-26,6.275677,6.420660,6.275677,6.420660,0.281037,102900
1974-11-27,6.462083,6.627778,6.462083,6.482795,0.283757,159200
1974-11-29,6.462083,6.462083,6.399948,6.420660,0.281037,62600
1974-12-02,6.420660,6.420660,6.275677,6.296389,0.275597,188400
1974-12-03,6.213542,6.213542,6.089271,6.172118,0.270158,262800
1974-12-04,6.172118,6.234253,6.047847,6.234253,0.272878,288600
1974-12-05,6.234253,6.234253,6.027135,6.047847,0.264719,155900
1974-12-06,6.047847,6.089271,5.965000,6.006423,0.262905,241700
1974-12-09,6.006423,6.006423,5.882153,5.923576,0.259279,165600
1974-12-10,6.006423,6.109982,6.006423,6.047847,0.264719,185700
1974-12-11,6.047847,6.109982,6.047847,6.068559,0.265625,156900
1974-12-12,6.068559,6.192830,6.068559,6.151406,0.269252,159500
1974-12-13,6.151406,6.151406,6.089271,6.089271,0.266532,187000
1974-12-16,6.089271,6.130694,6.068559,6.068559,0.265625,141100
1974-12-17,6.068559,6.172118,6.027135,6.172118,0.270158,146100
1974-12-18,6.213542,6.337812,6.213542,6.234253,0.272878,117000
1974-12-19,6.234253,6.275677,6.213542,6.254965,0.273784,82400
1974-12-20,6.254965,6.296389,6.213542,6.213542,0.271971,133100
1974-12-23,6.192830,6.192830,6.047847,6.151406,0.269252,106600
1974-12-24,6.151406,6.172118,6.109982,6.130694,0.268345,81100
1974-12-26,6.151406,6.296389,6.151406,6.234253,0.272878,30500
1974-12-27,6.234253,6.296389,6.234253,6.254965,0.273784,84800
1974-12-30,6.234253,6.234253,6.192830,6.234253,0.272878,85400
1974-12-31,6.254965,6.358524,6.254965,6.296389,0.275597,242400
1975-01-02,6.337812,6.441371,6.337812,6.379236,0.279224,61600
1975-01-03,6.379236,6.607066,6.337812,6.565642,0.287383,108600
1975-01-06,6.565642,6.627778,6.524219,6.544930,0.286476,97500
1975-01-07,6.544930,6.586354,6.482795,6.544930,0.286476,117000
1975-01-08,6.544930,6.586354,6.482795,6.524219,0.285570,83100
1975-01-09,6.524219,6.607066,6.503507,6.607066,0.289196,148800
1975-01-10,6.648489,6.814184,6.648489,6.793472,0.297355,294700
1975-01-13,6.772760,6.772760,6.669201,6.689913,0.292822,130000
1975-01-14,6.689913,6.710625,6.607066,6.627778,0.290103,113600
1975-01-15,6.627778,6.772760,6.607066,6.772760,0.296449,113600
1975-01-16,6.772760,6.793472,6.669201,6.752048,0.295542,158200
1975-01-17,6.752048,6.793472,6.710625,6.793472,0.297355,84400
1975-01-20,6.772760,6.772760,6.689913,6.772760,0.296449,96800
1975-01-21,6.772760,6.897031,6.752048,6.772760,0.296449,109900
1975-01-22,6.772760,6.834896,6.710625,6.752048,0.295542,211200
1975-01-23,6.752048,7.042014,6.752048,6.959167,0.304608,335900
1975-01-24,6.959167,7.290555,6.959167,7.228420,0.316393,352700
1975-01-27,7.331979,7.497674,7.331979,7.414826,0.324552,464700
1975-01-28,7.414826,7.559809,7.414826,7.456250,0.326365,499500
1975-01-29,7.456250,7.621944,7.352691,7.601233,0.332711,465700
1975-01-30,7.601233,7.787639,7.580521,7.684080,0.336338,475400
1975-01-31,7.684080,7.829062,7.684080,7.829062,0.342684,234300
1975-02-03,7.829062,8.015469,7.746215,7.974045,0.354279,554200
1975-02-04,7.953333,7.953333,7.829062,7.891198,0.350598,763700
1975-02-05,7.891198,8.056892,7.766927,8.056892,0.357959,550500
1975-02-06,8.119028,8.264010,8.119028,8.160451,0.362560,858300
1975-02-07,8.160451,8.284722,8.036180,8.284722,0.368082,734900
1975-02-10,8.181163,8.181163,8.056892,8.119028,0.360720,629000
1975-02-11,7.994757,7.994757,7.891198,7.891198,0.350598,644400
1975-02-12,7.891198,7.891198,7.787639,7.849774,0.348757,341900
1975-02-13,7.849774,7.994757,7.829062,7.829062,0.347837,622900
1975-02-14,7.829062,7.974045,7.808351,7.953333,0.353358,294700
1975-02-18,7.953333,8.015469,7.808351,7.932621,0.352438,284900
1975-02-19,7.932621,7.994757,7.849774,7.994757,0.355199,356000
1975-02-20,7.994757,8.264010,7.994757,8.243299,0.366241,576000
1975-02-21,8.243299,8.284722,8.201875,8.284722,0.368082,635000
1975-02-24,8.284722,8.284722,8.160451,8.160451,0.362560,358400
1975-02-25,8.139740,8.139740,7.994757,8.098316,0.359800,262100
1975-02-26,8.098316,8.264010,8.036180,8.243299,0.366241,360700
1975-02-27,8.201875,8.201875,7.891198,7.932621,0.352438,471000
1975-02-28,7.932621,8.139740,7.870486,8.139740,0.361640,291000
1975-03-03,8.139740,8.326146,8.139740,8.326146,0.369922,1151700
1975-03-04,8.367569,8.574688,8.367569,8.533264,0.379124,1109400
1975-03-05,8.533264,8.678246,8.491840,8.616111,0.382805,831800
1975-03-06,8.616111,8.698958,8.574688,8.698958,0.386486,649700
1975-03-07,8.698958,8.781806,8.698958,8.781806,0.390166,555200
1975-03-10,8.781806,8.802517,8.678246,8.761094,0.389246,584400
1975-03-11,8.761094,9.071771,8.740382,8.885365,0.394768,941400
1975-03-12,8.885365,8.968212,8.802517,8.823229,0.392007,491100
1975-03-13,8.823229,8.864653,8.698958,8.761094,0.389246,716800
1975-03-14,8.843941,9.133906,8.843941,9.113194,0.404890,967900
1975-03-17,9.133906,9.320313,9.133906,9.278889,0.412251,790600
1975-03-18,9.361736,9.548142,9.361736,9.465295,0.420533,1472500
1975-03-19,9.403160,9.403160,9.196042,9.341024,0.415012,933400
1975-03-20,9.341024,9.527431,9.299601,9.361736,0.415932,652100
1975-03-21,9.382448,9.527431,9.382448,9.506719,0.422374,539400
1975-03-24,9.361736,9.361736,9.196042,9.258177,0.411331,493800
1975-03-25,9.258177,9.320313,9.030347,9.278889,0.412251,574300
1975-03-26,9.320313,9.610278,9.320313,9.527431,0.423294,596400
1975-03-27,9.548142,9.734549,9.548142,9.693125,0.430656,456600
1975-03-31,9.693125,9.858819,9.693125,9.734549,0.432496,616500
1975-04-01,9.672413,9.672413,9.527431,9.568854,0.425134,374500
1975-04-02,9.568854,9.672413,9.548142,9.548142,0.424214,423800
1975-04-03,9.548142,9.548142,9.237465,9.258177,0.411331,437200
1975-04-04,9.258177,9.320313,9.113194,9.237465,0.410411,377500
1975-04-07,9.237465,9.237465,9.051059,9.175330,0.407650,401600
1975-04-08,9.175330,9.341024,9.175330,9.196042,0.408571,201800
1975-04-09,9.216753,9.527431,9.216753,9.506719,0.422374,250100
1975-04-10,9.589566,9.775972,9.589566,9.755260,0.433416,700400
1975-04-11,9.755260,9.941667,9.713837,9.941667,0.441698,690300
1975-04-14,9.941667,10.086649,9.941667,10.045226,0.446299,578000
1975-04-15,10.045226,10.293767,10.024514,10.210920,0.453661,799300
1975-04-16,10.210920,10.314479,10.128073,10.252344,0.455501,601500
1975-04-17,10.335191,10.625156,10.335191,10.418038,0.462863,862000
1975-04-18,10.397326,10.397326,10.107361,10.252344,0.455501,478100
1975-04-21,10.252344,10.480174,10.024514,10.438750,0.463783,423800
1975-04-22,10.438750,10.521597,10.355903,10.355903,0.460102,355000
1975-04-23,10.355903,10.355903,10.252344,10.314479,0.458261,330500
1975-04-24,10.314479,10.666580,10.210920,10.480174,0.465623,504900
1975-04-25,10.480174,10.811563,10.459462,10.687292,0.474825,634000
1975-04-28,10.687292,10.873698,10.687292,10.852986,0.482187,529700
1975-04-29,10.852986,10.852986,10.521597,10.625156,0.472065,1359200
1975-04-30,10.625156,10.645868,10.480174,10.625156,0.472065,769100
1975-05-01,10.625156,10.708003,10.563021,10.583733,0.470224,730500
1975-05-02,10.583733,10.728715,10.563021,10.728715,0.476666,499500
1975-05-05,10.645868,10.645868,10.438750,10.625156,0.477224,528400
1975-05-06,10.355903,10.355903,9.941667,10.003802,0.449316,1120500
1975-05-07,10.003802,10.003802,9.693125,9.941667,0.446526,1278100
1975-05-08,9.962379,10.169497,9.962379,10.107361,0.453968,425100
1975-05-09,10.148785,10.273056,10.148785,10.169497,0.456758,569900
1975-05-12,10.169497,10.190208,10.024514,10.045226,0.451177,292300
1975-05-13,10.003802,10.003802,9.879531,9.962379,0.447456,531000
1975-05-14,9.962379,10.438750,9.900243,10.438750,0.468852,763700
1975-05-15,10.438750,10.500885,10.335191,10.335191,0.464200,519000
1975-05-16,10.293767,10.293767,10.169497,10.210920,0.458619,277900
1975-05-19,10.210920,10.293767,10.107361,10.273056,0.461409,349000
1975-05-20,10.273056,10.397326,10.252344,10.293767,0.462340,252400
1975-05-21,10.065937,10.065937,9.941667,9.962379,0.447456,541100
1975-05-22,9.962379,10.003802,9.382448,9.506719,0.426990,793200
1975-05-23,9.506719,9.630990,9.444583,9.527431,0.427920,598800
1975-05-27,9.527431,9.527431,9.258177,9.341024,0.419548,445200
1975-05-28,9.341024,9.465295,9.237465,9.278889,0.416757,676900
1975-05-29,9.299601,9.423872,9.299601,9.403160,0.422339,229300
1975-05-30,9.527431,9.796684,9.527431,9.775972,0.439083,344300
1975-06-02,9.900243,10.148785,9.900243,9.962379,0.447456,361100
1975-06-03,9.941667,9.941667,9.755260,9.755260,0.438153,618900
1975-06-04,9.693125,9.693125,9.237465,9.320313,0.418618,415400
1975-06-05,9.320313,9.465295,9.278889,9.382448,0.421408,376500
1975-06-06,9.382448,9.444583,9.237465,9.320313,0.418618,342600
1975-06-09,9.320313,9.465295,9.258177,9.278889,0.416757,236700
1975-06-10,9.278889,9.341024,9.196042,9.299601,0.417687,294300
1975-06-11,9.403160,9.527431,9.403160,9.403160,0.422339,236700
1975-06-12,9.403160,9.568854,9.361736,9.423872,0.423269,177300
1975-06-13,9.423872,9.527431,9.341024,9.444583,0.424199,217600
1975-06-16,9.444583,9.755260,9.444583,9.734549,0.437223,239300
1975-06-17,9.734549,9.775972,9.548142,9.610278,0.431641,302700
1975-06-18,9.610278,9.693125,9.527431,9.610278,0.431641,153500
1975-06-19,9.630990,10.003802,9.630990,10.003802,0.449316,498200
1975-06-20,10.065937,10.231632,10.065937,10.107361,0.453968,532400
1975-06-23,10.107361,10.148785,9.983090,10.148785,0.455828,290000
1975-06-24,10.148785,10.252344,10.045226,10.086649,0.453037,340600
1975-06-25,10.086649,10.107361,10.024514,10.086649,0.453037,282600
1975-06-26,10.086649,10.252344,9.983090,10.107361,0.453968,282600
1975-06-27,10.107361,10.148785,10.003802,10.148785,0.455828,318500
1975-06-30,10.148785,10.231632,10.086649,10.169497,0.456758,148800
1975-07-01,10.148785,10.148785,10.024514,10.045226,0.451177,151800
1975-07-02,10.003802,10.003802,9.858819,10.003802,0.449316,190400
1975-07-03,9.962379,9.962379,9.858819,9.858819,0.442804,127000
1975-07-07,9.838108,9.838108,9.693125,9.755260,0.438153,197800
1975-07-08,9.755260,10.024514,9.755260,9.962379,0.447456,258500
1975-07-09,10.003802,10.273056,10.003802,10.273056,0.461409,227900
1975-07-10,10.273056,10.314479,10.148785,10.148785,0.455828,451200
1975-07-11,10.148785,10.210920,10.086649,10.148785,0.455828,158200
1975-07-14,10.148785,10.169497,10.065937,10.107361,0.453968,126700
1975-07-15,10.107361,10.190208,10.107361,10.148785,0.455828,207500
1975-07-16,10.148785,10.190208,9.962379,9.983090,0.448386,171300
1975-07-17,9.983090,10.065937,9.900243,9.900243,0.444665,162900
1975-07-18,9.900243,9.920955,9.858819,9.900243,0.444665,131400
1975-07-21,9.900243,9.920955,9.734549,9.755260,0.438153,110900
1975-07-22,9.693125,9.693125,9.444583,9.589566,0.430711,246400
1975-07-23,9.589566,9.734549,9.506719,9.548142,0.428850,167600
1975-07-24,9.548142,9.651701,9.486007,9.651701,0.433502,337900
1975-07-25,9.651701,9.672413,9.506719,9.506719,0.426990,170300
1975-07-28,9.506719,9.568854,9.444583,9.506719,0.426990,129400
1975-07-29,9.527431,9.713837,9.527431,9.589566,0.430711,398600
1975-07-30,9.589566,9.796684,9.589566,9.589566,0.430711,440900
1975-07-31,9.630990,9.775972,9.630990,9.713837,0.436292,387500
1975-08-01,9.713837,9.796684,9.693125,9.796684,0.440013,151800
1975-08-04,9.796684,9.817396,9.589566,9.775972,0.444344,188000
1975-08-05,9.838108,10.003802,9.838108,9.838108,0.447168,338900
1975-08-06,9.838108,10.252344,9.838108,10.107361,0.459407,450600
1975-08-07,10.107361,10.314479,10.086649,10.273056,0.466938,410300
1975-08-08,10.273056,10.500885,10.273056,10.500885,0.477293,581700
1975-08-11,10.397326,10.397326,10.273056,10.335191,0.469762,373100
1975-08-12,10.335191,10.459462,10.335191,10.376615,0.471645,234300
1975-08-13,10.376615,10.397326,10.231632,10.273056,0.466938,255800
1975-08-14,10.273056,10.397326,10.231632,10.376615,0.471645,250700
1975-08-15,10.397326,10.749427,10.397326,10.728715,0.487649,544100
1975-08-18,10.728715,10.832274,10.563021,10.563021,0.480118,617900
1975-08-19,10.563021,10.563021,10.355903,10.355903,0.470703,312400
1975-08-20,10.355903,10.355903,10.231632,10.273056,0.466938,251400
1975-08-21,10.273056,10.376615,10.210920,10.273056,0.466938,332200
1975-08-22,10.273056,10.273056,10.128073,10.273056,0.466938,287000
1975-08-25,10.314479,10.438750,10.314479,10.418038,0.473528,248400
1975-08-26,10.397326,10.397326,10.252344,10.273056,0.466938,238000
1975-08-27,10.273056,10.335191,10.210920,10.335191,0.469762,258100
1975-08-28,10.397326,10.480174,10.397326,10.480174,0.476352,590400
1975-08-29,10.563021,10.666580,10.563021,10.645868,0.483883,433500
1975-09-02,10.645868,10.790851,10.625156,10.687292,0.485766,523000
1975-09-03,10.687292,10.852986,10.563021,10.832274,0.492356,380200
1975-09-04,10.873698,11.308646,10.873698,11.287934,0.513067,984000
1975-09-05,11.287934,11.453629,11.267222,11.350069,0.515891,862000
1975-09-08,11.350069,11.681458,11.308646,11.640035,0.529071,920700
1975-09-09,11.640035,11.826441,11.391493,11.432917,0.519656,1103100
1975-09-10,11.350069,11.350069,11.163663,11.308646,0.514008,615900
1975-09-11,11.287934,11.287934,11.101528,11.184375,0.508360,508200
1975-09-12,11.184375,11.329358,10.956545,10.997969,0.499887,566300
1975-09-15,10.997969,11.039392,10.894410,10.935833,0.497063,307700
1975-09-16,10.935833,11.018681,10.708003,10.749427,0.488590,593700
1975-09-17,10.749427,10.956545,10.749427,10.852986,0.493297,447600
1975-09-18,10.935833,11.267222,10.935833,11.267222,0.512126,419100
1975-09-19,11.287934,11.598611,11.287934,11.474340,0.521539,675900
1975-09-22,11.474340,11.515764,11.225799,11.246511,0.511184,341900
1975-09-23,11.246511,11.329358,11.122239,11.329358,0.514950,284600
1975-09-24,11.391493,11.577899,11.391493,11.474340,0.521539,346300
1975-09-25,11.474340,11.495052,11.205087,11.287934,0.513067,604800
1975-09-26,11.163663,11.163663,10.894410,10.935833,0.497063,589400
1975-09-29,10.873698,10.873698,10.687292,10.708003,0.486707,579700
1975-09-30,10.625156,10.625156,10.480174,10.500885,0.477293,304400
1975-10-01,10.500885,10.542309,10.293767,10.314479,0.468821,359400
1975-10-02,10.314479,10.563021,10.252344,10.418038,0.473528,670900
1975-10-03,10.418038,10.521597,10.231632,10.521597,0.478235,560200
1975-10-06,10.521597,10.604445,10.480174,10.521597,0.478235,206200
1975-10-07,10.521597,10.521597,10.273056,10.355903,0.470703,488800
1975-10-08,10.355903,10.521597,10.335191,10.480174,0.476352,193400
1975-10-09,10.500885,10.708003,10.500885,10.542309,0.479176,253800
1975-10-10,10.480174,10.480174,10.273056,10.273056,0.466938,354000
1975-10-13,10.273056,10.521597,10.148785,10.521597,0.478235,186000
1975-10-14,10.625156,10.749427,10.625156,10.625156,0.482942,289600
1975-10-15,10.625156,10.770139,10.604445,10.749427,0.488590,255800
1975-10-16,10.811563,11.122239,10.811563,10.915121,0.496121,519300
1975-10-17,10.915121,10.997969,10.811563,10.915121,0.496121,527700
1975-10-20,10.915121,10.977257,10.832274,10.956545,0.498004,116000
1975-10-21,10.956545,11.101528,10.873698,10.894410,0.495180,170300
1975-10-22,10.894410,10.977257,10.790851,10.832274,0.492356,166900
1975-10-23,10.832274,10.894410,10.811563,10.832274,0.492356,156900
1975-10-24,10.832274,10.852986,10.604445,10.625156,0.482942,185000
1975-10-27,10.604445,10.604445,10.418038,10.459462,0.475411,183700
1975-10-28,10.459462,10.915121,10.418038,10.915121,0.496121,538100
1975-10-29,10.852986,10.852986,10.583733,10.604445,0.482000,447600
1975-10-30,10.604445,10.604445,10.438750,10.459462,0.475411,145100
1975-10-31,10.376615,10.376615,10.231632,10.293767,0.473126,185700
1975-11-03,10.252344,10.252344,10.190208,10.231632,0.470270,230300
1975-11-04,10.231632,10.273056,10.190208,10.273056,0.472174,93200
1975-11-05,10.273056,10.397326,10.190208,10.190208,0.468366,167900
1975-11-06,10.190208,10.293767,10.148785,10.190208,0.468366,235700
1975-11-07,10.210920,10.273056,10.210920,10.252344,0.471222,186000
1975-11-10,10.210920,10.210920,10.024514,10.045226,0.461702,453600
1975-11-11,10.045226,10.045226,9.838108,9.858819,0.453135,406700
1975-11-12,9.900243,9.962379,9.900243,9.941667,0.456943,382500
1975-11-13,9.941667,9.962379,9.734549,9.734549,0.447423,393600
1975-11-14,9.713837,9.713837,9.589566,9.693125,0.445519,429800
1975-11-17,9.693125,9.775972,9.672413,9.755260,0.448375,423800
1975-11-18,9.796684,9.879531,9.796684,9.796684,0.450279,374100
1975-11-19,9.796684,9.858819,9.755260,9.817396,0.451231,149800
1975-11-20,9.817396,9.858819,9.775972,9.796684,0.450279,115600
1975-11-21,9.796684,9.838108,9.755260,9.796684,0.450279,113600
1975-11-24,9.796684,9.900243,9.796684,9.900243,0.455039,153500
1975-11-25,9.962379,10.128073,9.962379,10.107361,0.464559,277600
1975-11-26,10.169497,10.376615,10.169497,10.376615,0.476934,279900
1975-11-28,10.376615,10.500885,10.376615,10.500885,0.482646,155900
1975-12-01,10.500885,10.604445,10.459462,10.480174,0.481694,531000
1975-12-02,10.418038,10.418038,10.231632,10.252344,0.471222,465000
1975-12-03,10.190208,10.190208,10.024514,10.065937,0.462654,219600
1975-12-04,10.065937,10.169497,10.045226,10.128073,0.465511,252400
1975-12-05,10.128073,10.169497,10.086649,10.086649,0.463606,109900
1975-12-08,10.086649,10.169497,10.086649,10.128073,0.465511,127700
1975-12-09,10.128073,10.190208,10.065937,10.190208,0.468366,522300
1975-12-10,10.210920,10.438750,10.210920,10.438750,0.479790,211500
1975-12-11,10.459462,10.583733,10.459462,10.542309,0.484550,478100
1975-12-12,10.542309,10.583733,10.480174,10.583733,0.486453,128000
1975-12-15,10.604445,10.811563,10.604445,10.811563,0.496925,356000
1975-12-16,10.811563,10.935833,10.770139,10.790851,0.495973,318500
1975-12-17,10.790851,10.915121,10.770139,10.915121,0.501685,250100
1975-12-18,10.915121,10.956545,10.894410,10.935833,0.502637,329900
1975-12-19,10.935833,10.977257,10.873698,10.915121,0.501685,315100
1975-12-22,10.894410,10.894410,10.832274,10.832274,0.497877,111900
1975-12-23,10.832274,10.915121,10.790851,10.873698,0.499781,124000
1975-12-24,10.894410,10.997969,10.894410,10.977257,0.504541,515600
1975-12-26,10.997969,11.080816,10.997969,11.060104,0.508348,83100
1975-12-29,11.060104,11.101528,10.956545,10.977257,0.504541,437800
1975-12-30,10.977257,11.018681,10.811563,10.894410,0.500733,318500
1975-12-31,10.894410,10.956545,10.770139,10.770139,0.495021,282300
1976-01-02,10.770139,10.832274,10.770139,10.832274,0.497877,81100
1976-01-05,10.894410,10.956545,10.894410,10.894410,0.500733,499500
1976-01-06,10.977257,11.225799,10.977257,11.184375,0.514061,684600
1976-01-07,11.184375,11.495052,11.163663,11.474340,0.527388,930400
1976-01-08,11.474340,11.805729,11.474340,11.722882,0.538812,1033300
1976-01-09,11.722882,11.785017,11.702170,11.764305,0.540715,469700
1976-01-12,11.764305,11.950712,11.702170,11.950712,0.549283,590400
1976-01-13,11.950712,11.950712,11.764305,11.764305,0.540715,600800
1976-01-14,11.764305,12.116406,11.743594,12.116406,0.556899,779800
1976-01-15,12.116406,12.240677,12.012847,12.054271,0.554043,608500
1976-01-16,12.054271,12.240677,12.033559,12.219965,0.561659,417400
1976-01-19,12.219965,12.427083,12.116406,12.427083,0.571178,410700
1976-01-20,12.427083,12.509931,12.406371,12.509931,0.574986,538400
1976-01-21,12.509931,12.654913,12.323524,12.592778,0.578794,656400
1976-01-22,12.592778,12.592778,12.551354,12.572066,0.577842,286000
1976-01-23,12.572066,12.799896,12.551354,12.737761,0.585458,696300
1976-01-26,12.841319,12.965590,12.841319,12.965590,0.595929,813400
1976-01-27,12.965590,13.296979,12.862031,13.110573,0.602593,1222400
1976-01-28,13.110573,13.359115,13.110573,13.276267,0.610209,945500
1976-01-29,13.276267,13.649080,13.193420,13.462673,0.618777,942800
1976-01-30,13.669791,13.856198,13.669791,13.731927,0.631152,792900
1976-02-02,13.690503,13.690503,13.441962,13.649080,0.632688,601500
1976-02-03,13.649080,13.794063,13.504097,13.794063,0.639409,588700
1976-02-04,13.794063,13.794063,13.628368,13.752639,0.637489,429500
1976-02-05,13.690503,13.690503,13.131285,13.441962,0.623088,599800
1976-02-06,13.214132,13.214132,12.862031,12.965590,0.601006,627900
1976-02-09,12.965590,13.131285,12.882743,13.089861,0.606766,479400
1976-02-10,13.089861,13.628368,13.089861,13.379827,0.620207,544100
1976-02-11,13.379827,13.607656,13.338403,13.504097,0.625968,869400
1976-02-12,13.421250,13.421250,13.151997,13.193420,0.611567,764400
1976-02-13,13.193420,13.214132,13.027725,13.048437,0.604846,479400
1976-02-17,13.048437,13.255555,13.048437,13.172709,0.610606,227900
1976-02-18,13.172709,13.628368,13.151997,13.504097,0.625968,411300
1976-02-19,13.586945,13.876909,13.586945,13.607656,0.630768,643000
1976-02-20,13.607656,13.773351,13.524809,13.649080,0.632688,742600
1976-02-23,13.566233,13.566233,13.214132,13.276267,0.615407,712400
1976-02-24,13.276267,13.586945,13.255555,13.462673,0.624048,584000
1976-02-25,13.462673,13.545521,13.421250,13.462673,0.624048,336900
1976-02-26,13.462673,13.545521,13.214132,13.234844,0.613487,279900
1976-02-27,13.234844,13.234844,13.007014,13.110573,0.607727,314100
1976-03-01,13.110573,13.276267,13.027725,13.172709,0.610606,493500
1976-03-02,13.193420,13.524809,13.193420,13.441962,0.623088,396300
1976-03-03,13.441962,13.586945,13.441962,13.524809,0.626928,440500
1976-03-04,13.524809,13.649080,13.462673,13.524809,0.626928,502200
1976-03-05,13.628368,13.773351,13.628368,13.752639,0.637489,524000
1976-03-08,13.773351,14.125451,13.773351,14.084028,0.652850,716800
1976-03-09,14.208299,14.415417,14.208299,14.353281,0.665331,730500
1976-03-10,14.353281,14.746805,14.249722,14.518975,0.673011,663800
1976-03-11,14.518975,14.518975,14.311857,14.436129,0.669171,584000
1976-03-12,14.291146,14.291146,13.897621,14.104739,0.653810,643000
1976-03-15,13.835486,13.835486,13.628368,13.731927,0.636529,453600
1976-03-16,13.731927,13.876909,13.731927,13.814775,0.640369,434500
1976-03-17,13.814775,13.897621,13.649080,13.690503,0.634608,246400
1976-03-18,13.649080,13.649080,13.483385,13.504097,0.625968,377500
1976-03-19,13.504097,13.711215,13.441962,13.628368,0.631729,448900
1976-03-22,13.628368,13.731927,13.607656,13.690503,0.634608,300400
1976-03-23,13.649080,13.649080,13.545521,13.628368,0.631729,175000
1976-03-24,13.628368,13.876909,13.504097,13.711215,0.635568,349000
1976-03-25,13.400538,13.400538,13.069149,13.172709,0.610606,458600
1976-03-26,13.172709,13.317691,13.048437,13.255555,0.614447,310400
1976-03-29,13.255555,13.276267,13.151997,13.151997,0.609647,148100
1976-03-30,13.151997,13.214132,13.048437,13.131285,0.608687,224600
1976-03-31,13.131285,13.255555,13.089861,13.172709,0.610606,503600
1976-04-01,13.172709,13.214132,12.986302,13.172709,0.610606,372800
1976-04-02,13.172709,13.255555,13.027725,13.255555,0.614447,308800
1976-04-05,13.359115,13.545521,13.359115,13.545521,0.627888,246100
1976-04-06,13.545521,13.669791,13.483385,13.504097,0.625968,395600
1976-04-07,13.504097,13.524809,13.214132,13.214132,0.612527,403000
1976-04-08,13.214132,13.276267,13.089861,13.193420,0.611567,715500
1976-04-09,13.193420,13.276267,13.089861,13.110573,0.607727,294700
1976-04-12,13.110573,13.276267,13.027725,13.048437,0.604846,385200
1976-04-13,13.048437,13.172709,13.027725,13.151997,0.609647,366100
1976-04-14,13.151997,13.193420,13.110573,13.131285,0.608687,324800
1976-04-15,13.131285,13.193420,13.069149,13.172709,0.610606,338900
1976-04-19,13.172709,13.317691,13.131285,13.255555,0.614447,359400
1976-04-20,13.317691,13.462673,13.317691,13.462673,0.624048,368100
1976-04-21,13.462673,13.628368,13.441962,13.628368,0.631729,386200
1976-04-22,13.628368,13.690503,13.545521,13.586945,0.629808,319800
1976-04-23,13.566233,13.566233,13.317691,13.338403,0.618288,304400
1976-04-26,13.338403,13.379827,13.172709,13.379827,0.620207,242700
1976-04-27,13.379827,13.379827,13.234844,13.296979,0.616367,389600
1976-04-28,13.296979,13.359115,13.110573,13.338403,0.618288,221900
1976-04-29,13.400538,13.731927,13.400538,13.649080,0.632688,440500
1976-04-30,13.649080,13.711215,13.607656,13.649080,0.632688,147500
1976-05-03,13.504097,13.504097,13.379827,13.462673,0.630361,280900
1976-05-04,13.462673,13.586945,13.421250,13.566233,0.635210,119600
1976-05-05,13.566233,13.649080,13.400538,13.441962,0.629391,308800
1976-05-06,13.441962,13.483385,13.359115,13.462673,0.630361,167600
1976-05-07,13.462673,13.628368,13.421250,13.628368,0.638119,451600
1976-05-10,13.628368,14.042604,13.545521,14.001181,0.655576,531400
1976-05-11,14.001181,14.208299,14.001181,14.125451,0.661394,524000
1976-05-12,14.104739,14.104739,14.021893,14.021893,0.656545,247400
1976-05-13,14.021893,14.021893,13.918333,13.918333,0.651696,166900
1976-05-14,13.876909,13.876909,13.731927,13.752639,0.643938,157200
1976-05-17,13.752639,13.752639,13.524809,13.649080,0.639089,176300
1976-05-18,13.649080,13.731927,13.566233,13.586945,0.636180,342600
1976-05-19,13.586945,13.607656,13.421250,13.441962,0.629391,227300
1976-05-20,13.483385,13.669791,13.483385,13.649080,0.639089,270200
1976-05-21,13.649080,13.649080,13.586945,13.628368,0.638119,119600
1976-05-24,13.586945,13.586945,13.131285,13.214132,0.618724,232000
1976-05-25,13.214132,13.338403,13.214132,13.338403,0.624543,194100
1976-05-26,13.007014,13.007014,12.841319,12.924167,0.605147,545500
1976-05-27,12.924167,12.965590,12.758472,12.882743,0.603207,358700
1976-05-28,12.903455,13.131285,12.903455,13.089861,0.612905,248700
1976-06-01,13.131285,13.234844,13.131285,13.172709,0.616784,140100
1976-06-02,13.172709,13.203776,12.986302,13.172709,0.616784,126000
1976-06-03,13.172709,13.265911,13.048437,13.110573,0.613875,217600
1976-06-04,12.986302,12.986302,12.830963,12.830963,0.600782,209800
1976-06-07,12.768828,12.768828,12.675625,12.768828,0.597873,213200
1976-06-08,12.830963,12.955235,12.830963,12.924167,0.605147,256100
1976-06-09,12.924167,12.986302,12.799896,12.862031,0.602237,124700
1976-06-10,12.893099,13.048437,12.893099,13.017370,0.609511,112600
1976-06-11,13.172709,13.514453,13.172709,13.514453,0.632786,197800
1976-06-14,13.514453,13.918333,13.514453,13.887265,0.650241,325900
1976-06-15,13.887265,13.918333,13.731927,13.762995,0.644423,190100
1976-06-16,13.762995,13.825130,13.514453,13.514453,0.632786,191100
1976-06-17,13.576589,13.825130,13.576589,13.731927,0.642968,304400
1976-06-18,13.731927,13.887265,13.607656,13.669791,0.640059,296700
1976-06-21,13.669791,13.825130,13.669791,13.731927,0.642968,182300
1976-06-22,13.731927,13.825130,13.638724,13.669791,0.640059,418400
1976-06-23,13.669791,13.669791,13.545521,13.607656,0.637149,188400
1976-06-24,13.669791,13.918333,13.669791,13.669791,0.640059,248700
1976-06-25,13.669791,13.762995,13.669791,13.700859,0.641513,149500
1976-06-28,13.700859,13.762995,13.607656,13.638724,0.638604,267500
1976-06-29,13.638724,13.669791,13.483385,13.638724,0.638604,244000
1976-06-30,13.638724,13.700859,13.452317,13.483385,0.631331,113900
1976-07-01,13.483385,13.545521,13.359115,13.390182,0.626967,186400
1976-07-02,13.390182,13.514453,13.328047,13.390182,0.626967,163200
1976-07-06,13.390182,13.421250,13.141641,13.141641,0.615329,222200
1976-07-07,13.110573,13.110573,12.862031,13.048437,0.610965,349300
1976-07-08,13.048437,13.203776,13.048437,13.110573,0.613875,226600
1976-07-09,13.172709,13.452317,13.172709,13.421250,0.628422,217600
1976-07-12,13.421250,13.514453,13.359115,13.483385,0.631331,211500
1976-07-13,13.483385,13.638724,13.359115,13.359115,0.625512,137400
1976-07-14,13.328047,13.328047,13.141641,13.234844,0.619693,438500
1976-07-15,13.234844,13.234844,13.048437,13.141641,0.615329,147500
1976-07-16,13.141641,13.234844,12.986302,13.234844,0.619693,231300
1976-07-19,13.234844,13.265911,13.079505,13.079505,0.612420,93500
1976-07-20,13.079505,13.079505,12.955235,12.986302,0.608056,152800
1976-07-21,12.986302,13.110573,12.986302,13.017370,0.609511,183000
1976-07-22,13.048437,13.172709,13.048437,13.172709,0.616784,188400
1976-07-23,13.172709,13.203776,13.048437,13.172709,0.616784,219200
1976-07-26,13.172709,13.234844,13.141641,13.203776,0.618239,174000
1976-07-27,13.203776,13.296979,12.924167,12.924167,0.605147,294700
1976-07-28,12.924167,12.924167,12.768828,12.830963,0.600782,178300
1976-07-29,12.830963,12.924167,12.737761,12.862031,0.602237,73000
1976-07-30,12.862031,12.955235,12.830963,12.893099,0.603692,69000
1976-08-02,12.893099,12.893099,12.706693,12.706693,0.601339,225900
1976-08-03,12.706693,12.955235,12.706693,12.955235,0.613102,138800
1976-08-04,12.955235,13.048437,12.924167,12.955235,0.613102,137100
1976-08-05,12.955235,13.017370,12.924167,12.986302,0.614572,66300
1976-08-06,12.986302,12.986302,12.862031,12.924167,0.611632,145500
1976-08-09,12.924167,12.924167,12.799896,12.893099,0.610161,114600
1976-08-10,12.893099,12.955235,12.830963,12.893099,0.610161,145100
1976-08-11,12.893099,13.017370,12.613489,13.017370,0.616042,784900
1976-08-12,12.613489,12.613489,12.209609,12.489219,0.591048,476700
1976-08-13,12.489219,12.520287,12.396015,12.427083,0.588107,201100
1976-08-16,12.427083,12.427083,12.271745,12.427083,0.588107,295000
1976-08-17,12.427083,12.489219,12.364948,12.396015,0.586637,292700
1976-08-18,12.396015,12.427083,12.333880,12.396015,0.586637,274900
1976-08-19,12.396015,12.396015,12.054271,12.178542,0.576345,272200
1976-08-20,12.147474,12.147474,11.805729,11.961068,0.566054,256100
1976-08-23,11.961068,11.992135,11.836797,11.930000,0.564583,230600
1976-08-24,11.930000,11.992135,11.867865,11.867865,0.561642,237300
1976-08-25,11.867865,12.054271,11.836797,12.023203,0.568994,243400
1976-08-26,12.023203,12.054271,11.867865,11.867865,0.561642,280600
1976-08-27,11.867865,11.992135,11.867865,11.992135,0.567523,441200
1976-08-30,11.992135,11.992135,11.836797,11.867865,0.561642,134100
1976-08-31,11.867865,11.992135,11.867865,11.930000,0.564583,338300
1976-09-01,11.930000,12.364948,11.867865,12.364948,0.585167,423100
1976-09-02,12.364948,12.427083,12.333880,12.396015,0.586637,195400
1976-09-03,12.396015,12.582422,12.333880,12.582422,0.595459,227600
1976-09-07,12.582422,12.613489,12.489219,12.613489,0.596929,216200
1976-09-08,12.613489,12.675625,12.520287,12.551354,0.593988,433800
1976-09-09,12.551354,12.551354,12.396015,12.427083,0.588107,304700
1976-09-10,12.427083,12.489219,12.302813,12.458151,0.589577,432800
1976-09-13,12.458151,12.489219,12.333880,12.333880,0.583696,243400
1976-09-14,12.302813,12.302813,12.085339,12.178542,0.576345,387500
1976-09-15,12.178542,12.178542,12.054271,12.147474,0.574875,279600
1976-09-16,12.147474,12.209609,12.023203,12.209609,0.577815,301700
1976-09-17,12.302813,12.427083,12.302813,12.333880,0.583696,284300
1976-09-20,12.396015,12.582422,12.396015,12.489219,0.591048,511300
1976-09-21,12.489219,12.737761,12.396015,12.737761,0.602810,618900
1976-09-22,12.737761,13.048437,12.737761,12.924167,0.611632,1056100
1976-09-23,12.924167,13.079505,12.862031,12.924167,0.611632,429100
1976-09-24,12.924167,12.955235,12.799896,12.862031,0.608691,241400
1976-09-27,12.862031,12.955235,12.830963,12.893099,0.610161,194100
1976-09-28,12.893099,12.924167,12.706693,12.706693,0.601339,367100
1976-09-29,12.675625,12.675625,12.333880,12.364948,0.585167,441200
1976-09-30,12.364948,12.396015,12.178542,12.396015,0.586637,205500
1976-10-01,12.396015,12.520287,11.898932,12.178542,0.576345,672200
1976-10-04,12.178542,12.271745,12.116406,12.116406,0.573405,244000
1976-10-05,12.085339,12.085339,11.681458,11.867865,0.561642,1107100
1976-10-06,11.867865,11.930000,11.743594,11.930000,0.564583,324200
1976-10-07,11.930000,11.961068,11.805729,11.930000,0.564583,623600
1976-10-08,11.930000,12.054271,11.619323,11.712526,0.554291,426400
1976-10-11,11.650391,11.650391,11.370781,11.557187,0.546940,257800
1976-10-12,11.557187,11.743594,11.463984,11.681458,0.552821,755000
1976-10-13,11.712526,12.116406,11.712526,12.085339,0.571934,876400
1976-10-14,12.023203,12.023203,11.712526,11.743594,0.555761,419100
1976-10-15,11.743594,11.867865,11.650391,11.743594,0.555761,168300
1976-10-18,11.743594,12.023203,11.743594,11.961068,0.566054,236700
1976-10-19,11.961068,11.961068,11.743594,11.898932,0.563113,252100
1976-10-20,11.898932,11.992135,11.805729,11.898932,0.563113,266200
1976-10-21,11.898932,11.992135,11.743594,11.743594,0.555761,141400
1976-10-22,11.743594,11.898932,11.681458,11.805729,0.558702,316100
1976-10-25,11.774661,11.774661,11.650391,11.681458,0.552821,195100
1976-10-26,11.681458,11.930000,11.681458,11.836797,0.560172,180000
1976-10-27,11.836797,11.961068,11.774661,11.805729,0.558702,174000
1976-10-28,11.805729,11.930000,11.650391,11.681458,0.552821,457600
1976-10-29,11.681458,11.805729,11.557187,11.743594,0.562342,265500
1976-11-01,11.743594,11.836797,11.681458,11.805729,0.565318,185400
1976-11-03,11.712526,11.712526,11.495052,11.681458,0.559367,426400
1976-11-04,11.712526,12.054271,11.712526,11.961068,0.572756,189400
1976-11-05,11.961068,11.992135,11.588255,11.588255,0.554904,310800
1976-11-08,11.588255,11.650391,11.495052,11.557187,0.553416,397300
1976-11-09,11.557187,11.619323,11.463984,11.619323,0.556391,375100
1976-11-10,11.619323,11.681458,11.495052,11.495052,0.550440,411300
1976-11-11,11.495052,11.619323,11.432917,11.619323,0.556391,425100
1976-11-12,11.526120,11.526120,11.401849,11.463984,0.548953,477700
1976-11-15,11.463984,11.619323,11.277578,11.557187,0.553416,268900
1976-11-16,11.557187,11.619323,11.432917,11.463984,0.548953,301000
1976-11-17,11.463984,11.557187,11.463984,11.463984,0.548953,182000
1976-11-18,11.463984,11.526120,11.432917,11.526120,0.551928,217900
1976-11-19,11.526120,11.743594,11.463984,11.557187,0.553416,295000
1976-11-22,11.588255,11.743594,11.588255,11.712526,0.560854,382500
1976-11-23,11.681458,11.681458,11.495052,11.495052,0.550440,337900
1976-11-24,11.495052,11.743594,11.495052,11.712526,0.560854,208500
1976-11-26,11.805729,12.023203,11.805729,11.992135,0.574243,252100
1976-11-29,11.992135,12.085339,11.930000,11.930000,0.571268,447900
1976-11-30,11.930000,11.961068,11.774661,11.836797,0.566805,136100
1976-12-01,11.836797,11.867865,11.743594,11.805729,0.565318,268900
1976-12-02,11.805729,11.898932,11.805729,11.805729,0.565318,248400
1976-12-03,11.805729,11.930000,11.774661,11.805729,0.565318,189400
1976-12-06,11.805729,12.240677,11.743594,12.178542,0.583169,327900
1976-12-07,12.178542,12.302813,12.116406,12.147474,0.581682,310100
1976-12-08,12.147474,12.240677,12.054271,12.147474,0.581682,235700
1976-12-09,12.147474,12.396015,12.147474,12.147474,0.581682,277900
1976-12-10,12.147474,12.178542,11.992135,12.085339,0.578706,323800
1976-12-13,12.085339,12.396015,11.992135,12.364948,0.592096,195800
1976-12-14,12.364948,12.799896,12.302813,12.737761,0.609948,378800
1976-12-15,12.737761,13.048437,12.706693,12.893099,0.617386,386200
1976-12-16,12.799896,12.799896,12.613489,12.644557,0.605485,312800
1976-12-17,12.644557,12.768828,12.582422,12.582422,0.602509,272900
1976-12-20,12.582422,12.675625,12.396015,12.427083,0.595071,264800
1976-12-21,12.427083,12.582422,12.271745,12.520287,0.599534,293700
1976-12-22,12.551354,12.737761,12.551354,12.675625,0.606973,270200
1976-12-23,12.675625,12.675625,12.271745,12.489219,0.598046,623600
1976-12-27,12.489219,12.520287,12.302813,12.427083,0.595071,425100
1976-12-28,12.427083,12.489219,12.240677,12.302813,0.589120,304400
1976-12-29,12.302813,12.364948,12.116406,12.209609,0.584657,322800
1976-12-30,12.209609,12.427083,12.178542,12.240677,0.586145,314800
1976-12-31,12.271745,12.364948,12.271745,12.364948,0.592096,187700
1977-01-03,12.427083,12.427083,12.271745,12.271745,0.587632,202100
1977-01-04,12.271745,12.333880,12.147474,12.147474,0.581682,226600
1977-01-05,12.147474,12.240677,12.085339,12.116406,0.580194,256100
1977-01-06,12.116406,12.240677,11.930000,11.930000,0.571268,77100
1977-01-07,11.867865,11.867865,11.681458,11.805729,0.565318,688600
1977-01-10,11.805729,11.898932,11.774661,11.774661,0.563830,248700
1977-01-11,11.774661,11.898932,11.650391,11.712526,0.560854,596800
1977-01-12,11.681458,11.681458,11.401849,11.463984,0.548953,731600
1977-01-13,11.526120,11.743594,11.526120,11.712526,0.560854,948100
1977-01-14,11.712526,11.898932,11.712526,11.743594,0.562342,345000
1977-01-17,11.743594,11.743594,11.588255,11.681458,0.559367,117300
1977-01-18,11.681458,11.743594,11.526120,11.557187,0.553416,323200
1977-01-19,11.557187,11.681458,11.557187,11.650391,0.557879,304100
1977-01-20,11.650391,11.712526,11.401849,11.432917,0.547465,629600
1977-01-21,11.432917,11.526120,11.370781,11.495052,0.550440,205500
1977-01-24,11.495052,11.557187,11.401849,11.463984,0.548953,224600
1977-01-25,11.463984,11.526120,11.370781,11.401849,0.545977,548100
1977-01-26,11.401849,11.495052,11.246511,11.277578,0.540027,365400
1977-01-27,11.277578,11.277578,11.215443,11.215443,0.537052,176000
1977-01-28,11.215443,11.370781,11.184375,11.246511,0.538539,511900
1977-01-31,11.184375,11.184375,10.904766,11.184375,0.542154,343000
1977-02-01,11.184375,11.308646,11.029037,11.184375,0.542154,300000
1977-02-02,11.184375,11.184375,11.060104,11.153307,0.540648,172000
1977-02-03,11.091172,11.091172,10.966901,10.997969,0.533118,256100
1977-02-04,11.060104,11.184375,11.060104,11.184375,0.542154,193100
1977-02-07,11.184375,11.246511,11.091172,11.184375,0.542154,101900
1977-02-08,11.184375,11.246511,11.122239,11.153307,0.540648,110900
1977-02-09,11.122239,11.122239,10.935833,11.091172,0.537635,351000
1977-02-10,11.153307,11.339713,11.153307,11.308646,0.548178,220200
1977-02-11,11.308646,11.339713,11.215443,11.308646,0.548178,236300
1977-02-14,11.308646,11.526120,11.246511,11.526120,0.558719,282900
1977-02-15,11.526120,11.743594,11.526120,11.681458,0.566249,294300
1977-02-16,11.712526,11.898932,11.712526,11.774661,0.570767,350700
1977-02-17,11.774661,11.774661,11.681458,11.774661,0.570767,124000
1977-02-18,11.774661,11.805729,11.681458,11.743594,0.569261,213500
1977-02-22,11.743594,11.898932,11.743594,11.805729,0.572273,166300
1977-02-23,11.805729,11.836797,11.681458,11.712526,0.567755,233300
1977-02-24,11.712526,11.743594,11.588255,11.650391,0.564743,220600
1977-02-25,11.650391,11.650391,11.339713,11.432917,0.554201,404600
1977-02-28,11.432917,11.495052,11.401849,11.495052,0.557214,232000
1977-03-01,11.495052,11.619323,11.495052,11.526120,0.558719,150800
1977-03-02,11.526120,11.619323,11.526120,11.557187,0.560225,147500
1977-03-03,11.557187,11.650391,11.557187,11.619323,0.563237,148100
1977-03-04,11.619323,11.805729,11.619323,11.805729,0.572273,155500
1977-03-07,11.805729,11.867865,11.743594,11.867865,0.575285,147100
1977-03-08,11.867865,11.930000,11.805729,11.836797,0.573779,110900
1977-03-09,11.805729,11.805729,11.681458,11.712526,0.567755,177000
1977-03-10,11.712526,11.805729,11.619323,11.774661,0.570767,171300
1977-03-11,11.774661,11.898932,11.774661,11.774661,0.570767,65000
1977-03-14,11.805729,12.240677,11.805729,12.240677,0.593357,451200
1977-03-15,12.240677,12.302813,12.085339,12.116406,0.587333,449900
1977-03-16,12.116406,12.178542,12.023203,12.147474,0.588839,286000
1977-03-17,12.147474,12.178542,11.961068,12.054271,0.584321,162900
1977-03-18,12.054271,12.085339,12.023203,12.054271,0.584321,134100
1977-03-21,12.054271,12.054271,11.961068,11.961068,0.579804,124000
1977-03-22,11.961068,11.961068,11.836797,11.898932,0.576791,126700
1977-03-23,11.898932,11.930000,11.743594,11.805729,0.572273,111600
1977-03-24,11.774661,11.774661,11.619323,11.650391,0.564743,128000
1977-03-25,11.650391,11.743594,11.370781,11.401849,0.552695,78700
1977-03-28,11.401849,11.432917,11.215443,11.277578,0.546671,137400
1977-03-29,11.308646,11.432917,11.308646,11.308646,0.548178,107600
1977-03-30,11.370781,11.495052,11.246511,11.308646,0.548178,246700
1977-03-31,11.308646,11.370781,11.246511,11.308646,0.548178,129400
1977-04-01,11.495052,11.495052,11.339713,11.495052,0.557214,137800
1977-04-04,11.495052,11.495052,11.308646,11.339713,0.549683,166900
1977-04-05,11.339713,11.463984,11.277578,11.370781,0.551190,334600
1977-04-06,11.370781,11.495052,11.184375,11.432917,0.554201,73000
1977-04-07,11.432917,11.557187,11.401849,11.557187,0.560225,217200
1977-04-11,11.557187,11.588255,11.401849,11.432917,0.554201,202500
1977-04-12,11.495052,11.681458,11.495052,11.681458,0.566249,191700
1977-04-13,11.681458,11.961068,11.619323,11.930000,0.578297,487100
1977-04-14,12.054271,12.333880,12.054271,12.147474,0.588839,466000
1977-04-15,12.147474,12.271745,12.054271,12.054271,0.584321,332900
1977-04-18,12.054271,12.085339,11.867865,11.898932,0.576791,180000
1977-04-19,11.898932,11.898932,11.774661,11.805729,0.572273,131400
1977-04-20,11.805729,11.930000,11.743594,11.836797,0.573779,208200
1977-04-21,11.836797,11.898932,11.743594,11.805729,0.572273,116600
1977-04-22,11.774661,11.774661,11.650391,11.681458,0.566249,97200
1977-04-25,11.619323,11.619323,11.370781,11.432917,0.554201,357000
1977-04-26,11.432917,11.526120,11.339713,11.370781,0.551190,241700
1977-04-27,11.339713,11.650391,11.339713,11.370781,0.551190,758700
1977-04-28,11.370781,11.432917,11.308646,11.401849,0.552695,356400
1977-04-29,11.401849,11.432917,11.277578,11.339713,0.549683,308100
1977-05-02,11.308646,11.308646,11.184375,11.184375,0.548769,301000
1977-05-03,11.184375,11.308646,11.153307,11.246511,0.551818,437800
1977-05-04,11.246511,11.370781,11.215443,11.308646,0.554867,146800
1977-05-05,11.277578,11.463984,11.215443,11.339713,0.556391,245700
1977-05-06,11.308646,11.308646,11.184375,11.308646,0.554867,326200
1977-05-09,11.277578,11.277578,11.184375,11.184375,0.548769,214500
1977-05-10,11.184375,11.308646,11.184375,11.308646,0.554867,181300
1977-05-11,11.308646,11.401849,11.246511,11.370781,0.557915,368800
1977-05-12,11.370781,11.432917,11.308646,11.370781,0.557915,193100
1977-05-13,11.370781,11.401849,11.308646,11.370781,0.557915,219900
1977-05-16,11.370781,11.401849,11.215443,11.215443,0.550293,246700
1977-05-17,11.184375,11.184375,10.780495,11.029037,0.541147,1020600
1977-05-18,11.029037,11.091172,10.904766,11.091172,0.544196,540400
1977-05-19,11.091172,11.091172,10.842630,10.842630,0.532001,215900
1977-05-20,10.811563,10.811563,10.625156,10.687292,0.524379,488800
1977-05-23,10.656224,10.656224,10.531953,10.563021,0.518281,355400
1977-05-24,10.563021,10.594089,10.500885,10.563021,0.518281,386500
1977-05-25,10.563021,10.687292,10.500885,10.531953,0.516757,320800
1977-05-26,10.531953,10.563021,10.469818,10.531953,0.516757,344300
1977-05-27,10.531953,10.531953,10.407682,10.407682,0.510660,258800
1977-05-31,10.407682,10.438750,10.314479,10.314479,0.506087,353300
1977-06-01,10.314479,10.407682,10.314479,10.407682,0.510660,206500
1977-06-02,10.407682,10.438750,10.314479,10.314479,0.506087,290600
1977-06-03,10.314479,10.376615,10.190208,10.314479,0.506087,163900
1977-06-06,10.314479,10.376615,10.128073,10.128073,0.496941,303700
1977-06-07,10.128073,10.159141,10.065937,10.065937,0.493892,201800
1977-06-08,10.097005,10.376615,10.097005,10.221276,0.501514,569300
1977-06-09,10.221276,10.345547,10.097005,10.128073,0.496941,302700
1977-06-10,10.128073,10.159141,10.065937,10.159141,0.498465,153800
1977-06-13,10.159141,10.159141,10.034870,10.065937,0.493892,177700
1977-06-14,10.065937,10.221276,10.065937,10.190208,0.499990,218600
1977-06-15,10.190208,10.221276,10.065937,10.097005,0.495416,251800
1977-06-16,10.097005,10.190208,10.003802,10.190208,0.499990,172000
1977-06-17,10.128073,10.128073,10.034870,10.065937,0.493892,204500
1977-06-20,10.065937,10.159141,10.065937,10.065937,0.493892,192400
1977-06-21,10.097005,10.190208,10.097005,10.128073,0.496941,256400
1977-06-22,10.128073,10.128073,9.941667,10.065937,0.493892,250700
1977-06-23,10.065937,10.128073,9.941667,10.003802,0.490843,735600
1977-06-24,10.003802,10.065937,9.910599,9.910599,0.486270,486100
1977-06-27,9.910599,9.910599,9.630990,9.724193,0.477124,864300
1977-06-28,9.693125,9.693125,9.537786,9.630990,0.472552,620600
1977-06-29,9.630990,9.630990,9.444583,9.630990,0.472552,1103700
1977-06-30,9.662057,9.879531,9.662057,9.879531,0.484746,335200
1977-07-01,9.941667,9.941667,9.693125,9.848464,0.483222,605500
1977-07-05,9.879531,9.879531,9.786328,9.817396,0.481697,180300
1977-07-06,9.817396,9.817396,9.693125,9.755260,0.478648,401000
1977-07-07,9.786328,9.879531,9.786328,9.848464,0.483222,358000
1977-07-08,9.848464,9.910599,9.693125,9.786328,0.480173,489800
1977-07-11,9.786328,9.786328,9.693125,9.724193,0.477124,338300
1977-07-12,9.724193,9.755260,9.693125,9.724193,0.477124,457300
1977-07-13,9.724193,9.755260,9.662057,9.693125,0.475600,435500
1977-07-15,9.693125,9.755260,9.662057,9.724193,0.477124,331200
1977-07-18,9.724193,9.786328,9.693125,9.786328,0.480173,203100
1977-07-19,9.786328,9.817396,9.662057,9.662057,0.474075,345000
1977-07-20,9.724193,9.724193,9.599922,9.599922,0.471027,296300
1977-07-21,9.599922,9.693125,9.475651,9.630990,0.472552,436800
1977-07-22,9.630990,9.630990,9.475651,9.599922,0.471027,271900
1977-07-25,9.599922,9.693125,9.444583,9.444583,0.463405,340600
1977-07-26,9.444583,9.444583,9.102839,9.227109,0.452734,681900
1977-07-27,9.227109,9.227109,8.698958,8.761094,0.429869,2331900
1977-07-28,8.730026,8.823229,8.574688,8.730026,0.428345,1791700
1977-07-29,8.730026,9.071771,8.574688,9.009635,0.442064,833800
1977-08-01,9.009635,9.009635,8.792161,8.947500,0.445779,492200
1977-08-02,8.823229,8.823229,8.636823,8.636823,0.430300,384200
1977-08-03,8.512552,8.512552,8.357214,8.481484,0.422561,970900
1977-08-04,8.481484,8.574688,8.419349,8.574688,0.427205,471700
1977-08-05,8.636823,8.761094,8.636823,8.667891,0.431848,266500
1977-08-08,8.667891,8.667891,8.481484,8.481484,0.422561,214500
1977-08-09,8.481484,8.574688,8.450417,8.543620,0.425657,337300
1977-08-10,8.543620,8.667891,8.481484,8.667891,0.431848,466700
1977-08-11,8.636823,8.636823,8.450417,8.450417,0.421014,443500
1977-08-12,8.450417,8.450417,8.357214,8.388281,0.417918,305700
1977-08-15,8.450417,8.450417,8.357214,8.450417,0.421014,365100
1977-08-16,8.450417,8.481484,8.264010,8.357214,0.416370,737600
1977-08-17,8.326146,8.326146,8.077604,8.077604,0.402439,500200
1977-08-18,8.077604,8.139740,7.891198,7.953333,0.396248,431500
1977-08-19,7.860130,7.860130,7.704792,7.797995,0.388508,814700
1977-08-22,7.797995,8.046536,7.549453,7.953333,0.396248,434800
1977-08-23,7.984401,8.139740,7.984401,8.046536,0.400892,401600
1977-08-24,8.085371,8.139740,7.984401,8.015469,0.399343,388200
1977-08-25,8.015469,8.108672,7.891198,7.953333,0.396248,269500
1977-08-26,7.953333,8.015469,7.829062,8.015469,0.399343,202100
1977-08-29,8.015469,8.108672,8.015469,8.046536,0.400892,292700
1977-08-30,8.046536,8.295078,8.046536,8.108672,0.403987,630300
1977-08-31,8.108672,8.295078,8.108672,8.295078,0.413274,268200
1977-09-01,8.326146,8.450417,8.326146,8.357214,0.416370,212500
1977-09-02,8.388281,8.512552,8.388281,8.481484,0.422561,253400
1977-09-06,8.481484,8.512552,8.295078,8.419349,0.419466,299700
1977-09-07,8.419349,8.481484,8.326146,8.326146,0.414822,197800
1977-09-08,8.326146,8.450417,8.295078,8.295078,0.413274,269900
1977-09-09,8.170807,8.170807,7.860130,7.922266,0.394700,664200
1977-09-12,7.891198,7.891198,7.704792,7.704792,0.383865,626900
1977-09-13,7.704792,7.735859,7.549453,7.611588,0.379222,347000
1977-09-14,7.611588,7.704792,7.580521,7.704792,0.383865,367400
1977-09-15,7.704792,7.735859,7.580521,7.642656,0.380769,414700
1977-09-16,7.611588,7.611588,7.331979,7.394114,0.368387,935400
1977-09-19,7.394114,7.394114,7.269844,7.394114,0.368387,509600
1977-09-20,7.394114,7.394114,7.238776,7.394114,0.368387,431500
1977-09-21,7.394114,7.456250,7.331979,7.394114,0.368387,380200
1977-09-22,7.363047,7.363047,7.238776,7.269844,0.362195,319800
1977-09-23,7.269844,7.300911,7.145573,7.207708,0.359100,470700
1977-09-26,7.114505,7.114505,6.959167,7.114505,0.354456,481800
1977-09-27,7.114505,7.114505,6.865963,6.865963,0.342073,528400
1977-09-28,6.865963,6.959167,6.710625,6.834896,0.340525,396600
1977-09-29,6.834896,6.990234,6.772760,6.928099,0.345169,1384000
1977-09-30,6.928099,7.052370,6.897031,7.052370,0.351360,1366600
1977-10-03,7.052370,7.176641,6.959167,7.021302,0.349813,785900
1977-10-04,7.238776,7.331979,7.238776,7.238776,0.360647,678900
1977-10-05,7.238776,7.394114,7.207708,7.331979,0.365291,581300
1977-10-06,7.394114,7.642656,7.363047,7.642656,0.380769,648700
1977-10-07,7.611588,7.611588,7.456250,7.487318,0.373030,569300
1977-10-10,7.487318,8.077604,7.425182,7.425182,0.369934,480800
1977-10-11,7.425182,7.518385,7.394114,7.425182,0.369934,212200
1977-10-12,7.363047,7.363047,7.145573,7.145573,0.356004,523700
1977-10-13,7.145573,7.363047,7.145573,7.331979,0.365291,588000
1977-10-14,7.363047,7.487318,7.363047,7.425182,0.369934,376500
1977-10-17,7.363047,7.425182,7.363047,7.425182,0.369934,181300
1977-10-18,7.363047,7.456250,7.363047,7.456250,0.371482,253800
1977-10-19,7.456250,7.487318,7.363047,7.425182,0.369934,242400
1977-10-20,7.425182,7.456250,7.300911,7.425182,0.369934,571600
1977-10-21,7.425182,7.456250,7.269844,7.269844,0.362195,251400
1977-10-24,7.269844,7.300911,7.207708,7.207708,0.359100,297700
1977-10-25,7.207708,7.331979,7.145573,7.331979,0.365291,584700
1977-10-26,7.331979,7.518385,7.238776,7.487318,0.373030,1024900
1977-10-27,7.487318,7.704792,7.394114,7.611588,0.379222,586700
1977-10-28,7.611588,7.642656,7.487318,7.611588,0.379222,538100
1977-10-31,7.487318,7.487318,7.363047,7.487318,0.379852,376800
1977-11-01,7.456250,7.456250,7.331979,7.363047,0.373548,360400
1977-11-02,7.363047,7.425182,7.207708,7.207708,0.365667,190400
1977-11-03,7.207708,7.363047,7.207708,7.238776,0.367243,586000
1977-11-04,7.331979,7.425182,7.331979,7.331979,0.371971,425100
1977-11-07,7.331979,7.487318,7.331979,7.487318,0.379852,522000
1977-11-08,7.487318,7.487318,7.331979,7.394114,0.375124,349000
1977-11-09,7.394114,7.425182,7.300911,7.331979,0.371971,318100
1977-11-10,7.331979,7.673724,7.300911,7.518385,0.381428,870400
1977-11-11,7.549453,7.735859,7.549453,7.673724,0.389309,560200
1977-11-14,7.673724,7.673724,7.518385,7.580521,0.384581,554200
1977-11-15,7.549453,7.549453,7.487318,7.549453,0.383004,793600
1977-11-16,7.549453,7.549453,7.394114,7.425182,0.376700,339900
1977-11-17,7.425182,7.425182,7.238776,7.331979,0.371971,662500
1977-11-18,7.363047,7.580521,7.363047,7.518385,0.381428,794600
1977-11-21,7.487318,7.487318,7.300911,7.331979,0.371971,493200
1977-11-22,7.331979,7.456250,7.331979,7.456250,0.378276,523300
1977-11-23,7.456250,7.580521,7.425182,7.549453,0.383004,717100
1977-11-25,7.549453,7.642656,7.518385,7.642656,0.387733,521300
1977-11-28,7.642656,7.735859,7.611588,7.611588,0.386157,498200
1977-11-29,7.611588,7.642656,7.394114,7.425182,0.376700,481400
1977-11-30,7.425182,7.487318,7.207708,7.456250,0.378276,565200
1977-12-01,7.456250,7.580521,7.394114,7.456250,0.378276,425100
1977-12-02,7.456250,7.487318,7.394114,7.487318,0.379852,218600
1977-12-05,7.487318,7.549453,7.487318,7.487318,0.379852,308400
1977-12-06,7.487318,7.518385,7.394114,7.456250,0.378276,537400
1977-12-07,7.456250,7.549453,7.425182,7.487318,0.379852,281600
1977-12-08,7.487318,7.518385,7.363047,7.363047,0.373548,517000
1977-12-09,7.394114,7.518385,7.394114,7.456250,0.378276,402300
1977-12-12,7.456250,7.487318,7.394114,7.425182,0.376700,252800
1977-12-13,7.425182,7.456250,7.425182,7.425182,0.376700,207800
1977-12-14,7.425182,7.456250,7.394114,7.456250,0.378276,296300
1977-12-15,7.456250,7.487318,7.363047,7.425182,0.376700,191400
1977-12-16,7.425182,7.425182,7.331979,7.363047,0.373548,252100
1977-12-19,7.363047,7.425182,7.331979,7.363047,0.373548,273900
1977-12-20,7.363047,7.425182,7.331979,7.394114,0.375124,245700
1977-12-21,7.456250,7.549453,7.456250,7.518385,0.381428,728900
1977-12-22,7.518385,7.642656,7.518385,7.642656,0.387733,394900
1977-12-23,7.642656,7.860130,7.580521,7.860130,0.398766,425400
1977-12-27,7.860130,7.953333,7.829062,7.891198,0.400342,547500
1977-12-28,7.891198,7.922266,7.829062,7.829062,0.397190,500200
1977-12-29,7.829062,7.984401,7.797995,7.891198,0.400342,557200
1977-12-30,7.891198,7.953333,7.829062,7.829062,0.397190,349300
1978-01-03,7.797995,7.860130,7.735859,7.797995,0.395614,369400
1978-01-04,7.766927,7.766927,7.611588,7.766927,0.394038,457300
1978-01-05,7.766927,7.984401,7.673724,7.766927,0.394038,634300
1978-01-06,7.735859,7.735859,7.580521,7.580521,0.384581,372500
1978-01-09,7.580521,7.611588,7.487318,7.549453,0.383004,454600
1978-01-10,7.580521,7.673724,7.580521,7.642656,0.387733,287600
1978-01-11,7.611588,7.611588,7.456250,7.456250,0.378276,432800
1978-01-12,7.487318,7.611588,7.487318,7.549453,0.383004,169300
1978-01-13,7.549453,7.642656,7.487318,7.487318,0.379852,290000
1978-01-16,7.487318,7.549453,7.487318,7.487318,0.379852,201100
1978-01-17,7.549453,7.611588,7.549453,7.580521,0.384581,199100
1978-01-18,7.611588,7.797995,7.611588,7.766927,0.394038,236000
1978-01-19,7.766927,7.860130,7.735859,7.766927,0.394038,502200
1978-01-20,7.766927,7.766927,7.673724,7.704792,0.390885,101200
1978-01-23,7.704792,7.797995,7.704792,7.704792,0.390885,217600
1978-01-24,7.704792,7.953333,7.704792,7.860130,0.398766,495800
1978-01-25,7.860130,8.170807,7.860130,8.015469,0.406647,430500
1978-01-26,8.015469,8.046536,7.797995,7.797995,0.395614,564200
1978-01-27,7.829062,7.984401,7.829062,7.953333,0.403494,229600
1978-01-30,7.984401,8.139740,7.984401,8.046536,0.408223,740900
1978-01-31,8.046536,8.077604,7.083437,7.114505,0.360938,2686300
1978-02-01,7.114505,7.114505,6.897031,7.083437,0.359362,2956500
1978-02-02,7.083437,7.083437,6.928099,6.959167,0.353058,1299500
1978-02-03,6.928099,6.928099,6.679557,6.772760,0.343601,1577500
1978-02-06,6.772760,6.803828,6.679557,6.741693,0.347120,361100
1978-02-07,6.741693,6.959167,6.741693,6.959167,0.358317,378500
1978-02-08,6.959167,7.083437,6.803828,6.897031,0.355118,700400
1978-02-09,6.897031,6.990234,6.834896,6.990234,0.359917,618900
1978-02-10,6.959167,6.959167,6.710625,6.741693,0.347120,636700
1978-02-13,6.741693,6.772760,6.648489,6.648489,0.342321,503600
1978-02-14,6.648489,6.679557,6.431015,6.524219,0.335923,797300
1978-02-15,6.524219,6.524219,6.399948,6.399948,0.329524,521000
1978-02-16,6.368880,6.368880,6.213542,6.337812,0.326325,1340400
1978-02-17,6.337812,6.399948,6.275677,6.337812,0.326325,517000
1978-02-21,6.337812,6.399948,6.213542,6.244609,0.321526,604800
1978-02-22,6.275677,6.399948,6.275677,6.368880,0.327925,265500
1978-02-23,6.368880,6.524219,6.337812,6.524219,0.335923,405600
1978-02-24,6.555286,6.741693,6.555286,6.679557,0.343921,468700
1978-02-27,6.679557,6.741693,6.493151,6.493151,0.334323,679900
1978-02-28,6.462083,6.462083,6.399948,6.431015,0.331124,326200
1978-03-01,6.431015,6.524219,6.368880,6.462083,0.332723,381500
1978-03-02,6.462083,6.586354,6.368880,6.524219,0.335923,306700
1978-03-03,6.524219,6.555286,6.431015,6.524219,0.335923,195800
1978-03-06,6.493151,6.493151,6.431015,6.462083,0.332723,322800
1978-03-07,6.462083,6.524219,6.431015,6.493151,0.334323,234300
1978-03-08,6.493151,6.555286,6.462083,6.524219,0.335923,225900
1978-03-09,6.524219,6.555286,6.462083,6.462083,0.332723,384500
1978-03-10,6.462083,6.555286,6.462083,6.555286,0.337522,236300
1978-03-13,6.555286,6.586354,6.493151,6.524219,0.335923,316100
1978-03-14,6.524219,6.555286,6.462083,6.555286,0.337522,445900
1978-03-15,6.555286,6.555286,6.462083,6.524219,0.335923,194400
1978-03-16,6.524219,6.555286,6.462083,6.555286,0.337522,174300
1978-03-17,6.555286,6.617422,6.493151,6.617422,0.340722,152200
1978-03-20,6.617422,6.679557,6.586354,6.679557,0.343921,599400
1978-03-21,6.679557,6.679557,6.431015,6.462083,0.332723,427100
1978-03-22,6.431015,6.462083,6.431015,6.431015,0.331124,188400
1978-03-23,6.431015,6.462083,6.431015,6.431015,0.331124,188400
1978-03-27,6.431015,6.493151,6.431015,6.462083,0.332723,401000
1978-03-28,6.462083,6.555286,6.399948,6.431015,0.331124,324800
1978-03-29,6.431015,6.431015,6.368880,6.399948,0.329524,304100
1978-03-30,6.399948,6.431015,6.306745,6.368880,0.327925,608800
1978-03-31,6.368880,6.399948,6.337812,6.337812,0.326325,329900
1978-04-03,6.306745,6.306745,6.182474,6.244609,0.321526,1859800
1978-04-04,6.275677,6.337812,6.275677,6.337812,0.326325,195100
1978-04-05,6.337812,6.431015,6.337812,6.431015,0.331124,324200
1978-04-06,6.431015,6.462083,6.368880,6.462083,0.332723,243400
1978-04-07,6.462083,6.462083,6.337812,6.337812,0.326325,321800
1978-04-10,6.337812,6.399948,6.337812,6.368880,0.327925,283900
1978-04-11,6.368880,6.368880,6.306745,6.368880,0.327925,220600
1978-04-12,6.368880,6.368880,6.275677,6.275677,0.323126,300700
1978-04-13,6.275677,6.368880,6.275677,6.275677,0.323126,479700
1978-04-14,6.368880,6.431015,6.368880,6.368880,0.327925,742600
1978-04-17,6.617422,6.897031,6.462083,6.648489,0.342321,1360600
1978-04-18,6.617422,6.617422,6.524219,6.555286,0.337522,726200
1978-04-19,6.555286,6.679557,6.524219,6.648489,0.342321,706400
1978-04-20,6.772760,6.897031,6.772760,6.834896,0.351919,776800
1978-04-21,6.834896,6.990234,6.803828,6.897031,0.355118,496200
1978-04-24,6.928099,7.176641,6.928099,7.176641,0.369515,489100
1978-04-25,6.897031,7.176641,6.897031,6.928099,0.356718,1147000
1978-04-26,6.928099,7.145573,6.803828,7.052370,0.363116,1233100
1978-04-27,7.052370,7.052370,6.959167,7.021302,0.361517,572000
1978-04-28,7.021302,7.145573,7.021302,7.145573,0.367915,335200
1978-05-01,7.145573,7.145573,7.021302,7.114505,0.371484,550500
1978-05-02,7.114505,7.114505,6.897031,6.959167,0.363373,539800
1978-05-03,6.959167,6.959167,6.741693,6.772760,0.353640,634000
1978-05-04,6.772760,6.772760,6.648489,6.710625,0.350396,377200
1978-05-05,6.710625,6.772760,6.648489,6.710625,0.350396,384900
1978-05-08,6.710625,6.803828,6.617422,6.617422,0.345529,564600
1978-05-09,6.617422,6.710625,6.617422,6.679557,0.348773,315100
1978-05-10,6.679557,6.679557,6.586354,6.586354,0.343907,370100
1978-05-11,6.586354,6.741693,6.555286,6.710625,0.350396,477100
1978-05-12,6.710625,6.803828,6.710625,6.772760,0.353640,606800
1978-05-15,6.772760,6.959167,6.741693,6.959167,0.363373,335200
1978-05-16,6.990234,7.145573,6.990234,7.052370,0.368240,744300
1978-05-17,7.083437,7.487318,7.083437,7.425182,0.387706,839500
1978-05-18,7.425182,7.611588,7.394114,7.394114,0.386084,1029000
1978-05-19,7.394114,7.456250,7.300911,7.394114,0.386084,622900
1978-05-22,7.394114,7.518385,7.363047,7.487318,0.390951,276200
1978-05-23,7.487318,7.518385,7.331979,7.331979,0.382840,494200
1978-05-24,7.331979,7.363047,7.207708,7.331979,0.382840,435500
1978-05-25,7.331979,7.363047,7.145573,7.176641,0.374729,314500
1978-05-26,7.145573,7.145573,7.083437,7.114505,0.371484,130000
1978-05-30,7.114505,7.238776,7.114505,7.238776,0.377973,227900
1978-05-31,7.238776,7.331979,7.176641,7.269844,0.379595,447900
1978-06-01,7.269844,7.269844,7.114505,7.114505,0.371484,340300
1978-06-02,7.114505,7.176641,7.114505,7.176641,0.374729,310100
1978-06-05,7.176641,7.238776,7.145573,7.207708,0.376351,252400
1978-06-06,7.207708,7.331979,7.207708,7.238776,0.377973,452600
1978-06-07,7.207708,7.207708,7.114505,7.176641,0.374729,242400
1978-06-08,7.176641,7.269844,7.145573,7.176641,0.374729,311800
1978-06-09,7.176641,7.238776,7.083437,7.114505,0.371484,179700
1978-06-12,7.114505,7.145573,6.928099,6.928099,0.361751,497500
1978-06-13,6.897031,6.897031,6.772760,6.834896,0.356884,369100
1978-06-14,6.834896,6.959167,6.834896,6.928099,0.361751,776800
1978-06-15,6.928099,6.928099,6.772760,6.803828,0.355262,328200
1978-06-16,6.803828,6.865963,6.772760,6.772760,0.353640,185700
1978-06-19,6.772760,6.803828,6.555286,6.648489,0.347151,416700
1978-06-20,6.648489,6.648489,6.586354,6.648489,0.347151,255800
1978-06-21,6.555286,6.555286,6.399948,6.399948,0.334174,477100
1978-06-22,6.399948,6.648489,6.399948,6.648489,0.347151,302000
1978-06-23,6.648489,6.679557,6.462083,6.493151,0.339040,232600
1978-06-26,6.493151,6.555286,6.399948,6.431015,0.335796,180000
1978-06-27,6.431015,6.493151,6.337812,6.462083,0.337418,261800
1978-06-28,6.462083,6.679557,6.462083,6.617422,0.345529,239300
1978-06-29,6.617422,6.710625,6.586354,6.648489,0.347151,143100
1978-06-30,6.648489,6.648489,6.555286,6.555286,0.342285,145100
1978-07-03,6.555286,6.555286,6.399948,6.431015,0.335796,225900
1978-07-05,6.431015,6.462083,6.213542,6.337812,0.330929,662800
1978-07-06,6.337812,6.462083,6.337812,6.462083,0.337418,294700
1978-07-07,6.462083,6.555286,6.462083,6.462083,0.337418,289000
1978-07-10,6.462083,6.524219,6.431015,6.524219,0.340662,175000
1978-07-11,6.524219,6.555286,6.462083,6.524219,0.340662,187700
1978-07-12,6.524219,6.586354,6.493151,6.555286,0.342285,214200
1978-07-13,6.555286,6.555286,6.399948,6.493151,0.339040,315100
1978-07-14,6.493151,6.586354,6.462083,6.586354,0.343907,225300
1978-07-17,6.586354,6.679557,6.555286,6.555286,0.342285,292700
1978-07-18,6.555286,6.648489,6.524219,6.555286,0.342285,328200
1978-07-19,6.555286,6.772760,6.555286,6.772760,0.353640,293000
1978-07-20,6.772760,6.928099,6.710625,6.834896,0.356884,467700
1978-07-21,6.834896,6.897031,6.772760,6.834896,0.356884,237300
1978-07-24,6.834896,6.865963,6.741693,6.834896,0.356884,185700
1978-07-25,6.865963,7.021302,6.865963,7.021302,0.366617,563200
1978-07-26,7.021302,7.083437,6.959167,7.021302,0.366617,764700
1978-07-27,7.021302,7.052370,6.928099,7.021302,0.366617,533100
1978-07-28,7.021302,7.145573,6.990234,7.114505,0.371484,293700
1978-07-31,7.114505,7.145573,7.083437,7.114505,0.376749,487500
1978-08-01,7.114505,7.114505,6.990234,7.052370,0.373459,316100
1978-08-02,7.052370,7.300911,7.021302,7.269844,0.384975,785500
1978-08-03,7.269844,7.518385,7.114505,7.363047,0.389911,1090600
1978-08-04,7.363047,7.456250,7.331979,7.363047,0.389911,513300
1978-08-07,7.363047,7.425182,7.145573,7.145573,0.378394,465000
1978-08-08,7.145573,7.269844,7.114505,7.238776,0.383330,197100
1978-08-09,7.238776,7.331979,7.145573,7.176641,0.380039,382500
1978-08-10,7.176641,7.176641,6.990234,6.990234,0.370168,265500
1978-08-11,6.990234,7.052370,6.959167,7.021302,0.371813,398600
1978-08-14,7.021302,7.052370,6.897031,6.928099,0.366878,317800
1978-08-15,6.928099,6.959167,6.834896,6.865963,0.363587,278200
1978-08-16,6.865963,6.928099,6.834896,6.897031,0.365233,358400
1978-08-17,6.897031,6.990234,6.834896,6.865963,0.363587,982300
1978-08-18,6.865963,6.928099,6.834896,6.897031,0.365233,330900
1978-08-21,6.897031,6.897031,6.772760,6.803828,0.360297,235300
1978-08-22,6.803828,6.865963,6.741693,6.865963,0.363587,184000
1978-08-23,6.865963,6.897031,6.710625,6.803828,0.360297,209200
1978-08-24,6.803828,6.897031,6.741693,6.897031,0.365233,594400
1978-08-25,6.897031,6.897031,6.772760,6.803828,0.360297,205800
1978-08-28,6.803828,6.865963,6.772760,6.803828,0.360297,443200
1978-08-29,6.803828,6.834896,6.679557,6.710625,0.355362,280600
1978-08-30,6.710625,6.710625,6.493151,6.555286,0.347136,1144600
1978-08-31,6.555286,6.586354,6.462083,6.493151,0.343845,694000
1978-09-01,6.493151,6.524219,6.431015,6.493151,0.343845,559900
1978-09-05,6.493151,6.524219,6.462083,6.524219,0.345490,403600
1978-09-06,6.555286,6.648489,6.555286,6.586354,0.348781,417400
1978-09-07,6.586354,6.679557,6.493151,6.524219,0.345490,444500
1978-09-08,6.524219,6.834896,6.462083,6.834896,0.361942,389600
1978-09-11,6.834896,6.897031,6.772760,6.834896,0.361942,485800
1978-09-12,6.834896,6.897031,6.772760,6.865963,0.363587,269500
1978-09-13,6.865963,7.052370,6.865963,6.928099,0.366878,534400
1978-09-14,6.928099,6.990234,6.772760,6.865963,0.363587,342600
1978-09-15,6.834896,6.834896,6.741693,6.772760,0.358652,179300
1978-09-18,6.772760,6.834896,6.586354,6.617422,0.350426,217600
1978-09-19,6.617422,6.648489,6.493151,6.493151,0.343845,399300
1978-09-20,6.493151,6.586354,6.462083,6.555286,0.347136,427400
1978-09-21,6.555286,6.586354,6.462083,6.555286,0.347136,298000
1978-09-22,6.555286,6.617422,6.493151,6.493151,0.343845,261500
1978-09-25,6.493151,6.524219,6.462083,6.493151,0.343845,181300
1978-09-26,6.493151,6.648489,6.493151,6.648489,0.352071,220600
1978-09-27,6.648489,6.772760,6.617422,6.648489,0.352071,547500
1978-09-28,6.648489,6.679557,6.555286,6.617422,0.350426,185700
1978-09-29,6.617422,6.710625,6.555286,6.555286,0.347136,172000
1978-10-02,6.555286,6.710625,6.524219,6.648489,0.352071,318100
1978-10-03,6.648489,6.679557,6.586354,6.617422,0.350426,191700
1978-10-04,6.617422,6.772760,6.586354,6.772760,0.358652,638700
1978-10-05,6.741693,6.741693,6.679557,6.741693,0.357006,405300
1978-10-06,6.741693,6.741693,6.648489,6.710625,0.355362,330500
1978-10-09,6.710625,6.803828,6.617422,6.741693,0.357006,260500
1978-10-10,6.741693,6.803828,6.710625,6.710625,0.355362,472000
1978-10-11,6.710625,6.865963,6.679557,6.865963,0.363587,537100
1978-10-12,6.865963,7.052370,6.710625,6.710625,0.355362,320200
1978-10-13,6.710625,6.772760,6.679557,6.741693,0.357006,234700
1978-10-16,6.679557,6.679557,6.555286,6.586354,0.348781,237300
1978-10-17,6.586354,6.586354,6.462083,6.555286,0.347136,561200
1978-10-18,6.555286,6.555286,6.306745,6.368880,0.337264,454900
1978-10-19,6.368880,6.368880,6.244609,6.275677,0.332329,572300
1978-10-20,6.275677,6.275677,6.151406,6.244609,0.330684,655800
1978-10-23,6.244609,6.275677,6.151406,6.244609,0.330684,443900
1978-10-24,6.244609,6.493151,6.213542,6.244609,0.330684,316500
1978-10-25,6.244609,6.275677,6.182474,6.244609,0.330684,280900
1978-10-26,6.244609,6.306745,6.151406,6.182474,0.327393,206200
1978-10-27,6.151406,6.151406,5.840729,5.902864,0.312587,698700
1978-10-30,5.902864,5.902864,5.716458,5.902864,0.312587,690000
1978-10-31,5.902864,5.965000,5.778594,5.809661,0.307651,535100
1978-11-01,5.840729,6.058203,5.840729,6.027135,0.319167,844200
1978-11-02,6.027135,6.058203,5.840729,5.902864,0.312587,365100
1978-11-03,5.809661,5.809661,5.716458,5.809661,0.312922,337900
1978-11-06,5.809661,5.809661,5.716458,5.716458,0.307901,241400
1978-11-07,5.716458,5.747526,5.561120,5.654323,0.304554,350300
1978-11-08,5.654323,5.685390,5.498984,5.561120,0.299534,332900
1978-11-09,5.561120,5.747526,5.498984,5.592187,0.301208,388600
1978-11-10,5.592187,5.685390,5.592187,5.654323,0.304554,235300
1978-11-13,5.654323,5.747526,5.561120,5.561120,0.299534,319800
1978-11-14,5.561120,5.623255,5.498984,5.498984,0.296188,239700
1978-11-15,5.498984,5.623255,5.498984,5.530052,0.297861,376100
1978-11-16,5.530052,5.592187,5.498984,5.561120,0.299534,208200
1978-11-17,5.561120,5.623255,5.561120,5.592187,0.301208,229300
1978-11-20,5.592187,5.623255,5.561120,5.592187,0.301208,491800
1978-11-21,5.592187,5.623255,5.530052,5.530052,0.297861,246400
1978-11-22,5.530052,5.623255,5.530052,5.623255,0.302881,264500
1978-11-24,5.623255,5.685390,5.592187,5.654323,0.304554,161200
1978-11-27,5.685390,5.747526,5.685390,5.716458,0.307901,249700
1978-11-28,5.716458,5.778594,5.685390,5.716458,0.307901,266800
1978-11-29,5.685390,5.685390,5.592187,5.623255,0.302881,153200
1978-11-30,5.623255,5.654323,5.561120,5.654323,0.304554,291700
1978-12-01,5.654323,5.716458,5.654323,5.716458,0.307901,193400
1978-12-04,5.685390,5.685390,5.592187,5.592187,0.301208,199100
1978-12-05,5.592187,5.716458,5.592187,5.685390,0.306228,270500
1978-12-06,5.685390,5.778594,5.654323,5.685390,0.306228,247700
1978-12-07,5.685390,5.716458,5.561120,5.592187,0.301208,230600
1978-12-08,5.592187,5.654323,5.561120,5.592187,0.301208,282900
1978-12-11,5.592187,5.623255,5.530052,5.561120,0.299534,287600
1978-12-12,5.561120,5.592187,5.498984,5.530052,0.297861,440500
1978-12-13,5.530052,5.530052,5.467916,5.467916,0.294514,480800
1978-12-14,5.467916,5.592187,5.436849,5.530052,0.297861,384200
1978-12-15,5.530052,5.530052,5.405781,5.436849,0.292841,310800
1978-12-18,5.436849,5.436849,5.281510,5.343646,0.287821,537100
1978-12-19,5.343646,5.374713,5.312578,5.343646,0.287821,493800
1978-12-20,5.343646,5.374713,5.281510,5.312578,0.286147,622900
1978-12-21,5.312578,5.374713,5.281510,5.343646,0.287821,771800
1978-12-22,5.405781,5.530052,5.405781,5.530052,0.297861,416400
1978-12-26,5.530052,5.561120,5.467916,5.467916,0.294514,306700
1978-12-27,5.467916,5.498984,5.374713,5.374713,0.289494,501900
1978-12-28,5.374713,5.405781,5.343646,5.374713,0.289494,588700
1978-12-29,5.374713,5.374713,5.250443,5.281510,0.284474,879400
1979-01-02,5.343646,5.498984,5.343646,5.498984,0.296188,278200
1979-01-03,5.498984,5.654323,5.498984,5.623255,0.302881,395300
1979-01-04,5.623255,5.809661,5.623255,5.747526,0.309575,266800
1979-01-05,5.840729,6.244609,5.840729,6.120338,0.329655,966600
1979-01-08,6.120338,6.120338,6.027135,6.089271,0.327982,399300
1979-01-09,6.089271,6.120338,6.027135,6.058203,0.326308,265500
1979-01-10,6.027135,6.027135,5.933932,5.965000,0.321288,203500
1979-01-11,5.965000,5.996068,5.809661,5.996068,0.322961,221900
1979-01-12,5.996068,6.089271,5.996068,5.996068,0.322961,323800
1979-01-15,5.996068,6.120338,5.996068,6.089271,0.327982,236300
1979-01-16,6.089271,6.120338,5.996068,6.089271,0.327982,236000
1979-01-17,6.089271,6.151406,6.027135,6.089271,0.327982,198100
1979-01-18,6.089271,6.213542,6.089271,6.182474,0.333002,466000
1979-01-19,6.182474,6.275677,6.182474,6.244609,0.336349,370400
1979-01-22,6.244609,6.275677,6.182474,6.275677,0.338022,265800
1979-01-23,6.275677,6.462083,6.275677,6.431015,0.346389,453900
1979-01-24,6.431015,6.462083,6.306745,6.368880,0.343042,281900
1979-01-25,6.368880,6.399948,6.306745,6.368880,0.343042,217600
1979-01-26,6.368880,6.462083,6.306745,6.399948,0.344716,597400
1979-01-29,6.399948,6.399948,6.306745,6.337812,0.341369,145500
1979-01-30,6.337812,6.493151,6.275677,6.275677,0.338022,312800
1979-01-31,6.275677,6.337812,6.151406,6.182474,0.333002,274600
1979-02-01,6.182474,6.275677,6.120338,6.275677,0.338022,190100
1979-02-02,6.244609,6.244609,6.151406,6.151406,0.331329,240400
1979-02-05,6.027135,6.027135,5.902864,5.933932,0.324865,274600
1979-02-06,5.933932,5.965000,5.840729,5.965000,0.326566,191400
1979-02-07,5.965000,5.965000,5.871797,5.871797,0.321463,133700
1979-02-08,5.871797,5.902864,5.840729,5.902864,0.323165,223300
1979-02-09,5.902864,5.996068,5.902864,5.965000,0.326566,306400
1979-02-12,5.965000,6.027135,5.965000,5.996068,0.328267,145500
1979-02-13,6.027135,6.089271,6.027135,6.027135,0.329968,138800
1979-02-14,6.027135,6.058203,5.996068,6.027135,0.329968,135400
1979-02-15,6.027135,6.027135,5.871797,5.933932,0.324865,182300
1979-02-16,5.933932,5.996068,5.933932,5.965000,0.326566,121300
1979-02-20,5.965000,6.027135,5.965000,6.027135,0.329968,199100
1979-02-21,6.027135,6.058203,5.996068,6.027135,0.329968,238000
1979-02-22,6.027135,6.027135,5.902864,5.933932,0.324865,296700
1979-02-23,5.871797,5.871797,5.778594,5.840729,0.319763,257800
1979-02-26,5.809661,5.809661,5.685390,5.716458,0.312960,207500
1979-02-27,5.685390,5.685390,5.467916,5.561120,0.304455,330200
1979-02-28,5.561120,5.654323,5.530052,5.654323,0.309558,184400
1979-03-01,5.654323,6.182474,5.623255,5.716458,0.312960,123700
1979-03-02,5.716458,5.778594,5.716458,5.716458,0.312960,71000
1979-03-05,5.747526,5.871797,5.747526,5.778594,0.316361,154200
1979-03-06,5.778594,5.809661,5.716458,5.778594,0.316361,225900
1979-03-07,5.809661,5.871797,5.809661,5.809661,0.318062,195100
1979-03-08,5.809661,6.089271,5.809661,6.089271,0.333370,445900
1979-03-09,6.089271,6.182474,6.089271,6.151406,0.336771,296300
1979-03-12,5.933932,6.089271,5.933932,6.027135,0.329968,63300
1979-03-13,6.027135,6.213542,5.996068,6.151406,0.336771,318800
1979-03-14,6.151406,6.151406,5.996068,6.027135,0.329968,257500
1979-03-15,6.027135,6.027135,5.902864,5.933932,0.324865,149500
1979-03-16,5.933932,6.027135,5.933932,5.965000,0.326566,166300
1979-03-19,5.965000,6.120338,5.965000,5.996068,0.328267,198400
1979-03-20,5.996068,6.058203,5.716458,5.996068,0.328267,196100
1979-03-21,5.996068,6.027135,5.965000,6.027135,0.329968,173300
1979-03-22,6.027135,6.213542,6.027135,6.213542,0.340173,978700
1979-03-23,6.213542,6.306745,6.151406,6.213542,0.340173,828800
1979-03-26,6.151406,6.151406,6.027135,6.027135,0.329968,129000
1979-03-27,6.027135,6.213542,5.933932,6.213542,0.340173,390200
1979-03-28,6.213542,6.244609,6.027135,6.058203,0.331669,815000
1979-03-29,6.058203,6.151406,5.996068,6.089271,0.333370,258100
1979-03-30,6.089271,6.089271,5.933932,6.058203,0.331669,372800
1979-04-02,6.027135,6.027135,5.933932,5.933932,0.324865,118000
1979-04-03,5.933932,6.027135,5.933932,6.027135,0.329968,324200
1979-04-04,6.027135,6.120338,6.027135,6.058203,0.331669,323200
1979-04-05,6.058203,6.120338,5.996068,6.120338,0.335071,271900
1979-04-06,6.120338,6.120338,6.058203,6.120338,0.335071,165600
1979-04-09,6.120338,6.120338,6.027135,6.089271,0.333370,301700
1979-04-10,6.089271,6.151406,6.027135,6.089271,0.333370,297700
1979-04-11,6.089271,6.120338,6.027135,6.120338,0.335071,218600
1979-04-12,6.120338,6.120338,5.996068,6.027135,0.329968,221900
1979-04-16,6.027135,6.027135,5.902864,5.965000,0.326566,313800
1979-04-17,5.965000,5.965000,5.840729,5.902864,0.323165,189400
1979-04-18,5.902864,5.965000,5.871797,5.965000,0.326566,201100
1979-04-19,5.933932,5.933932,5.778594,5.840729,0.319763,396900
1979-04-20,5.840729,5.840729,5.747526,5.747526,0.314660,153500
1979-04-23,5.747526,5.871797,5.716458,5.778594,0.316361,215200
1979-04-24,5.778594,5.933932,5.685390,5.716458,0.312960,602500
1979-04-25,5.747526,5.840729,5.747526,5.840729,0.319763,287600
1979-04-26,5.840729,5.871797,5.809661,5.809661,0.318062,218600
1979-04-27,5.809661,5.809661,5.747526,5.747526,0.314660,237300
1979-04-30,5.747526,5.778594,5.685390,5.747526,0.320199,206500
1979-05-01,5.747526,5.747526,5.592187,5.592187,0.311545,280900
1979-05-02,5.592187,5.716458,5.592187,5.716458,0.318468,176300
1979-05-03,5.716458,5.778594,5.685390,5.716458,0.318468,179000
1979-05-04,5.685390,5.685390,5.623255,5.654323,0.315007,169300
1979-05-07,5.654323,5.685390,5.530052,5.561120,0.309814,288300
1979-05-08,5.561120,5.654323,5.530052,5.654323,0.315007,205800
1979-05-09,5.654323,5.654323,5.592187,5.623255,0.313276,187700
1979-05-10,5.623255,5.654323,5.561120,5.592187,0.311545,237700
1979-05-11,5.592187,5.840729,5.561120,5.654323,0.315007,203100
1979-05-14,5.654323,5.685390,5.561120,5.592187,0.311545,97200
1979-05-15,5.592187,5.623255,5.592187,5.592187,0.311545,210500
1979-05-16,5.592187,5.623255,5.530052,5.592187,0.311545,130000
1979-05-17,5.592187,5.685390,5.530052,5.685390,0.316737,484800
1979-05-18,5.654323,5.654323,5.561120,5.592187,0.311545,139800
1979-05-21,5.592187,5.654323,5.592187,5.623255,0.313276,225600
1979-05-22,5.623255,5.654323,5.561120,5.623255,0.313276,273900
1979-05-23,5.623255,5.623255,5.498984,5.498984,0.306352,359400
1979-05-24,5.498984,5.561120,5.498984,5.498984,0.306352,201100
1979-05-25,5.498984,5.592187,5.498984,5.530052,0.308083,119000
1979-05-29,5.530052,5.592187,5.467916,5.530052,0.308083,125300
1979-05-30,5.530052,5.530052,5.436849,5.436849,0.302891,327200
1979-05-31,5.436849,5.467916,5.436849,5.436849,0.302891,132100
1979-06-01,5.436849,5.530052,5.436849,5.467916,0.304622,221600
1979-06-04,5.467916,5.530052,5.436849,5.530052,0.308083,340300
1979-06-05,5.530052,5.716458,5.467916,5.498984,0.306352,215200
1979-06-06,5.498984,5.530052,5.467916,5.530052,0.308083,322800
1979-06-07,5.530052,5.561120,5.498984,5.498984,0.306352,628600
1979-06-08,5.498984,5.561120,5.498984,5.561120,0.309814,392200
1979-06-11,5.561120,5.561120,5.498984,5.530052,0.308083,260800
1979-06-12,5.530052,5.685390,5.530052,5.685390,0.316737,318500
1979-06-13,5.685390,5.716458,5.623255,5.623255,0.313276,299000
1979-06-14,5.623255,5.654323,5.592187,5.654323,0.315007,138100
1979-06-15,5.654323,5.654323,5.592187,5.654323,0.315007,87500
1979-06-18,5.654323,5.685390,5.592187,5.623255,0.313276,89800
1979-06-19,5.530052,5.592187,5.530052,5.561120,0.309814,182300
1979-06-20,5.561120,5.561120,5.498984,5.530052,0.308083,143100
1979-06-21,5.530052,5.592187,5.498984,5.561120,0.309814,208500
1979-06-22,5.561120,5.592187,5.498984,5.530052,0.308083,242000
1979-06-25,5.530052,5.530052,5.467916,5.498984,0.306352,247400
1979-06-26,5.498984,5.498984,5.343646,5.405781,0.301160,211900
1979-06-27,5.405781,5.436849,5.312578,5.405781,0.301160,611900
1979-06-28,5.405781,5.405781,5.343646,5.374713,0.299429,186400
1979-06-29,5.374713,5.374713,5.312578,5.374713,0.299429,337300
1979-07-02,5.343646,5.343646,5.281510,5.343646,0.297698,284600
1979-07-03,5.343646,5.374713,5.312578,5.374713,0.299429,386200
1979-07-05,5.374713,5.374713,5.312578,5.374713,0.299429,229300
1979-07-06,5.374713,5.436849,5.343646,5.405781,0.301160,372800
1979-07-09,5.405781,5.498984,5.374713,5.498984,0.306352,429800
1979-07-10,5.498984,5.561120,5.436849,5.498984,0.306352,354000
1979-07-11,5.498984,5.498984,5.436849,5.467916,0.304622,195100
1979-07-12,5.467916,5.467916,5.405781,5.405781,0.301160,147800
1979-07-13,5.405781,5.436849,5.374713,5.405781,0.301160,258500
1979-07-16,5.405781,5.467916,5.374713,5.405781,0.301160,413400
1979-07-17,5.405781,5.405781,5.343646,5.374713,0.299429,229600
1979-07-18,5.374713,5.374713,5.312578,5.343646,0.297698,252400
1979-07-19,5.374713,5.436849,5.374713,5.436849,0.302891,407700
1979-07-20,5.436849,5.498984,5.374713,5.498984,0.306352,322800
1979-07-23,5.498984,5.530052,5.436849,5.498984,0.306352,212500
1979-07-24,5.498984,5.623255,5.467916,5.592187,0.311545,765800
1979-07-25,5.592187,5.685390,5.592187,5.654323,0.315007,298700
1979-07-26,5.654323,5.685390,5.623255,5.685390,0.316737,183700
1979-07-27,5.685390,5.716458,5.654323,5.685390,0.316737,203100
1979-07-30,5.685390,5.871797,5.685390,5.840729,0.325391,222200
1979-07-31,5.840729,5.902864,5.747526,5.747526,0.320199,347300
1979-08-01,5.747526,5.778594,5.654323,5.716458,0.318468,232300
1979-08-02,5.716458,5.716458,5.654323,5.654323,0.315007,269900
1979-08-03,5.654323,5.716458,5.654323,5.716458,0.318468,141100
1979-08-06,5.654323,5.654323,5.592187,5.654323,0.320582,212200
1979-08-07,5.654323,5.654323,5.561120,5.592187,0.317059,216200
1979-08-08,5.592187,5.685390,5.530052,5.654323,0.320582,244700
1979-08-09,5.654323,5.871797,5.561120,5.592187,0.317059,435800
1979-08-10,5.592187,5.716458,5.530052,5.716458,0.324105,396600
1979-08-13,5.716458,5.809661,5.685390,5.685390,0.322343,802600
1979-08-14,5.685390,5.716458,5.654323,5.685390,0.322343,486100
1979-08-15,5.685390,5.716458,5.561120,5.685390,0.322343,344600
1979-08-16,5.716458,5.809661,5.716458,5.778594,0.327628,462600
1979-08-17,5.778594,5.902864,5.747526,5.871797,0.332912,253400
1979-08-20,5.871797,5.902864,5.809661,5.840729,0.331151,215500
1979-08-21,5.840729,5.840729,5.778594,5.778594,0.327628,229300
1979-08-22,5.778594,5.809661,5.747526,5.778594,0.327628,250100
1979-08-23,5.778594,5.778594,5.716458,5.747526,0.325867,207200
1979-08-24,5.747526,5.809661,5.716458,5.778594,0.327628,241700
1979-08-27,5.747526,5.747526,5.685390,5.685390,0.322343,278600
1979-08-28,5.685390,5.747526,5.685390,5.716458,0.324105,188400
1979-08-29,5.716458,5.778594,5.623255,5.654323,0.320582,179000
1979-08-30,5.654323,5.654323,5.623255,5.623255,0.318821,155200
1979-08-31,5.623255,5.716458,5.374713,5.716458,0.324105,222600
1979-09-04,5.716458,5.716458,5.623255,5.654323,0.320582,171300
1979-09-05,5.654323,5.654323,5.592187,5.623255,0.318821,262500
1979-09-06,5.623255,5.685390,5.623255,5.623255,0.318821,185700
1979-09-07,5.623255,5.654323,5.561120,5.623255,0.318821,143100
1979-09-10,5.623255,5.654323,5.561120,5.623255,0.318821,249400
1979-09-11,5.623255,5.654323,5.498984,5.530052,0.313536,286000
1979-09-12,5.530052,5.561120,5.467916,5.498984,0.311775,287600
1979-09-13,5.467916,5.467916,5.405781,5.467916,0.310014,331900
1979-09-14,5.467916,5.561120,5.436849,5.561120,0.315298,452600
1979-09-17,5.592187,5.685390,5.592187,5.623255,0.318821,583400
1979-09-18,5.623255,5.840729,5.561120,5.716458,0.324105,507600
1979-09-19,5.716458,5.809661,5.685390,5.778594,0.327628,550500
1979-09-20,5.778594,6.058203,5.778594,6.058203,0.343481,743300
1979-09-21,6.058203,6.058203,5.933932,5.965000,0.338196,686300
1979-09-24,5.965000,5.996068,5.902864,5.933932,0.336435,573600
1979-09-25,5.902864,5.902864,5.840729,5.902864,0.334674,254800
1979-09-26,5.902864,5.933932,5.747526,5.871797,0.332912,240000
1979-09-27,5.871797,5.902864,5.840729,5.902864,0.334674,196400
1979-09-28,5.902864,5.902864,5.778594,5.778594,0.327628,184400
1979-10-01,5.809661,5.809661,5.685390,5.685390,0.322343,240400
1979-10-02,5.685390,5.716458,5.623255,5.685390,0.322343,445900
1979-10-03,5.716458,5.965000,5.716458,5.965000,0.338196,373100
1979-10-04,5.965000,6.089271,5.965000,6.058203,0.343481,453600
1979-10-05,6.058203,6.058203,5.996068,6.058203,0.343481,738900
1979-10-08,6.058203,6.058203,5.902864,5.902864,0.334674,347300
1979-10-09,5.778594,5.778594,5.592187,5.623255,0.318821,454900
1979-10-10,5.623255,5.654323,5.436849,5.561120,0.315298,621900
1979-10-11,5.561120,5.592187,5.467916,5.561120,0.315298,209200
1979-10-12,5.561120,5.685390,5.561120,5.561120,0.315298,269500
1979-10-15,5.530052,5.530052,5.436849,5.530052,0.313536,227600
1979-10-16,5.530052,5.592187,5.436849,5.467916,0.310014,225600
1979-10-17,5.467916,5.592187,5.467916,5.530052,0.313536,211900
1979-10-18,5.530052,5.530052,5.467916,5.467916,0.310014,245700
1979-10-19,5.436849,5.436849,5.219375,5.219375,0.295922,574000
1979-10-22,5.219375,5.219375,5.126172,5.219375,0.295922,348000
1979-10-23,5.219375,5.219375,5.157239,5.188307,0.294160,353300
1979-10-24,5.188307,5.281510,5.188307,5.219375,0.295922,437500
1979-10-25,5.219375,5.312578,5.188307,5.219375,0.295922,305100
1979-10-26,5.219375,5.250443,5.188307,5.250443,0.297683,149200
1979-10-29,5.250443,5.281510,5.219375,5.281510,0.299445,136700
1979-10-30,5.281510,5.281510,5.219375,5.219375,0.295922,178000
1979-10-31,5.219375,5.281510,5.188307,5.188307,0.294160,569900
1979-11-01,5.188307,5.281510,5.157239,5.281510,0.299445,272500
1979-11-02,5.188307,5.188307,5.032969,5.032969,0.290828,216500
1979-11-05,5.032969,5.064036,4.846562,4.970833,0.287237,459000
1979-11-06,4.939765,4.939765,4.784427,4.784427,0.276466,611900
1979-11-07,4.784427,4.815495,4.722291,4.753359,0.274671,1467200
1979-11-08,4.753359,4.753359,4.691224,4.722291,0.272876,411000
1979-11-09,4.722291,4.753359,4.660156,4.660156,0.269285,992700
1979-11-12,4.660156,4.691224,4.660156,4.691224,0.271080,471000
1979-11-13,4.691224,4.691224,4.660156,4.660156,0.269285,338900
1979-11-14,4.660156,4.691224,4.535885,4.629088,0.267490,3245500
1979-11-15,4.629088,4.660156,4.566953,4.629088,0.267490,311800
1979-11-16,4.629088,4.629088,4.566953,4.566953,0.263900,410700
1979-11-19,4.566953,4.629088,4.504817,4.504817,0.260309,394300
1979-11-20,4.504817,4.566953,4.473750,4.566953,0.263900,537400
1979-11-21,4.566953,4.660156,4.504817,4.566953,0.263900,320500
1979-11-23,4.566953,4.598021,4.535885,4.566953,0.263900,229600
1979-11-26,4.566953,4.598021,4.566953,4.566953,0.263900,408700
1979-11-27,4.566953,4.566953,4.473750,4.535885,0.262104,680600
1979-11-28,4.535885,4.535885,4.163073,4.318411,0.249538,2086100
1979-11-29,4.318411,4.318411,4.225208,4.287344,0.247742,1295800
1979-11-30,4.287344,4.318411,4.225208,4.287344,0.247742,970600
1979-12-03,4.287344,4.287344,4.194140,4.225208,0.244152,1024900
1979-12-04,4.225208,4.256276,4.163073,4.225208,0.244152,758400
1979-12-05,4.225208,4.287344,4.194140,4.256276,0.245947,2191700
1979-12-06,4.256276,4.318411,4.225208,4.287344,0.247742,660500
1979-12-07,4.287344,4.380547,4.256276,4.318411,0.249538,732600
1979-12-10,4.318411,4.380547,4.287344,4.349479,0.251333,380800
1979-12-11,4.349479,4.349479,4.256276,4.256276,0.245947,577700
1979-12-12,4.256276,4.411614,4.256276,4.380547,0.253128,959500
1979-12-13,4.380547,4.442682,4.349479,4.411614,0.254923,548500
1979-12-14,4.411614,4.473750,4.380547,4.473750,0.258514,620600
1979-12-17,4.473750,4.504817,4.411614,4.473750,0.258514,682900
1979-12-18,4.473750,4.504817,4.411614,4.442682,0.256718,818100
1979-12-19,4.442682,4.473750,4.380547,4.380547,0.253128,549200
1979-12-20,4.380547,4.442682,4.380547,4.411614,0.254923,563200
1979-12-21,4.411614,4.411614,4.380547,4.380547,0.253128,431100
1979-12-24,4.380547,4.411614,4.349479,4.380547,0.253128,286600
1979-12-26,4.380547,4.411614,4.318411,4.349479,0.251333,497200
1979-12-27,4.349479,4.349479,4.318411,4.349479,0.251333,535700
1979-12-28,4.349479,4.349479,4.256276,4.287344,0.247742,1527900
1979-12-31,4.287344,4.349479,4.256276,4.349479,0.251333,1437300
1980-01-02,4.349479,4.504817,4.318411,4.473750,0.258514,700000
1980-01-03,4.473750,4.598021,4.380547,4.473750,0.258514,1016200
1980-01-04,4.473750,4.566953,4.473750,4.473750,0.258514,1539600
1980-01-07,4.473750,4.566953,4.442682,4.504817,0.260309,2052600
1980-01-08,4.504817,5.281510,4.473750,5.281510,0.305190,2052600
1980-01-09,5.219375,5.219375,4.939765,4.939765,0.285442,2257500
1980-01-10,4.939765,5.219375,4.939765,5.126172,0.296214,1252600
1980-01-11,5.126172,5.188307,5.064036,5.126172,0.296214,599400
1980-01-14,5.126172,5.188307,5.095104,5.126172,0.296214,563200
1980-01-15,5.126172,5.219375,5.095104,5.157239,0.298009,492200
1980-01-16,5.157239,5.312578,5.126172,5.157239,0.298009,712800
1980-01-17,5.126172,5.126172,5.001901,5.032969,0.290828,557200
1980-01-18,5.032969,5.095104,4.970833,5.001901,0.289033,471700
1980-01-21,5.001901,5.126172,5.001901,5.032969,0.290828,386900
1980-01-22,5.032969,5.095104,5.001901,5.001901,0.289033,607500
1980-01-23,5.001901,5.032969,4.939765,5.001901,0.289033,811700
1980-01-24,5.001901,5.064036,4.908698,4.908698,0.283647,609500
1980-01-25,4.908698,4.939765,4.598021,4.629088,0.267490,6129000
1980-01-28,4.629088,4.660156,4.535885,4.598021,0.265695,990700
1980-01-29,4.598021,4.598021,4.442682,4.598021,0.265695,1488600
1980-01-30,4.753359,4.846562,4.753359,4.846562,0.280057,1223100
1980-01-31,4.908698,5.032969,4.908698,4.908698,0.283647,1044700
1980-02-01,4.908698,5.032969,4.908698,5.001901,0.289033,602100
1980-02-04,5.001901,5.032969,4.939765,5.032969,0.296726,712400
1980-02-05,5.032969,5.467916,5.032969,5.467916,0.322369,958500
1980-02-06,5.467916,5.530052,5.250443,5.343646,0.315042,1176800
1980-02-07,5.343646,5.405781,5.250443,5.250443,0.309547,402300
1980-02-08,5.250443,5.343646,5.219375,5.281510,0.311379,580000
1980-02-11,5.281510,5.312578,5.126172,5.157239,0.304052,543800
1980-02-12,5.157239,5.250443,5.126172,5.188307,0.305884,437500
1980-02-13,5.250443,5.436849,5.250443,5.343646,0.315042,704400
1980-02-14,5.343646,5.405781,5.219375,5.281510,0.311379,713400
1980-02-15,5.281510,5.281510,5.095104,5.281510,0.311379,757700
1980-02-19,5.219375,5.219375,5.126172,5.126172,0.302221,272900
1980-02-20,5.126172,5.188307,5.095104,5.126172,0.302221,244000
1980-02-21,5.126172,5.188307,4.970833,5.032969,0.296726,423800
1980-02-22,5.032969,5.032969,4.970833,5.001901,0.294894,151500
1980-02-25,5.001901,5.001901,4.877630,4.908698,0.289399,299700
1980-02-26,4.908698,4.939765,4.846562,4.908698,0.289399,192400
1980-02-27,4.908698,4.908698,4.753359,4.753359,0.280241,308800
1980-02-28,4.753359,4.877630,4.753359,4.784427,0.282073,680300
1980-02-29,4.784427,4.784427,4.691224,4.753359,0.280241,648100
1980-03-03,4.753359,4.815495,4.722291,4.722291,0.278409,180000
1980-03-04,4.722291,4.784427,4.691224,4.753359,0.280241,227600
1980-03-05,4.722291,4.722291,4.629088,4.660156,0.274746,254400
1980-03-06,4.660156,4.660156,4.566953,4.598021,0.271083,306400
1980-03-07,4.598021,4.598021,4.473750,4.535885,0.267419,545100
1980-03-10,4.535885,4.566953,4.473750,4.535885,0.267419,257800
1980-03-11,4.535885,4.629088,4.535885,4.566953,0.269251,253400
1980-03-12,4.566953,4.629088,4.566953,4.629088,0.272914,236700
1980-03-13,4.629088,4.660156,4.598021,4.598021,0.271083,192400
1980-03-14,4.598021,4.629088,4.473750,4.504817,0.265588,404600
1980-03-17,4.504817,4.504817,4.380547,4.411614,0.260093,276600
1980-03-18,4.411614,4.473750,4.349479,4.411614,0.260093,220600
1980-03-19,4.411614,4.473750,4.411614,4.411614,0.260093,108900
1980-03-20,4.411614,4.473750,4.411614,4.442682,0.261925,205100
1980-03-21,4.442682,4.504817,4.380547,4.411614,0.260093,197800
1980-03-24,4.411614,4.442682,4.287344,4.287344,0.252767,302400
1980-03-25,4.287344,4.349479,4.256276,4.287344,0.252767,232300
1980-03-26,4.287344,4.380547,4.287344,4.349479,0.256430,260500
1980-03-27,4.256276,4.256276,4.038802,4.038802,0.238113,733200
1980-03-28,4.163073,4.349479,4.163073,4.287344,0.252767,336600
1980-03-31,4.287344,4.411614,4.256276,4.349479,0.256430,236700
1980-04-01,4.349479,4.349479,4.256276,4.256276,0.250935,252100
1980-04-02,4.256276,4.287344,4.194140,4.256276,0.250935,147100
1980-04-03,4.256276,4.287344,4.225208,4.256276,0.250935,115000
1980-04-07,4.256276,4.287344,4.225208,4.287344,0.252767,253400
1980-04-08,4.287344,4.318411,4.225208,4.287344,0.252767,262100
1980-04-09,4.287344,4.380547,4.287344,4.349479,0.256430,187000
1980-04-10,4.349479,4.411614,4.349479,4.380547,0.258261,199800
1980-04-11,4.380547,4.442682,4.349479,4.411614,0.260093,270200
1980-04-14,4.411614,4.411614,4.287344,4.318411,0.254598,145800
1980-04-15,4.318411,4.380547,4.287344,4.318411,0.254598,191700
1980-04-16,4.318411,4.411614,4.256276,4.256276,0.250935,242000
1980-04-17,4.256276,4.287344,4.163073,4.163073,0.245440,252400
1980-04-18,4.194140,4.256276,4.194140,4.225208,0.249103,370800
1980-04-21,4.225208,4.225208,4.132005,4.163073,0.245440,328200
1980-04-22,4.194140,4.256276,4.194140,4.225208,0.249103,232000
1980-04-23,4.225208,4.256276,4.194140,4.194140,0.247272,281900
1980-04-24,4.194140,4.225208,4.100937,4.132005,0.243608,184400
1980-04-25,4.132005,4.163073,4.100937,4.132005,0.243608,159500
1980-04-28,4.132005,4.411614,4.132005,4.411614,0.260093,286300
1980-04-29,4.411614,4.629088,4.349479,4.629088,0.272914,620200
1980-04-30,4.629088,4.722291,4.566953,4.722291,0.278409,423100
1980-05-01,4.691224,4.691224,4.535885,4.598021,0.271083,166900
1980-05-02,4.598021,4.691224,4.566953,4.629088,0.272914,262800
1980-05-05,4.535885,4.535885,4.442682,4.504817,0.271417,145500
1980-05-06,4.504817,4.598021,4.473750,4.598021,0.277033,188400
1980-05-07,4.598021,4.629088,4.504817,4.504817,0.271417,145100
1980-05-08,4.504817,4.598021,4.442682,4.442682,0.267674,224300
1980-05-09,4.442682,4.473750,4.411614,4.411614,0.265802,90800
1980-05-12,4.411614,4.442682,4.380547,4.411614,0.265802,112900
1980-05-13,4.411614,4.535885,4.349479,4.535885,0.273289,146100
1980-05-14,4.535885,4.566953,4.442682,4.442682,0.267674,138800
1980-05-15,4.442682,4.442682,4.349479,4.411614,0.265802,446900
1980-05-16,4.411614,4.442682,4.349479,4.442682,0.267674,211900
1980-05-19,4.442682,4.566953,4.411614,4.566953,0.275161,480800
1980-05-20,4.566953,4.784427,4.504817,4.784427,0.288264,769100
1980-05-21,4.753359,4.753359,4.660156,4.722291,0.284520,459000
1980-05-22,4.722291,4.753359,4.660156,4.722291,0.284520,398300
1980-05-23,4.722291,4.753359,4.660156,4.722291,0.284520,340600
1980-05-27,4.722291,4.815495,4.722291,4.753359,0.286392,234300
1980-05-28,4.753359,4.753359,4.660156,4.660156,0.280776,284300
1980-05-29,4.908698,4.939765,4.629088,4.629088,0.278904,158200
1980-05-30,4.629088,4.629088,4.473750,4.629088,0.278904,297700
1980-06-02,4.629088,4.629088,4.535885,4.566953,0.275161,151800
1980-06-03,4.566953,4.566953,4.442682,4.473750,0.269545,265500
1980-06-04,4.473750,4.566953,4.411614,4.566953,0.275161,295700
1980-06-05,4.566953,4.629088,4.535885,4.629088,0.278904,317800
1980-06-06,4.629088,4.629088,4.473750,4.598021,0.277033,292000
1980-06-09,4.598021,4.629088,4.566953,4.629088,0.278904,161200
1980-06-10,4.629088,4.629088,4.535885,4.598021,0.277033,127000
1980-06-11,4.598021,4.629088,4.535885,4.566953,0.275161,176000
1980-06-12,4.566953,4.629088,4.566953,4.598021,0.277033,189700
1980-06-13,4.598021,4.784427,4.566953,4.753359,0.286392,765800
1980-06-16,4.753359,4.784427,4.691224,4.722291,0.284520,560200
1980-06-17,4.691224,4.691224,4.629088,4.629088,0.278904,270500
1980-06-18,4.629088,4.691224,4.629088,4.691224,0.282648,176300
1980-06-19,4.691224,4.691224,4.629088,4.629088,0.278904,286300
1980-06-20,4.629088,4.753359,4.598021,4.722291,0.284520,470700
1980-06-23,4.722291,4.815495,4.691224,4.815495,0.290136,569300
1980-06-24,4.815495,4.846562,4.691224,4.846562,0.292007,424400
1980-06-25,4.846562,4.908698,4.846562,4.877630,0.293879,602100
1980-06-26,4.877630,4.908698,4.753359,4.784427,0.288264,313100
1980-06-27,4.784427,4.846562,4.753359,4.784427,0.288264,113600
1980-06-30,4.753359,4.753359,4.660156,4.691224,0.282648,212200
1980-07-01,4.691224,4.753359,4.660156,4.722291,0.284520,250100
1980-07-02,4.722291,4.753359,4.691224,4.753359,0.286392,201500
1980-07-03,4.753359,4.877630,4.722291,4.877630,0.293879,528000
1980-07-07,4.877630,4.970833,4.846562,4.970833,0.299495,728200
1980-07-08,4.970833,5.219375,4.939765,5.188307,0.312598,1895300
1980-07-09,5.188307,5.250443,5.126172,5.157239,0.310726,1361200
1980-07-10,5.157239,5.188307,5.126172,5.126172,0.308854,461600
1980-07-11,5.126172,5.188307,5.126172,5.157239,0.310726,230300
1980-07-14,5.157239,5.312578,5.126172,5.281510,0.318213,411700
1980-07-15,5.281510,5.312578,5.219375,5.219375,0.314470,393200
1980-07-16,5.219375,5.281510,5.219375,5.219375,0.314470,426800
1980-07-17,5.219375,5.405781,5.219375,5.374713,0.323829,526000
1980-07-18,5.374713,5.654323,5.343646,5.592187,0.336932,1620100
1980-07-21,5.592187,5.623255,5.467916,5.561120,0.335060,611900
1980-07-22,5.561120,5.592187,5.530052,5.530052,0.333188,320500
1980-07-23,5.530052,5.561120,5.436849,5.498984,0.331316,413700
1980-07-24,5.498984,5.498984,5.436849,5.436849,0.327572,448600
1980-07-25,5.436849,5.467916,5.405781,5.436849,0.327572,344300
1980-07-28,5.436849,5.498984,5.405781,5.467916,0.329444,325900
1980-07-29,5.467916,5.561120,5.436849,5.561120,0.335060,346300
1980-07-30,5.561120,5.716458,5.561120,5.685390,0.342547,1022600
1980-07-31,5.685390,5.965000,5.654323,5.965000,0.359394,1489600
1980-08-01,5.965000,6.089271,5.933932,6.027135,0.363137,744600
1980-08-04,6.027135,6.089271,5.933932,6.058203,0.371131,774500
1980-08-05,6.058203,6.058203,5.996068,5.996068,0.367325,495200
1980-08-06,5.996068,5.996068,5.902864,5.996068,0.367325,788600
1980-08-07,5.996068,6.089271,5.996068,6.089271,0.373034,1023900
1980-08-08,6.089271,6.182474,6.089271,6.182474,0.378744,817000
1980-08-11,6.182474,6.182474,6.120338,6.151406,0.376841,642700
1980-08-12,6.151406,6.213542,6.027135,6.058203,0.371131,954500
1980-08-13,6.058203,6.120338,5.965000,5.965000,0.365421,691000
1980-08-14,5.965000,6.027135,5.965000,5.996068,0.367325,374800
1980-08-15,5.996068,6.027135,5.902864,5.933932,0.363518,295000
1980-08-18,5.902864,5.902864,5.685390,5.716458,0.350196,452600
1980-08-19,5.654323,5.654323,5.530052,5.530052,0.338776,425100
1980-08-20,5.530052,5.623255,5.530052,5.623255,0.344486,376100
1980-08-21,5.623255,5.840729,5.623255,5.840729,0.357808,638700
1980-08-22,5.840729,5.871797,5.747526,5.747526,0.352099,396600
1980-08-25,5.747526,5.778594,5.685390,5.747526,0.352099,246700
1980-08-26,5.747526,5.747526,5.654323,5.654323,0.346389,874400
1980-08-27,5.654323,5.654323,5.592187,5.654323,0.346389,200100
1980-08-28,5.654323,5.654323,5.561120,5.561120,0.340679,261800
1980-08-29,5.561120,5.623255,5.530052,5.623255,0.344486,83800
1980-09-02,5.623255,5.685390,5.561120,5.654323,0.346389,156900
1980-09-03,5.654323,5.716458,5.623255,5.685390,0.348292,158900
1980-09-04,5.685390,5.685390,5.592187,5.623255,0.344486,531400
1980-09-05,5.623255,5.685390,5.623255,5.654323,0.346389,161900
1980-09-08,5.654323,5.685390,5.623255,5.654323,0.346389,250400
1980-09-09,5.623255,5.623255,5.561120,5.592187,0.342583,205500
1980-09-10,5.592187,5.685390,5.592187,5.654323,0.346389,244000
1980-09-11,5.654323,5.685390,5.623255,5.654323,0.346389,117600
1980-09-12,5.654323,5.654323,5.592187,5.623255,0.344486,114600
1980-09-15,5.623255,5.685390,5.623255,5.685390,0.348292,245400
1980-09-16,5.685390,5.809661,5.685390,5.778594,0.354002,352700
1980-09-17,5.778594,5.902864,5.747526,5.840729,0.357808,287000
1980-09-18,5.840729,5.871797,5.716458,5.716458,0.350196,295000
1980-09-19,5.716458,5.778594,5.685390,5.716458,0.350196,1540300
1980-09-22,5.685390,5.685390,5.592187,5.623255,0.344486,442900
1980-09-23,5.623255,5.685390,5.561120,5.592187,0.342583,207200
1980-09-24,5.592187,5.592187,5.530052,5.592187,0.342583,141400
1980-09-25,5.592187,5.592187,5.405781,5.467916,0.334970,304700
1980-09-26,5.374713,5.374713,5.219375,5.281510,0.323550,481800
1980-09-29,5.281510,5.343646,5.219375,5.219375,0.319744,187700
1980-09-30,5.281510,5.467916,5.281510,5.436849,0.333066,258800
1980-10-01,5.436849,5.467916,5.343646,5.374713,0.329260,366400
1980-10-02,5.374713,5.405781,5.343646,5.405781,0.331163,136100
1980-10-03,5.436849,5.498984,5.436849,5.467916,0.334970,245400
1980-10-06,5.467916,5.530052,5.467916,5.530052,0.338776,161900
1980-10-07,5.467916,5.561120,5.374713,5.467916,0.334970,206200
1980-10-08,5.467916,5.467916,5.405781,5.405781,0.331163,296000
1980-10-09,5.405781,5.498984,5.405781,5.436849,0.333066,338300
1980-10-10,5.436849,5.467916,5.405781,5.467916,0.334970,337300
1980-10-13,5.467916,5.592187,5.436849,5.592187,0.342583,994800
1980-10-14,5.592187,5.654323,5.530052,5.561120,0.340679,1058800
1980-10-15,5.561120,5.592187,5.530052,5.592187,0.342583,252400
1980-10-16,5.592187,5.654323,5.498984,5.530052,0.338776,525700
1980-10-17,5.530052,5.592187,5.530052,5.592187,0.342583,603800
1980-10-20,5.592187,5.592187,5.530052,5.561120,0.340679,219200
1980-10-21,5.561120,5.623255,5.467916,5.498984,0.336873,441500
1980-10-22,5.498984,5.498984,5.405781,5.467916,0.334970,273900
1980-10-23,5.467916,5.530052,5.405781,5.436849,0.333066,175300
1980-10-24,5.436849,5.498984,5.405781,5.467916,0.334970,211500
1980-10-27,5.467916,5.467916,5.405781,5.436849,0.333066,259800
1980-10-28,5.436849,5.530052,5.343646,5.436849,0.333066,549500
1980-10-29,5.436849,5.498984,5.405781,5.467916,0.334970,250400
1980-10-30,5.467916,5.498984,5.436849,5.498984,0.336873,287000
1980-10-31,5.498984,5.498984,5.343646,5.436849,0.339199,403600
1980-11-03,5.436849,5.654323,5.436849,5.623255,0.350829,305100
1980-11-05,5.685390,6.244609,5.685390,5.685390,0.354705,904600
1980-11-06,5.685390,5.716458,5.530052,5.530052,0.345014,440500
1980-11-07,5.530052,5.530052,5.467916,5.498984,0.343076,407000
1980-11-10,5.498984,5.561120,5.436849,5.467916,0.341137,437200
1980-11-11,5.467916,5.592187,5.467916,5.561120,0.346952,221600
1980-11-12,5.561120,5.654323,5.530052,5.623255,0.350829,241400
1980-11-13,5.623255,5.747526,5.623255,5.716458,0.356644,430500
1980-11-14,5.747526,5.933932,5.747526,5.840729,0.364397,753700
1980-11-17,5.840729,6.058203,5.778594,6.058203,0.377965,912300
1980-11-18,6.058203,6.151406,5.996068,6.027135,0.376027,495800
1980-11-19,6.027135,6.058203,5.965000,5.996068,0.374088,350700
1980-11-20,5.996068,6.182474,5.965000,6.151406,0.383780,689300
1980-11-21,6.120338,6.120338,5.965000,5.965000,0.372150,385200
1980-11-24,5.933932,5.933932,5.778594,5.778594,0.360520,298000
1980-11-25,5.778594,5.840729,5.747526,5.778594,0.360520,268200
1980-11-26,5.778594,5.778594,5.623255,5.623255,0.350829,222200
1980-11-28,5.592187,5.592187,5.530052,5.561120,0.346952,225300
1980-12-01,5.561120,5.654323,5.498984,5.623255,0.350829,458000
1980-12-02,5.623255,6.027135,5.623255,6.027135,0.376027,764400
1980-12-03,6.027135,6.089271,5.933932,5.996068,0.374088,974000
1980-12-04,5.996068,6.120338,5.996068,6.027135,0.376027,525000
1980-12-05,5.996068,5.996068,5.778594,5.778594,0.360520,306700
1980-12-08,5.778594,5.778594,5.592187,5.592187,0.348890,279900
1980-12-09,5.592187,5.685390,5.530052,5.530052,0.345014,216500
1980-12-10,5.530052,5.561120,5.467916,5.467916,0.341137,257500
1980-12-11,5.467916,5.654323,5.281510,5.467916,0.341137,525300
1980-12-12,5.467916,5.561120,5.405781,5.530052,0.345014,366400
1980-12-15,5.530052,5.592187,5.498984,5.561120,0.346952,267800
1980-12-16,5.561120,5.623255,5.467916,5.592187,0.348890,392200
1980-12-17,5.592187,5.778594,5.592187,5.747526,0.358582,280300
1980-12-18,5.778594,5.840729,5.778594,5.778594,0.360520,371500
1980-12-19,5.778594,5.871797,5.747526,5.840729,0.364397,272500
1980-12-22,5.840729,6.089271,5.778594,5.996068,0.374088,500900
1980-12-23,6.058203,6.244609,6.058203,6.213542,0.387656,950500
1980-12-24,6.213542,6.306745,6.151406,6.306745,0.393471,455900
1980-12-26,6.306745,6.368880,6.275677,6.368880,0.397347,277600
1980-12-29,6.368880,6.431015,6.151406,6.182474,0.385718,311100
1980-12-30,6.182474,6.213542,6.089271,6.120338,0.381841,220200
1980-12-31,6.120338,6.182474,6.089271,6.151406,0.383780,191700
1981-01-02,6.182474,6.368880,6.182474,6.368880,0.397347,264500
1981-01-05,6.368880,6.493151,6.306745,6.399948,0.399286,571600
1981-01-06,6.399948,6.493151,6.306745,6.431015,0.401224,435500
1981-01-07,6.213542,6.213542,6.027135,6.213542,0.387656,718800
1981-01-08,6.182474,6.182474,6.058203,6.089271,0.379903,541400
1981-01-09,6.089271,6.213542,6.027135,6.182474,0.385718,322800
1981-01-12,6.182474,6.275677,6.089271,6.089271,0.379903,360400
1981-01-13,6.089271,6.151406,6.027135,6.089271,0.379903,300400
1981-01-14,6.120338,6.182474,6.120338,6.120338,0.381841,269500
1981-01-15,6.120338,6.151406,6.089271,6.089271,0.379903,158900
1981-01-16,6.089271,6.151406,6.058203,6.120338,0.381841,302400
1981-01-19,6.058203,6.058203,5.996068,5.996068,0.374088,199400
1981-01-20,5.996068,6.058203,5.809661,5.809661,0.362458,252800
1981-01-21,5.809661,5.933932,5.809661,5.902864,0.368273,130000
1981-01-22,5.902864,5.965000,5.809661,5.840729,0.364397,121000
1981-01-23,5.871797,5.965000,5.871797,5.965000,0.372150,183400
1981-01-26,5.965000,6.027135,5.871797,5.933932,0.370211,430800
1981-01-27,5.933932,6.493151,5.902864,6.462083,0.403162,1403100
1981-01-28,6.462083,6.710625,6.431015,6.648489,0.414792,1693800
1981-01-29,6.648489,6.990234,6.617422,6.928099,0.432237,2468300
1981-01-30,6.928099,6.959167,6.772760,6.772760,0.422545,746600
1981-02-02,6.772760,6.803828,6.617422,6.648489,0.422545,694300
1981-02-03,6.648489,6.772760,6.617422,6.772760,0.430443,543800
1981-02-04,6.772760,6.803828,6.648489,6.772760,0.430443,515000
1981-02-05,6.772760,6.803828,6.710625,6.803828,0.432418,350000
1981-02-06,6.803828,6.897031,6.772760,6.834896,0.434392,714100
1981-02-09,6.834896,6.865963,6.803828,6.865963,0.436367,313800
1981-02-10,6.865963,6.928099,6.834896,6.928099,0.440316,440500
1981-02-11,6.928099,7.021302,6.928099,6.959167,0.442290,958200
1981-02-12,6.959167,6.959167,6.865963,6.865963,0.436367,341900
1981-02-13,6.865963,6.865963,6.772760,6.834896,0.434392,202500
1981-02-17,6.834896,6.834896,6.803828,6.834896,0.434392,280600
1981-02-18,6.834896,6.928099,6.803828,6.865963,0.436367,231300
1981-02-19,6.897031,7.021302,6.897031,6.897031,0.438341,1420600
1981-02-20,6.897031,6.959167,6.803828,6.865963,0.436367,315800
1981-02-23,6.897031,7.083437,6.897031,7.052370,0.448214,2340600
1981-02-24,7.052370,7.052370,6.928099,6.959167,0.442290,592100
1981-02-25,6.959167,7.021302,6.834896,6.928099,0.440316,813400
1981-02-26,6.928099,7.021302,6.897031,7.021302,0.446239,507200
1981-02-27,7.021302,7.021302,6.928099,6.959167,0.442290,435800
1981-03-02,6.959167,7.176641,6.928099,7.176641,0.456112,1113400
1981-03-03,7.176641,7.425182,7.052370,7.425182,0.471908,2067000
1981-03-04,7.425182,7.797995,7.394114,7.735859,0.491653,3035700
1981-03-05,7.735859,7.797995,7.611588,7.611588,0.483755,1102700
1981-03-06,7.611588,7.704792,7.580521,7.704792,0.489679,460000
1981-03-09,7.673724,7.673724,7.580521,7.611588,0.483755,689000
1981-03-10,7.611588,7.673724,7.456250,7.487318,0.475857,1254600
1981-03-11,7.487318,7.487318,7.363047,7.456250,0.473882,740900
1981-03-12,7.456250,7.735859,7.456250,7.735859,0.491653,749000
1981-03-13,7.735859,7.829062,7.673724,7.704792,0.489679,960200
1981-03-16,7.766927,8.139740,7.766927,8.139740,0.517322,1442700
1981-03-17,8.108672,8.108672,7.766927,7.891198,0.501526,1763200
1981-03-18,7.891198,8.108672,7.797995,7.953333,0.505475,1072500
1981-03-19,8.139740,8.326146,8.139740,8.201875,0.521270,1965800
1981-03-20,8.201875,8.264010,8.170807,8.201875,0.521270,871700
1981-03-23,8.201875,8.264010,8.170807,8.264010,0.525220,552500
1981-03-24,8.264010,8.326146,8.232943,8.295078,0.527194,953500
1981-03-25,8.295078,8.574688,8.264010,8.574688,0.544965,1727000
1981-03-26,8.574688,8.761094,8.574688,8.574688,0.544965,1472900
1981-03-27,8.574688,8.636823,8.512552,8.574688,0.544965,661100
1981-03-30,8.574688,8.698958,8.574688,8.636823,0.548914,676600
1981-03-31,8.636823,8.761094,8.605755,8.730026,0.554837,610500
1981-04-01,8.730026,8.730026,8.512552,8.512552,0.541015,459300
1981-04-02,8.512552,8.543620,8.201875,8.295078,0.527194,584700
1981-04-03,8.295078,8.357214,8.139740,8.170807,0.519296,572300
1981-04-06,8.108672,8.108672,7.829062,7.984401,0.507449,500200
1981-04-07,7.984401,8.046536,7.953333,8.046536,0.511398,304700
1981-04-08,8.046536,8.046536,7.891198,7.953333,0.505475,408300
1981-04-09,8.015469,8.326146,8.015469,8.295078,0.527194,1146600
1981-04-10,8.295078,8.419349,8.232943,8.326146,0.529169,744300
1981-04-13,8.326146,8.667891,8.232943,8.543620,0.542991,956200
1981-04-14,8.450417,8.450417,8.295078,8.419349,0.535092,502200
1981-04-15,8.419349,8.450417,8.326146,8.419349,0.535092,941400
1981-04-16,8.419349,8.419349,8.326146,8.388281,0.533118,573600
1981-04-20,8.388281,8.450417,8.264010,8.419349,0.535092,648400
1981-04-21,8.419349,8.481484,8.295078,8.357214,0.531143,614900
1981-04-22,8.388281,8.512552,8.388281,8.512552,0.541015,620200
1981-04-23,8.512552,8.698958,8.481484,8.574688,0.544965,1061500
1981-04-24,8.574688,8.636823,8.512552,8.574688,0.544965,594100
1981-04-27,8.574688,8.636823,8.512552,8.605755,0.546939,382900
1981-04-28,8.605755,8.667891,8.543620,8.667891,0.550888,854900
1981-04-29,8.667891,8.667891,8.419349,8.605755,0.546939,747300
1981-04-30,8.574688,8.574688,8.388281,8.481484,0.539041,387200
1981-05-01,8.481484,8.512552,8.388281,8.450417,0.537067,265500
1981-05-04,8.264010,8.264010,8.077604,8.170807,0.527047,290000
1981-05-05,8.170807,8.170807,7.829062,7.891198,0.509011,537400
1981-05-06,7.891198,7.984401,7.891198,7.891198,0.509011,736900
1981-05-07,7.891198,7.953333,7.891198,7.891198,0.509011,369400
1981-05-08,7.922266,7.984401,7.922266,7.953333,0.513019,766800
1981-05-11,8.015469,8.170807,8.015469,8.015469,0.517027,363100
1981-05-12,8.015469,8.170807,7.984401,8.139740,0.525043,513300
1981-05-13,8.139740,8.139740,8.015469,8.046536,0.519031,184000
1981-05-14,8.046536,8.108672,7.953333,7.953333,0.513019,328200
1981-05-15,7.953333,8.046536,7.953333,8.015469,0.517027,187000
1981-05-18,8.015469,8.077604,7.891198,8.046536,0.519031,1243900
1981-05-19,8.046536,8.077604,7.922266,7.953333,0.513019,594800
1981-05-20,7.953333,8.015469,7.891198,7.953333,0.513019,543800
1981-05-21,7.953333,8.077604,7.953333,8.046536,0.519031,1000100
1981-05-22,8.046536,8.108672,8.046536,8.077604,0.521035,331200
1981-05-26,8.077604,8.170807,8.077604,8.170807,0.527047,377500
1981-05-27,8.170807,8.201875,8.046536,8.139740,0.525043,1201000
1981-05-28,8.139740,8.170807,8.077604,8.139740,0.525043,252800
1981-05-29,8.139740,8.170807,8.108672,8.108672,0.523039,251400
1981-06-01,8.139740,8.326146,8.139740,8.201875,0.529050,2507600
1981-06-02,8.201875,8.264010,8.170807,8.201875,0.529050,759400
1981-06-03,8.201875,8.201875,8.077604,8.201875,0.529050,499500
1981-06-04,8.077604,8.077604,7.860130,7.860130,0.507007,837200
1981-06-05,7.860130,7.922266,7.580521,7.642656,0.492979,843900
1981-06-08,7.642656,7.704792,7.487318,7.518385,0.484963,432500
1981-06-09,7.518385,7.549453,7.331979,7.331979,0.472939,544500
1981-06-10,7.394114,7.549453,7.394114,7.518385,0.484963,447600
1981-06-11,7.518385,7.642656,7.518385,7.549453,0.486967,305700
1981-06-12,7.549453,7.642656,7.549453,7.611588,0.490975,392900
1981-06-15,7.766927,7.922266,7.704792,7.766927,0.500995,443200
1981-06-16,7.766927,7.766927,7.580521,7.611588,0.490975,222600
1981-06-17,7.611588,7.704792,7.580521,7.704792,0.496987,208500
1981-06-18,7.704792,7.704792,7.456250,7.456250,0.480955,601800
1981-06-19,7.487318,7.642656,7.487318,7.611588,0.490975,221900
1981-06-22,7.611588,7.673724,7.456250,7.518385,0.484963,209200
1981-06-23,7.518385,7.580521,7.487318,7.580521,0.488971,418400
1981-06-24,7.580521,7.580521,7.456250,7.456250,0.480955,225300
1981-06-25,7.456250,7.487318,7.425182,7.456250,0.480955,347000
1981-06-26,7.456250,7.487318,7.394114,7.425182,0.478952,184000
1981-06-29,7.425182,7.456250,7.394114,7.425182,0.478952,202500
1981-06-30,7.425182,7.425182,7.363047,7.394114,0.476947,203100
1981-07-01,7.300911,7.300911,7.238776,7.269844,0.468931,321800
1981-07-02,7.238776,7.238776,7.052370,7.114505,0.458911,632000
1981-07-06,7.052370,7.052370,6.834896,6.928099,0.446888,919300
1981-07-07,6.928099,6.990234,6.803828,6.928099,0.446888,678200
1981-07-08,6.928099,6.928099,6.617422,6.710625,0.432860,1651600
1981-07-09,6.710625,6.772760,6.493151,6.772760,0.436868,1946300
1981-07-10,6.772760,6.834896,6.679557,6.803828,0.438872,1697200
1981-07-13,6.865963,7.083437,6.865963,6.990234,0.450896,436500
1981-07-14,6.990234,7.021302,6.928099,6.959167,0.448892,400300
1981-07-15,6.959167,7.052370,6.897031,7.021302,0.452899,377500
1981-07-16,7.052370,7.114505,7.052370,7.083437,0.456907,190400
1981-07-17,7.083437,7.425182,7.052370,7.425182,0.478952,369400
1981-07-20,7.331979,7.331979,7.207708,7.238776,0.466927,399600
1981-07-21,7.238776,7.331979,7.083437,7.145573,0.460915,1130500
1981-07-22,7.145573,7.207708,7.052370,7.083437,0.456907,326200
1981-07-23,7.083437,7.145573,6.959167,7.083437,0.456907,223900
1981-07-24,7.114505,7.269844,7.114505,7.238776,0.466927,410300
1981-07-27,7.238776,7.394114,7.238776,7.394114,0.476947,424400
1981-07-28,7.394114,7.394114,7.238776,7.363047,0.474943,331900
1981-07-29,7.363047,7.487318,7.269844,7.456250,0.480955,680900
1981-07-30,7.456250,7.580521,7.394114,7.425182,0.478952,594400
1981-07-31,7.456250,7.766927,7.456250,7.766927,0.500995,797600
1981-08-03,7.766927,7.766927,7.456250,7.487318,0.490812,455900
1981-08-04,7.487318,7.518385,7.394114,7.456250,0.488776,332600
1981-08-05,7.456250,7.518385,7.425182,7.518385,0.492849,274600
1981-08-06,7.518385,7.704792,7.518385,7.673724,0.503032,345300
1981-08-07,7.673724,7.673724,7.487318,7.487318,0.490812,247700
1981-08-10,7.487318,7.518385,7.425182,7.425182,0.486739,191700
1981-08-11,7.425182,7.456250,7.269844,7.300911,0.478593,525700
1981-08-12,7.300911,7.300911,7.207708,7.269844,0.476556,299700
1981-08-13,7.269844,7.300911,7.145573,7.207708,0.472483,774800
1981-08-14,7.207708,7.269844,6.959167,7.176641,0.470447,1357900
1981-08-17,7.176641,7.238776,7.083437,7.176641,0.470447,388200
1981-08-18,7.176641,7.238776,7.114505,7.145573,0.468410,262500
1981-08-19,7.145573,7.269844,7.114505,7.207708,0.472483,427100
1981-08-20,7.207708,7.518385,7.207708,7.394114,0.484702,1008500
1981-08-21,7.425182,7.549453,7.425182,7.487318,0.490812,127400
1981-08-24,7.456250,7.456250,7.145573,7.176641,0.470447,419400
1981-08-25,7.176641,7.269844,7.083437,7.238776,0.474520,369400
1981-08-26,7.238776,7.331979,7.176641,7.207708,0.472483,406700
1981-08-27,7.207708,7.238776,7.145573,7.176641,0.470447,511600
1981-08-28,7.176641,7.269844,7.145573,7.176641,0.470447,330900
1981-08-31,7.176641,7.207708,6.928099,6.959167,0.456190,624600
1981-09-01,6.959167,7.083437,6.959167,7.021302,0.460264,316500
1981-09-02,7.052370,7.331979,7.052370,7.207708,0.472483,436500
1981-09-03,7.207708,7.331979,7.176641,7.176641,0.470447,398600
1981-09-04,7.176641,7.238776,7.083437,7.176641,0.470447,674600
1981-09-08,7.176641,7.238776,7.083437,7.145573,0.468410,286000
1981-09-09,7.145573,7.207708,7.114505,7.114505,0.466373,217200
1981-09-10,7.114505,7.207708,7.114505,7.176641,0.470447,443900
1981-09-11,7.176641,7.300911,7.114505,7.269844,0.476556,353300
1981-09-14,7.238776,7.238776,7.083437,7.145573,0.468410,325900
1981-09-15,7.145573,7.238776,7.145573,7.145573,0.468410,193100
1981-09-16,7.145573,7.176641,7.083437,7.145573,0.468410,444500
1981-09-17,7.145573,7.176641,7.114505,7.114505,0.466373,726900
1981-09-18,6.865963,6.897031,6.772760,6.865963,0.450081,266800
1981-09-21,6.865963,6.865963,6.710625,6.803828,0.446008,721500
1981-09-22,6.803828,6.834896,6.679557,6.679557,0.437861,370100
1981-09-23,6.648489,6.648489,6.493151,6.617422,0.433788,498900
1981-09-24,6.617422,6.617422,6.431015,6.431015,0.421569,1284800
1981-09-25,6.368880,6.368880,6.244609,6.337812,0.415459,337300
1981-09-28,6.337812,6.337812,6.151406,6.337812,0.415459,692700
1981-09-29,6.337812,6.555286,6.275677,6.493151,0.425642,612200
1981-09-30,6.493151,6.524219,6.431015,6.493151,0.425642,320500
1981-10-01,6.555286,6.555286,6.462083,6.493151,0.425642,161900
1981-10-02,6.493151,6.524219,6.399948,6.462083,0.423606,377500
1981-10-05,6.462083,6.586354,6.462083,6.555286,0.429715,890500
1981-10-06,6.555286,6.710625,6.524219,6.679557,0.437861,205100
1981-10-07,6.679557,6.928099,6.679557,6.897031,0.452118,247700
1981-10-08,6.897031,7.207708,6.897031,7.145573,0.468410,317100
1981-10-09,7.145573,7.238776,7.145573,7.176641,0.470447,640000
1981-10-12,7.176641,7.238776,7.145573,7.238776,0.474520,206500
1981-10-13,7.238776,7.269844,7.207708,7.238776,0.474520,197400
1981-10-14,7.238776,7.238776,6.959167,6.959167,0.456190,166300
1981-10-15,6.959167,6.990234,6.834896,6.865963,0.450081,196100
1981-10-16,6.865963,6.897031,6.803828,6.834896,0.448044,116600
1981-10-19,6.803828,6.803828,6.648489,6.710625,0.439898,226300
1981-10-20,6.741693,7.021302,6.741693,6.897031,0.452118,442900
1981-10-21,6.959167,7.114505,6.959167,7.083437,0.464337,699400
1981-10-22,7.052370,7.052370,6.865963,6.959167,0.456190,318800
1981-10-23,6.959167,6.959167,6.834896,6.928099,0.454154,169300
1981-10-26,6.834896,6.834896,6.648489,6.679557,0.437861,401300
1981-10-27,6.710625,7.207708,6.710625,6.865963,0.450081,4753000
1981-10-28,6.865963,6.990234,6.865963,6.897031,0.452118,2076400
1981-10-29,6.865963,6.865963,6.803828,6.834896,0.448044,1155700
1981-10-30,6.834896,6.959167,6.648489,6.959167,0.464638,938800
1981-11-02,7.021302,7.207708,7.021302,7.176641,0.479158,1184200
1981-11-03,7.176641,7.207708,7.083437,7.207708,0.481233,526400
1981-11-04,7.238776,7.425182,7.238776,7.363047,0.491604,1089000
1981-11-05,7.363047,7.456250,7.363047,7.363047,0.491604,428400
1981-11-06,7.363047,7.456250,7.300911,7.363047,0.491604,290000
1981-11-09,7.363047,7.425182,7.238776,7.363047,0.491604,498200
1981-11-10,7.363047,7.456250,7.331979,7.331979,0.489530,1010800
1981-11-11,7.331979,7.549453,7.331979,7.549453,0.504050,513600
1981-11-12,7.580521,7.922266,7.580521,7.829062,0.522718,1357900
1981-11-13,7.829062,7.829062,7.611588,7.735859,0.516495,467700
1981-11-16,7.704792,7.704792,7.487318,7.549453,0.504050,636000
1981-11-17,7.549453,7.611588,7.518385,7.611588,0.508199,254800
1981-11-18,7.611588,7.611588,7.456250,7.549453,0.504050,347000
1981-11-19,7.083437,7.083437,6.897031,6.959167,0.464638,4990400
1981-11-20,6.959167,7.021302,6.865963,6.897031,0.460490,2889100
1981-11-23,6.897031,6.928099,6.803828,6.834896,0.456341,1003100
1981-11-24,6.834896,7.580521,6.648489,7.580521,0.506124,5424300
1981-11-25,7.487318,7.487318,7.207708,7.363047,0.491604,1423300
1981-11-27,7.363047,7.580521,7.363047,7.425182,0.495753,543800
1981-11-30,7.425182,7.456250,7.207708,7.300911,0.487455,266800
1981-12-01,7.300911,7.456250,7.238776,7.456250,0.497827,849200
1981-12-02,7.456250,7.456250,7.331979,7.331979,0.489530,611500
1981-12-03,7.331979,7.394114,7.207708,7.394114,0.493678,636000
1981-12-04,7.394114,7.425182,7.269844,7.363047,0.491604,65000
1981-12-07,7.363047,7.394114,7.363047,7.394114,0.493678,1052400
1981-12-08,7.394114,7.425182,7.331979,7.363047,0.491604,781800
1981-12-09,7.363047,7.518385,7.269844,7.518385,0.501975,918300
1981-12-10,7.891198,8.139740,7.891198,8.046536,0.537238,3853400
1981-12-11,8.046536,8.046536,7.860130,7.922266,0.528941,1819200
1981-12-14,7.891198,7.891198,7.797995,7.829062,0.522718,588700
1981-12-15,7.829062,7.860130,7.766927,7.829062,0.522718,406700
1981-12-16,7.766927,7.797995,7.673724,7.735859,0.516495,192100
1981-12-17,7.735859,7.735859,7.487318,7.518385,0.501975,692300
1981-12-18,7.518385,7.580521,7.456250,7.487318,0.499902,351000
1981-12-21,7.487318,7.518385,7.425182,7.456250,0.497827,204500
1981-12-22,7.456250,7.456250,7.394114,7.394114,0.493678,458600
1981-12-23,7.394114,7.425182,7.394114,7.425182,0.495753,392600
1981-12-24,7.425182,7.611588,7.394114,7.611588,0.508199,322800
1981-12-28,7.611588,7.673724,7.487318,7.549453,0.504050,305700
1981-12-29,7.549453,7.673724,7.549453,7.642656,0.510273,246100
1981-12-30,7.642656,7.642656,7.394114,7.456250,0.497827,461600
1981-12-31,7.456250,7.487318,7.363047,7.425182,0.495753,167300
1982-01-04,7.456250,7.487318,7.394114,7.456250,0.497827,195800
1982-01-05,7.425182,7.487318,7.331979,7.394114,0.493678,254100
1982-01-06,7.238776,7.331979,7.145573,7.238776,0.483307,390200
1982-01-07,7.114505,7.238776,6.959167,7.114505,0.475010,691000
1982-01-08,7.238776,7.394114,7.083437,7.145573,0.477084,1372000
1982-01-11,7.083437,7.207708,6.928099,6.990234,0.466713,302400
1982-01-12,6.865963,6.959167,6.772760,6.803828,0.454267,610800
1982-01-13,6.617422,6.834896,6.368880,6.524219,0.435599,905200
1982-01-14,6.617422,6.679557,6.524219,6.648489,0.443896,411700
1982-01-15,6.710625,6.741693,6.648489,6.741693,0.450118,495500
1982-01-18,6.679557,6.710625,6.617422,6.710625,0.448044,179000
1982-01-19,6.741693,6.803828,6.679557,6.741693,0.450118,347300
1982-01-20,6.648489,6.741693,6.524219,6.555286,0.437673,327200
1982-01-21,6.586354,6.648489,6.524219,6.617422,0.441821,135700
1982-01-22,6.462083,6.617422,6.275677,6.399948,0.427301,343300
1982-01-25,6.306745,6.368880,6.213542,6.275677,0.419004,376500
1982-01-26,6.151406,6.244609,6.027135,6.058203,0.404484,485400
1982-01-27,6.058203,6.120338,5.996068,6.120338,0.408633,310800
1982-01-28,6.337812,6.555286,6.120338,6.524219,0.435599,279600
1982-01-29,6.524219,6.617422,6.399948,6.493151,0.433524,222200
1982-02-01,6.213542,6.244609,6.151406,6.151406,0.418721,334200
1982-02-02,6.058203,6.151406,5.933932,5.965000,0.406032,363100
1982-02-03,6.058203,6.120338,5.965000,5.965000,0.406032,1166800
1982-02-04,5.996068,6.058203,5.902864,5.996068,0.408147,542400
1982-02-05,5.965000,6.027135,5.902864,5.933932,0.403918,607800
1982-02-08,5.747526,5.902864,5.592187,5.623255,0.382770,1181200
1982-02-09,5.530052,5.592187,5.467916,5.498984,0.374311,919600
1982-02-10,5.623255,5.685390,5.530052,5.685390,0.387000,821400
1982-02-11,5.747526,5.809661,5.685390,5.747526,0.391229,438800
1982-02-12,5.871797,5.933932,5.809661,5.902864,0.401803,380200
1982-02-16,5.809661,5.871797,5.747526,5.840729,0.397573,368100
1982-02-17,5.902864,5.965000,5.809661,5.809661,0.395459,874400
1982-02-18,5.871797,5.933932,5.809661,5.840729,0.397573,642700
1982-02-19,5.840729,5.871797,5.778594,5.840729,0.397573,337300
1982-02-22,5.902864,5.965000,5.840729,5.902864,0.401803,451900
1982-02-23,5.871797,5.933932,5.809661,5.933932,0.403918,332200
1982-02-24,5.996068,6.027135,5.933932,6.027135,0.410262,524300
1982-02-25,6.089271,6.151406,6.027135,6.089271,0.414491,457300
1982-02-26,6.120338,6.182474,6.058203,6.182474,0.420836,495500
1982-03-01,6.058203,6.151406,5.965000,5.996068,0.408147,565200
1982-03-02,6.058203,6.089271,5.996068,6.058203,0.412377,349300
1982-03-03,5.933932,5.996068,5.840729,5.840729,0.397573,848200
1982-03-04,5.778594,5.840729,5.716458,5.747526,0.391229,499500
1982-03-05,5.809661,5.871797,5.747526,5.871797,0.399688,275600
1982-03-08,5.902864,5.965000,5.840729,5.840729,0.397573,485400
1982-03-09,5.871797,5.902864,5.840729,5.871797,0.399688,700700
1982-03-10,5.871797,5.902864,5.840729,5.871797,0.399688,433100
1982-03-11,5.840729,5.902864,5.778594,5.809661,0.395459,502900
1982-03-12,5.809661,5.840729,5.778594,5.778594,0.393344,197100
1982-03-15,5.747526,5.778594,5.685390,5.716458,0.389114,286300
1982-03-16,5.685390,5.716458,5.654323,5.654323,0.384885,223600
1982-03-17,5.592187,5.654323,5.530052,5.623255,0.382770,338600
1982-03-18,5.561120,5.592187,5.498984,5.498984,0.374311,374100
1982-03-19,5.530052,5.561120,5.498984,5.530052,0.376426,265800
1982-03-22,5.685390,5.840729,5.498984,5.840729,0.397573,878100
1982-03-23,5.902864,6.058203,5.747526,6.058203,0.412377,720200
1982-03-24,6.151406,6.182474,6.089271,6.120338,0.416606,528000
1982-03-25,6.089271,6.120338,6.058203,6.058203,0.412377,292000
1982-03-26,5.965000,6.058203,5.871797,5.902864,0.401803,158200
1982-03-29,5.902864,5.965000,5.840729,5.965000,0.406032,156900
1982-03-30,5.933932,5.965000,5.902864,5.902864,0.401803,87500
1982-03-31,5.871797,5.933932,5.778594,5.778594,0.393344,190100
1982-04-01,5.778594,5.840729,5.716458,5.840729,0.397573,316800
1982-04-02,5.933932,5.965000,5.871797,5.933932,0.403918,553500
1982-04-05,5.933932,5.996068,5.871797,5.871797,0.399688,312400
1982-04-06,5.809661,5.871797,5.747526,5.778594,0.393344,346300
1982-04-07,5.809661,5.871797,5.747526,5.747526,0.391229,355000
1982-04-08,5.809661,5.840729,5.747526,5.778594,0.393344,258800
1982-04-12,5.778594,5.809661,5.716458,5.747526,0.391229,260800
1982-04-13,5.747526,5.778594,5.716458,5.747526,0.391229,177000
1982-04-14,5.747526,5.778594,5.685390,5.685390,0.387000,199800
1982-04-15,5.623255,5.685390,5.561120,5.561120,0.378541,523300
1982-04-16,5.623255,5.654323,5.592187,5.592187,0.380655,1189900
1982-04-19,5.592187,5.623255,5.530052,5.561120,0.378541,488100
1982-04-20,5.530052,5.561120,5.498984,5.498984,0.374311,340600
1982-04-21,5.530052,5.530052,5.498984,5.530052,0.376426,618900
1982-04-22,5.623255,5.716458,5.498984,5.685390,0.387000,230300
1982-04-23,5.747526,5.778594,5.685390,5.747526,0.391229,207500
1982-04-26,5.871797,5.965000,5.747526,5.871797,0.399688,528400
1982-04-27,5.840729,5.871797,5.809661,5.871797,0.399688,287600
1982-04-28,5.871797,5.902864,5.840729,5.902864,0.401803,391600
1982-04-29,5.996068,6.120338,5.871797,6.027135,0.410262,449900
1982-04-30,6.058203,6.120338,5.996068,6.120338,0.416606,375500
1982-05-03,5.902864,6.027135,5.778594,5.840729,0.405813,1179500
1982-05-04,5.871797,5.902864,5.809661,5.809661,0.403655,262100
1982-05-05,5.871797,5.902864,5.809661,5.840729,0.405813,422700
1982-05-06,5.933932,5.965000,5.871797,5.965000,0.414448,424400
1982-05-07,6.120338,6.244609,5.996068,6.213542,0.431716,955900
1982-05-10,6.213542,6.213542,6.182474,6.213542,0.431716,230000
1982-05-11,6.244609,6.275677,6.213542,6.244609,0.433875,597800
1982-05-12,6.244609,6.306745,6.182474,6.182474,0.429558,332200
1982-05-13,6.244609,6.306745,6.182474,6.213542,0.431716,406300
1982-05-14,6.213542,6.244609,6.182474,6.182474,0.429558,178300
1982-05-17,6.120338,6.213542,5.996068,5.996068,0.416606,927700
1982-05-18,5.996068,6.027135,5.965000,6.027135,0.418765,157900
1982-05-19,5.965000,5.996068,5.902864,5.933932,0.412289,428400
1982-05-20,5.933932,5.965000,5.871797,5.902864,0.410130,205500
1982-05-21,5.933932,5.965000,5.871797,5.902864,0.410130,262800
1982-05-24,5.933932,5.965000,5.871797,5.902864,0.410130,205500
1982-05-25,5.933932,5.996068,5.871797,5.871797,0.407972,402600
1982-05-26,5.840729,5.902864,5.778594,5.778594,0.401496,432800
1982-05-27,5.747526,5.809661,5.654323,5.654323,0.392862,427400
1982-05-28,5.561120,5.685390,5.436849,5.467916,0.379910,1136900
1982-06-01,5.436849,5.498984,5.343646,5.343646,0.371276,388200
1982-06-02,5.405781,5.498984,5.312578,5.467916,0.379910,358400
1982-06-03,5.467916,5.530052,5.374713,5.436849,0.377752,300700
1982-06-04,5.343646,5.436849,5.250443,5.281510,0.366959,504900
1982-06-07,5.312578,5.343646,5.250443,5.281510,0.366959,313100
1982-06-08,5.343646,5.374713,5.281510,5.312578,0.369118,335200
1982-06-09,5.250443,5.312578,5.188307,5.188307,0.360483,550500
1982-06-10,5.064036,5.219375,4.908698,4.939765,0.343214,534400
1982-06-11,4.970833,5.001901,4.908698,4.939765,0.343214,995100
1982-06-14,4.784427,4.908698,4.660156,4.660156,0.323787,1525500
1982-06-15,4.598021,4.691224,4.473750,4.504817,0.312994,6392200
1982-06-16,4.566953,4.629088,4.504817,4.566953,0.317311,24322200
1982-06-17,4.598021,4.629088,4.566953,4.598021,0.319470,1333700
1982-06-18,4.566953,4.598021,4.535885,4.598021,0.319470,1085300
1982-06-21,4.629088,4.691224,4.566953,4.660156,0.323787,2251100
1982-06-22,4.691224,4.722291,4.629088,4.722291,0.328104,519000
1982-06-23,4.784427,4.846562,4.691224,4.846562,0.336739,821400
1982-06-24,4.753359,4.784427,4.691224,4.722291,0.328104,421700
1982-06-25,4.691224,4.722291,4.629088,4.629088,0.321629,735200
1982-06-28,4.629088,4.660156,4.598021,4.660156,0.323787,254400
1982-06-29,4.629088,4.691224,4.566953,4.598021,0.319470,417400
1982-06-30,4.598021,4.629088,4.566953,4.598021,0.319470,3123500
1982-07-01,4.598021,4.629088,4.566953,4.566953,0.317311,358700
1982-07-02,4.566953,4.598021,4.535885,4.566953,0.317311,519000
1982-07-06,4.504817,4.535885,4.473750,4.473750,0.310835,491500
1982-07-07,4.535885,4.598021,4.473750,4.566953,0.317311,807700
1982-07-08,4.566953,4.598021,4.504817,4.598021,0.319470,360400
1982-07-09,4.566953,4.598021,4.535885,4.566953,0.317311,373500
1982-07-12,4.629088,4.660156,4.598021,4.629088,0.321629,700400
1982-07-13,4.598021,4.660156,4.535885,4.535885,0.315153,1115100
1982-07-14,4.535885,4.566953,4.504817,4.535885,0.315153,212500
1982-07-15,4.535885,4.566953,4.504817,4.566953,0.317311,478700
1982-07-16,4.535885,4.566953,4.504817,4.535885,0.315153,432500
1982-07-19,4.566953,4.566953,4.535885,4.566953,0.317311,489800
1982-07-20,4.566953,4.566953,4.535885,4.566953,0.317311,289000
1982-07-21,4.566953,4.598021,4.535885,4.566953,0.317311,366100
1982-07-22,4.535885,4.566953,4.473750,4.535885,0.315153,956900
1982-07-23,4.504817,4.535885,4.473750,4.504817,0.312994,526000
1982-07-26,4.473750,4.504817,4.442682,4.473750,0.310835,635000
1982-07-27,4.504817,4.535885,4.442682,4.442682,0.308677,602800
1982-07-28,4.442682,4.442682,4.411614,4.411614,0.306519,315100
1982-07-29,4.380547,4.442682,4.287344,4.349479,0.302201,591400
1982-07-30,4.411614,4.411614,4.380547,4.411614,0.306519,396900
1982-08-02,4.349479,4.380547,4.318411,4.349479,0.310961,345300
1982-08-03,4.349479,4.380547,4.318411,4.318411,0.308739,323800
1982-08-04,4.287344,4.318411,4.256276,4.256276,0.304297,240400
1982-08-05,4.225208,4.256276,4.163073,4.194140,0.299855,348700
1982-08-06,4.194140,4.225208,4.163073,4.194140,0.299855,463700
1982-08-09,4.132005,4.163073,4.069870,4.100937,0.293192,601500
1982-08-10,4.038802,4.100937,3.976667,4.007734,0.286528,1922500
1982-08-11,4.069870,4.132005,4.007734,4.132005,0.295413,401600
1982-08-12,4.132005,4.163073,4.069870,4.100937,0.293192,369400
1982-08-13,4.069870,4.100937,4.038802,4.100937,0.293192,259800
1982-08-16,4.256276,4.411614,4.100937,4.287344,0.306518,614500
1982-08-17,4.442682,4.598021,4.287344,4.504817,0.322066,528400
1982-08-18,4.753359,4.908698,4.598021,4.691224,0.335393,1129500
1982-08-19,4.722291,4.815495,4.629088,4.722291,0.337615,1162700
1982-08-20,4.784427,4.877630,4.691224,4.846562,0.346499,1724300
1982-08-23,4.722291,4.784427,4.660156,4.722291,0.337615,1867200
1982-08-24,4.691224,4.753359,4.629088,4.660156,0.333172,692000
1982-08-25,4.753359,4.846562,4.629088,4.846562,0.346499,1210300
1982-08-26,4.970833,5.064036,4.877630,4.939765,0.353163,1641900
1982-08-27,5.095104,5.219375,4.939765,5.064036,0.362047,1566400
1982-08-30,4.970833,5.032969,4.908698,5.032969,0.359826,412400
1982-08-31,4.784427,5.001901,4.535885,4.598021,0.328730,1531600
1982-09-01,4.722291,4.815495,4.629088,4.753359,0.339836,1061500
1982-09-02,4.784427,4.815495,4.722291,4.784427,0.342057,947800
1982-09-03,4.846562,4.908698,4.784427,4.784427,0.342057,682300
1982-09-07,4.784427,4.846562,4.722291,4.753359,0.339836,822700
1982-09-08,4.784427,4.815495,4.753359,4.784427,0.342057,470700
1982-09-09,4.815495,4.846562,4.784427,4.784427,0.342057,408300
1982-09-10,4.784427,4.815495,4.753359,4.784427,0.342057,656100
1982-09-13,4.753359,4.815495,4.691224,4.753359,0.339836,985000
1982-09-14,4.753359,4.784427,4.722291,4.722291,0.337615,674600
1982-09-15,4.753359,4.784427,4.691224,4.722291,0.337615,540400
1982-09-16,4.753359,4.784427,4.691224,4.722291,0.337615,323200
1982-09-17,4.629088,4.691224,4.535885,4.598021,0.328730,622200
1982-09-20,4.566953,4.598021,4.504817,4.598021,0.328730,376800
1982-09-21,4.629088,4.722291,4.535885,4.722291,0.337615,495800
1982-09-22,4.629088,4.722291,4.535885,4.598021,0.328730,634300
1982-09-23,4.566953,4.629088,4.504817,4.535885,0.324288,470700
1982-09-24,4.504817,4.535885,4.473750,4.535885,0.324288,454900
1982-09-27,4.535885,4.535885,4.504817,4.535885,0.324288,211500
1982-09-28,4.504817,4.566953,4.411614,4.442682,0.317624,439800
1982-09-29,4.411614,4.442682,4.380547,4.380547,0.313182,432500
1982-09-30,4.380547,4.411614,4.349479,4.411614,0.315403,580300
1982-10-01,4.442682,4.473750,4.380547,4.442682,0.317624,528400
1982-10-04,4.380547,4.411614,4.349479,4.380547,0.313182,564600
1982-10-05,4.380547,4.442682,4.318411,4.380547,0.313182,437200
1982-10-06,4.380547,4.411614,4.318411,4.349479,0.310961,670200
1982-10-07,4.473750,4.535885,4.380547,4.535885,0.324288,1079200
1982-10-08,4.535885,4.629088,4.411614,4.473750,0.319845,2885100
1982-10-11,4.473750,4.504817,4.411614,4.442682,0.317624,2474700
1982-10-12,4.442682,4.504817,4.349479,4.473750,0.319845,3720300
1982-10-13,4.846562,5.157239,4.535885,5.126172,0.366489,3510400
1982-10-14,5.157239,5.219375,5.064036,5.157239,0.368711,2562900
1982-10-15,5.126172,5.188307,5.032969,5.032969,0.359826,1545000
1982-10-18,5.032969,5.064036,5.001901,5.064036,0.362047,1221100
1982-10-19,4.939765,5.064036,4.784427,4.784427,0.342057,3464200
1982-10-20,4.908698,4.970833,4.815495,4.970833,0.355384,1149700
1982-10-21,5.001901,5.032969,4.939765,5.001901,0.357605,1531600
1982-10-22,5.157239,5.343646,4.970833,5.250443,0.375374,2030500
1982-10-25,5.157239,5.219375,5.095104,5.126172,0.366489,939800
1982-10-26,4.877630,5.095104,4.660156,4.722291,0.337615,2066000
1982-10-27,4.691224,4.722291,4.660156,4.722291,0.337615,1109400
1982-10-28,4.722291,4.784427,4.660156,4.722291,0.337615,1186200
1982-10-29,4.660156,4.691224,4.598021,4.691224,0.339866,1015900
1982-11-01,4.660156,4.691224,4.598021,4.629088,0.335364,668500
1982-11-02,4.566953,4.629088,4.504817,4.535885,0.328612,1218400
1982-11-03,4.660156,4.784427,4.504817,4.722291,0.342116,3479200
1982-11-04,4.846562,4.970833,4.722291,4.877630,0.353370,2207200
1982-11-05,4.970833,5.032969,4.877630,4.939765,0.357872,1014500
1982-11-08,4.908698,4.970833,4.846562,4.939765,0.357872,646400
1982-11-09,5.064036,5.126172,4.970833,5.032969,0.364624,984400
1982-11-10,5.126172,5.219375,5.001901,5.064036,0.366875,1064800
1982-11-11,5.064036,5.126172,5.001901,5.126172,0.371376,527700
1982-11-12,5.064036,5.126172,4.970833,5.001901,0.362373,1482600
1982-11-15,4.908698,4.939765,4.846562,4.877630,0.353370,478700
1982-11-16,4.939765,4.970833,4.877630,4.939765,0.357872,1537600
1982-11-17,4.970833,5.001901,4.908698,5.001901,0.362373,634700
1982-11-18,4.970833,5.032969,4.908698,4.939765,0.357872,475100
1982-11-19,5.001901,5.064036,4.908698,4.939765,0.357872,615900
1982-11-22,4.970833,5.001901,4.908698,4.970833,0.360122,644000
1982-11-23,4.877630,4.939765,4.815495,4.815495,0.348869,284300
1982-11-24,4.815495,4.877630,4.722291,4.784427,0.346618,407000
1982-11-26,4.846562,4.877630,4.784427,4.815495,0.348869,252100
1982-11-29,4.784427,4.815495,4.722291,4.722291,0.342116,487100
1982-11-30,4.815495,4.908698,4.722291,4.877630,0.353370,542100
1982-12-01,4.939765,5.001901,4.877630,4.939765,0.357872,1084300
1982-12-02,4.877630,4.939765,4.784427,4.815495,0.348869,422700
1982-12-03,4.722291,4.815495,4.629088,4.660156,0.337615,449600
1982-12-06,4.691224,4.753359,4.598021,4.753359,0.344367,525700
1982-12-07,4.784427,4.846562,4.722291,4.784427,0.346618,1061500
1982-12-08,4.753359,4.815495,4.691224,4.753359,0.344367,932100
1982-12-09,4.660156,4.722291,4.566953,4.598021,0.333113,770800
1982-12-10,4.660156,4.753359,4.566953,4.722291,0.342116,540100
1982-12-13,4.753359,4.784427,4.722291,4.722291,0.342116,479400
1982-12-14,4.753359,4.815495,4.691224,4.691224,0.339866,665200
1982-12-15,4.660156,4.722291,4.566953,4.598021,0.333113,911600
1982-12-16,4.473750,4.629088,4.318411,4.349479,0.315107,1406500
1982-12-17,4.411614,4.442682,4.349479,4.411614,0.319609,838800
1982-12-20,4.473750,4.535885,4.411614,4.473750,0.324110,626600
1982-12-21,4.442682,4.504817,4.380547,4.442682,0.321859,1215700
1982-12-22,4.598021,4.722291,4.473750,4.722291,0.342116,2444900
1982-12-23,4.846562,4.970833,4.691224,4.939765,0.357872,1705200
1982-12-27,5.157239,5.343646,4.970833,5.343646,0.387132,2284300
1982-12-28,5.343646,5.405781,5.281510,5.312578,0.384881,1805800
1982-12-29,5.219375,5.343646,5.095104,5.219375,0.378129,1118500
1982-12-30,5.188307,5.281510,5.095104,5.126172,0.371376,754400
1982-12-31,5.188307,5.219375,5.126172,5.219375,0.378129,608500
1983-01-03,5.188307,5.250443,5.126172,5.157239,0.373627,633600
1983-01-04,5.219375,5.281510,5.126172,5.219375,0.378129,1688800
1983-01-05,5.219375,5.281510,5.126172,5.219375,0.378129,765100
1983-01-06,5.405781,5.561120,5.250443,5.436849,0.393884,1525200
1983-01-07,5.498984,5.530052,5.436849,5.467916,0.396135,1466500
1983-01-10,5.405781,5.467916,5.343646,5.405781,0.391633,2342300
1983-01-11,5.343646,5.436849,5.219375,5.281510,0.382630,988000
1983-01-12,5.281510,5.343646,5.219375,5.219375,0.378129,776800
1983-01-13,5.250443,5.374713,5.095104,5.157239,0.373627,500200
1983-01-14,5.188307,5.219375,5.126172,5.188307,0.375878,626900
1983-01-17,5.219375,5.250443,5.157239,5.188307,0.375878,807300
1983-01-18,5.095104,5.157239,5.032969,5.064036,0.366875,481100
1983-01-19,5.064036,5.095104,5.032969,5.064036,0.366875,355400
1983-01-20,5.157239,5.219375,5.095104,5.219375,0.378129,1619400
1983-01-21,5.157239,5.219375,5.064036,5.126172,0.371376,745300
1983-01-24,4.970833,5.032969,4.908698,4.908698,0.355621,797600
1983-01-25,4.939765,5.001901,4.877630,4.939765,0.357872,502900
1983-01-26,5.001901,5.095104,4.877630,4.939765,0.357872,822700
1983-01-27,5.032969,5.095104,4.939765,5.032969,0.364624,622200
1983-01-28,5.095104,5.126172,5.064036,5.095104,0.369126,833100
1983-01-31,5.095104,5.157239,5.001901,5.126172,0.375962,1385400
1983-02-01,5.095104,5.157239,5.001901,5.032969,0.369126,675900
1983-02-02,5.001901,5.032969,4.970833,5.001901,0.366847,457600
1983-02-03,5.095104,5.126172,5.032969,5.064036,0.371404,405600
1983-02-04,5.095104,5.126172,5.064036,5.095104,0.373683,518000
1983-02-07,5.219375,5.312578,5.095104,5.281510,0.387354,871400
1983-02-08,5.343646,5.374713,5.281510,5.312578,0.389633,685300
1983-02-09,5.374713,5.436849,5.312578,5.343646,0.391912,722500
1983-02-10,5.467916,5.561120,5.374713,5.530052,0.405583,973600
1983-02-11,5.623255,5.654323,5.561120,5.592187,0.410140,1205600
1983-02-14,5.592187,5.623255,5.530052,5.623255,0.412418,484100
1983-02-15,5.592187,5.654323,5.498984,5.530052,0.405583,495800
1983-02-16,5.623255,5.654323,5.561120,5.623255,0.412418,658800
1983-02-17,5.592187,5.623255,5.530052,5.623255,0.412418,625600
1983-02-18,5.561120,5.623255,5.467916,5.561120,0.407861,431100
1983-02-22,5.530052,5.561120,5.467916,5.530052,0.405583,473700
1983-02-23,5.530052,5.530052,5.498984,5.530052,0.405583,455900
1983-02-24,5.561120,5.592187,5.530052,5.592187,0.410140,616900
1983-02-25,5.561120,5.623255,5.498984,5.561120,0.407861,544100
1983-02-28,5.592187,5.685390,5.467916,5.561120,0.407861,1224100
1983-03-01,5.623255,5.654323,5.561120,5.654323,0.414697,808000
1983-03-02,5.685390,5.716458,5.623255,5.685390,0.416976,2336200
1983-03-03,5.747526,5.778594,5.685390,5.716458,0.419254,845900
1983-03-04,5.778594,5.809661,5.716458,5.809661,0.426090,713400
1983-03-07,5.840729,5.933932,5.716458,5.933932,0.435204,1019900
1983-03-08,5.871797,5.933932,5.809661,5.809661,0.426090,616500
1983-03-09,5.809661,5.840729,5.747526,5.840729,0.428368,649700
1983-03-10,5.902864,5.965000,5.809661,5.840729,0.428368,828800
1983-03-11,5.809661,5.840729,5.778594,5.809661,0.426090,425400
1983-03-14,5.809661,5.840729,5.747526,5.778594,0.423811,504900
1983-03-15,5.778594,5.809661,5.747526,5.809661,0.426090,512900
1983-03-16,5.809661,5.871797,5.747526,5.778594,0.423811,933400
1983-03-17,5.747526,5.778594,5.716458,5.716458,0.419254,488800
1983-03-18,5.561120,5.747526,5.343646,5.374713,0.394190,1344500
1983-03-21,5.467916,5.498984,5.405781,5.498984,0.403304,722800
1983-03-22,5.530052,5.561120,5.498984,5.530052,0.405583,697000
1983-03-23,5.623255,5.685390,5.530052,5.654323,0.414697,515600
1983-03-24,5.747526,5.778594,5.716458,5.747526,0.421533,576000
1983-03-25,5.716458,5.778594,5.623255,5.654323,0.414697,773100
1983-03-28,5.685390,5.716458,5.623255,5.654323,0.414697,500200
1983-03-29,5.654323,5.685390,5.592187,5.654323,0.414697,307700
1983-03-30,5.654323,5.685390,5.623255,5.623255,0.412418,364700
1983-03-31,5.747526,5.809661,5.654323,5.685390,0.416976,807300
1983-04-04,5.623255,5.654323,5.592187,5.654323,0.414697,439200
1983-04-05,5.623255,5.685390,5.561120,5.592187,0.410140,904600
1983-04-06,5.592187,5.623255,5.561120,5.623255,0.412418,452600
1983-04-07,5.654323,5.685390,5.592187,5.623255,0.412418,351000
1983-04-08,5.623255,5.654323,5.592187,5.654323,0.414697,665800
1983-04-11,5.716458,5.747526,5.654323,5.747526,0.421533,681300
1983-04-12,5.747526,5.778594,5.716458,5.747526,0.421533,741300
1983-04-13,5.685390,5.747526,5.592187,5.654323,0.414697,564600
1983-04-14,5.623255,5.654323,5.592187,5.654323,0.414697,439800
1983-04-15,5.654323,5.716458,5.592187,5.685390,0.416976,1014200
1983-04-18,5.685390,5.716458,5.623255,5.716458,0.419254,831100
1983-04-19,5.716458,5.778594,5.654323,5.716458,0.419254,1093300
1983-04-20,5.840729,5.933932,5.747526,5.902864,0.432925,1001100
1983-04-21,5.933932,6.027135,5.840729,5.933932,0.435204,978700
1983-04-22,5.871797,5.933932,5.809661,5.809661,0.426090,411300
1983-04-25,5.840729,5.902864,5.747526,5.778594,0.423811,446900
1983-04-26,5.809661,5.871797,5.747526,5.809661,0.426090,580000
1983-04-27,5.902864,5.933932,5.840729,5.871797,0.430647,870000
1983-04-28,5.996068,6.120338,5.840729,6.120338,0.448875,4806000
1983-04-29,6.027135,6.089271,5.965000,6.058203,0.444318,1282100
1983-05-02,5.902864,5.996068,5.809661,5.809661,0.430505,1718300
1983-05-03,5.747526,5.840729,5.623255,5.840729,0.432808,1311900
1983-05-04,5.778594,5.840729,5.685390,5.716458,0.423599,757000
1983-05-05,5.716458,5.747526,5.654323,5.716458,0.423599,1211000
1983-05-06,5.809661,5.902864,5.716458,5.902864,0.437412,1016900
1983-05-09,6.027135,6.120338,5.902864,6.027135,0.446621,1546000
1983-05-10,6.058203,6.089271,5.996068,6.058203,0.448923,1415500
1983-05-11,6.027135,6.089271,5.965000,5.965000,0.442017,1032300
1983-05-12,6.089271,6.151406,5.996068,6.151406,0.455829,5419900
1983-05-13,6.182474,6.213542,6.120338,6.182474,0.458132,1702900
1983-05-16,6.058203,6.120338,5.965000,6.027135,0.446621,1075200
1983-05-17,6.151406,6.213542,6.058203,6.213542,0.460434,1614000
1983-05-18,6.275677,6.337812,6.213542,6.213542,0.460434,1545000
1983-05-19,6.182474,6.213542,6.120338,6.151406,0.455829,817000
1983-05-20,6.120338,6.182474,6.089271,6.120338,0.453527,495200
1983-05-23,6.120338,6.213542,6.089271,6.213542,0.460434,639700
1983-05-24,6.213542,6.431015,6.182474,6.431015,0.476549,2107600
1983-05-25,6.555286,6.679557,6.462083,6.679557,0.494966,1909400
1983-05-26,6.772760,6.865963,6.741693,6.865963,0.508779,2041200
1983-05-27,6.865963,6.865963,6.710625,6.741693,0.499571,838200
1983-05-31,6.679557,6.710625,6.617422,6.679557,0.494966,1045000
1983-06-01,6.617422,6.617422,6.368880,6.431015,0.476549,937800
1983-06-02,6.431015,6.462083,6.368880,6.368880,0.471945,456900
1983-06-03,6.399948,6.399948,6.275677,6.306745,0.467340,594800
1983-06-06,6.306745,6.306745,6.213542,6.213542,0.460434,2023100
1983-06-07,6.244609,6.244609,6.027135,6.027135,0.446621,899900
1983-06-08,5.996068,6.182474,5.965000,6.120338,0.453527,5396800
1983-06-09,6.120338,6.182474,5.965000,6.027135,0.446621,1297500
1983-06-10,6.027135,6.089271,5.902864,5.965000,0.442017,1543000
1983-06-13,5.996068,6.337812,5.996068,6.213542,0.460434,1574500
1983-06-14,6.244609,6.399948,6.182474,6.368880,0.471945,1932600
1983-06-15,6.306745,6.337812,6.244609,6.337812,0.469642,912300
1983-06-16,6.368880,6.524219,6.337812,6.524219,0.483455,1252300
1983-06-17,6.524219,6.555286,6.493151,6.493151,0.481153,775500
1983-06-20,6.524219,6.586354,6.462083,6.493151,0.481153,520300
1983-06-21,6.462083,6.524219,6.399948,6.462083,0.478851,841200
1983-06-22,6.493151,6.555286,6.399948,6.462083,0.478851,1374000
1983-06-23,6.524219,6.524219,6.399948,6.431015,0.476549,747300
1983-06-24,6.462083,6.462083,6.368880,6.399948,0.474247,367100
1983-06-27,6.399948,6.399948,6.213542,6.275677,0.465038,515000
1983-06-28,6.244609,6.275677,6.120338,6.151406,0.455829,654800
1983-06-29,6.151406,6.213542,6.089271,6.151406,0.455829,602800
1983-06-30,6.151406,6.151406,6.089271,6.151406,0.455829,355000
1983-07-01,6.182474,6.182474,6.120338,6.151406,0.455829,490100
1983-07-05,6.089271,6.120338,5.996068,6.058203,0.448923,985000
1983-07-06,6.089271,6.151406,6.027135,6.151406,0.455829,1099400
1983-07-07,6.213542,6.306745,6.151406,6.213542,0.460434,982000
1983-07-08,6.244609,6.244609,6.151406,6.151406,0.455829,371100
1983-07-11,6.182474,6.275677,6.151406,6.213542,0.460434,784500
1983-07-12,6.213542,6.244609,5.902864,6.182474,0.458132,401300
1983-07-13,6.120338,6.182474,6.089271,6.120338,0.453527,464700
1983-07-14,6.120338,6.182474,6.120338,6.182474,0.458132,522000
1983-07-15,6.151406,6.182474,6.089271,6.089271,0.451225,268200
1983-07-18,6.089271,6.089271,5.965000,5.996068,0.444319,404300
1983-07-19,5.996068,6.027135,5.965000,5.996068,0.444319,348700
1983-07-20,6.089271,6.182474,6.058203,6.182474,0.458132,753000
1983-07-21,6.213542,6.213542,6.120338,6.120338,0.453527,723200
1983-07-22,6.104805,6.151406,6.058203,6.120338,0.453527,1051400
1983-07-25,6.058203,6.089271,5.996068,6.058203,0.448923,411300
1983-07-26,6.089271,6.275677,5.965000,6.213542,0.460434,1551000
1983-07-27,6.337812,6.368880,6.213542,6.213542,0.460434,3072200
1983-07-28,6.244609,6.275677,6.151406,6.213542,0.460434,1003100
1983-07-29,6.213542,6.213542,6.027135,6.151406,0.455829,612500
1983-08-01,6.089271,6.120338,6.058203,6.120338,0.458155,425800
1983-08-02,6.089271,6.120338,6.027135,6.058203,0.453504,1007800
1983-08-03,6.058203,6.089271,6.027135,6.089271,0.455830,655100
1983-08-04,6.151406,6.213542,6.058203,6.213542,0.465132,750300
1983-08-05,6.213542,6.213542,6.058203,6.182474,0.462807,609800
1983-08-08,6.182474,6.213542,6.120338,6.213542,0.465132,568600
1983-08-09,6.213542,6.368880,6.151406,6.368880,0.476761,1064500
1983-08-10,6.368880,6.431015,6.151406,6.399948,0.479087,1366300
1983-08-11,6.399948,6.399948,6.306745,6.337812,0.474435,814000
1983-08-12,6.337812,6.399948,6.306745,6.399948,0.479087,1086300
1983-08-15,6.399948,6.617422,6.399948,6.462083,0.483738,1410500
1983-08-16,6.493151,6.710625,6.493151,6.710625,0.502343,1237200
1983-08-17,6.741693,7.052370,6.710625,7.021302,0.525599,2792900
1983-08-18,7.021302,7.021302,6.834896,6.834896,0.511646,2017000
1983-08-19,6.803828,6.865963,6.741693,6.834896,0.511646,1510100
1983-08-22,6.865963,6.959167,6.834896,6.959167,0.520948,3408500
1983-08-23,6.959167,6.959167,6.865963,6.897031,0.516297,1726400
1983-08-24,6.897031,6.928099,6.803828,6.834896,0.511646,2327500
1983-08-25,6.741693,6.772760,6.586354,6.679557,0.500017,3136900
1983-08-26,6.617422,6.710625,6.617422,6.710625,0.502343,942800
1983-08-29,6.710625,6.803828,6.648489,6.803828,0.509320,1390100
1983-08-30,6.803828,6.834896,6.741693,6.803828,0.509320,1169100
1983-08-31,6.803828,6.897031,6.772760,6.897031,0.516297,3650200
1983-09-01,6.865963,6.897031,6.803828,6.834896,0.511646,1557400
1983-09-02,6.803828,6.834896,6.741693,6.741693,0.504669,1169100
1983-09-06,6.834896,7.145573,6.834896,7.114505,0.532577,3408200
1983-09-07,7.114505,7.269844,7.083437,7.269844,0.544205,4109900
1983-09-08,7.238776,7.456250,7.207708,7.425182,0.555833,2203500
1983-09-09,7.425182,7.456250,7.363047,7.456250,0.558159,2625900
1983-09-12,7.487318,7.580521,7.083437,7.145573,0.534902,4326500
1983-09-13,7.114505,7.269844,7.114505,7.269844,0.544205,1431600
1983-09-14,7.269844,7.300911,7.145573,7.269844,0.544205,1973500
1983-09-15,7.269844,7.269844,7.176641,7.176641,0.537228,1062100
1983-09-16,7.176641,7.300911,7.145573,7.207708,0.539554,1933900
1983-09-19,7.238776,7.300911,7.021302,7.269844,0.544205,1459800
1983-09-20,7.300911,7.394114,7.300911,7.363047,0.551182,1603600
1983-09-21,7.394114,7.425182,7.331979,7.363047,0.551182,2065000
1983-09-22,7.394114,7.456250,7.331979,7.456250,0.558159,2239700
1983-09-23,7.456250,7.487318,7.363047,7.425182,0.555833,1336700
1983-09-26,7.425182,7.456250,7.269844,7.425182,0.555833,976300
1983-09-27,7.331979,7.363047,7.269844,7.300911,0.546531,1235200
1983-09-28,7.331979,7.363047,7.176641,7.238776,0.541879,1101000
1983-09-29,7.238776,7.238776,7.114505,7.114505,0.532577,769800
1983-09-30,7.114505,7.145573,6.834896,6.865963,0.513971,1229800
1983-10-03,6.803828,6.897031,6.772760,6.897031,0.516297,1210300
1983-10-04,6.959167,7.052370,6.897031,7.021302,0.525599,814700
1983-10-05,6.959167,7.176641,6.959167,7.145573,0.534902,1469200
1983-10-06,7.145573,7.238776,7.052370,7.207708,0.539554,2052900
1983-10-07,7.176641,7.207708,7.114505,7.145573,0.534902,349300
1983-10-10,7.083437,7.207708,7.021302,7.207708,0.539554,1455800
1983-10-11,7.238776,7.238776,7.145573,7.207708,0.539554,3324000
1983-10-12,7.145573,7.238776,7.114505,7.207708,0.539554,1245200
1983-10-13,7.269844,7.269844,7.176641,7.269844,0.544205,1516800
1983-10-14,7.269844,7.331979,7.238776,7.300911,0.546531,1255900
1983-10-17,7.300911,7.300911,7.238776,7.269844,0.544205,784900
1983-10-18,7.269844,7.300911,7.083437,7.145573,0.534902,959500
1983-10-19,7.083437,7.394114,6.928099,7.052370,0.527925,1131900
1983-10-20,6.990234,7.083437,6.959167,6.990234,0.523274,310800
1983-10-21,6.990234,7.021302,6.865963,6.990234,0.523274,816700
1983-10-24,6.928099,7.083437,6.897031,7.083437,0.530251,725200
1983-10-25,7.145573,7.207708,7.083437,7.207708,0.539554,2127700
1983-10-26,7.021302,7.052370,6.865963,6.865963,0.513971,1419600
1983-10-27,6.865963,6.928099,6.803828,6.865963,0.513971,1132600
1983-10-28,6.865963,6.897031,6.772760,6.803828,0.509320,665200
1983-10-31,6.834896,6.865963,6.772760,6.803828,0.514014,720200
1983-11-01,6.803828,6.803828,6.710625,6.741693,0.509320,504200
1983-11-02,6.772760,6.772760,6.741693,6.772760,0.511667,357400
1983-11-03,6.772760,6.803828,6.648489,6.679557,0.504626,773500
1983-11-04,6.679557,6.710625,6.648489,6.679557,0.504626,543500
1983-11-07,6.648489,6.679557,6.524219,6.617422,0.499932,223900
1983-11-08,6.617422,6.648489,6.493151,6.586354,0.497585,500200
1983-11-09,6.617422,6.710625,6.586354,6.679557,0.504626,1045000
1983-11-10,6.679557,6.741693,6.679557,6.710625,0.506973,462000
1983-11-11,6.710625,6.834896,6.710625,6.834896,0.516361,435200
1983-11-14,6.834896,6.897031,6.803828,6.803828,0.514014,527400
1983-11-15,6.865963,6.928099,6.803828,6.834896,0.516361,590400
1983-11-16,6.897031,6.928099,6.834896,6.897031,0.521056,493500
1983-11-17,6.928099,7.021302,6.897031,7.021302,0.530444,1073500
1983-11-18,7.083437,7.083437,6.865963,6.959167,0.525750,1629500
1983-11-21,6.959167,6.990234,6.928099,6.959167,0.525750,629000
1983-11-22,7.021302,7.207708,6.990234,7.207708,0.544527,2856600
1983-11-23,7.207708,7.238776,7.114505,7.176641,0.542180,773500
1983-11-25,7.207708,7.269844,7.176641,7.207708,0.544527,813000
1983-11-28,7.238776,7.363047,7.176641,7.331979,0.553915,2884100
1983-11-29,7.331979,7.487318,7.331979,7.487318,0.565651,3442400
1983-11-30,7.518385,7.549453,7.300911,7.394114,0.558609,2607500
1983-12-01,7.394114,7.394114,7.238776,7.269844,0.549221,713100
1983-12-02,7.269844,7.363047,7.176641,7.300911,0.551568,775100
1983-12-05,7.300911,7.456250,7.269844,7.425182,0.560956,1571100
1983-12-06,7.456250,7.456250,7.394114,7.425182,0.560956,1901000
1983-12-07,7.394114,7.456250,7.394114,7.394114,0.558609,1259600
1983-12-08,7.425182,7.425182,7.331979,7.363047,0.556262,681300
1983-12-09,7.300911,7.331979,7.238776,7.269844,0.549221,720800
1983-12-12,7.269844,7.425182,7.207708,7.394114,0.558609,1003100
1983-12-13,7.394114,7.425182,7.238776,7.269844,0.549221,464000
1983-12-14,7.300911,7.331979,7.176641,7.269844,0.549221,918300
1983-12-15,7.238776,7.269844,7.176641,7.207708,0.544527,572000
1983-12-16,7.114505,7.176641,7.021302,7.083437,0.535138,740600
1983-12-19,7.052370,7.145573,7.021302,7.114505,0.537486,2007700
1983-12-20,7.114505,7.207708,7.083437,7.145573,0.539833,492800
1983-12-21,7.207708,7.300911,7.176641,7.269844,0.549221,1118800
1983-12-22,7.269844,7.363047,7.238776,7.269844,0.549221,1173500
1983-12-23,7.269844,7.269844,7.238776,7.269844,0.549221,439200
1983-12-27,7.269844,7.456250,7.238776,7.425182,0.560956,847600
1983-12-28,7.425182,7.518385,7.394114,7.487318,0.565651,2760400
1983-12-29,7.518385,7.642656,7.487318,7.549453,0.570345,2706100
1983-12-30,7.518385,7.704792,7.518385,7.549453,0.570345,719100
1984-01-03,7.611588,7.704792,7.580521,7.704792,0.582080,2203800
1984-01-04,7.704792,7.953333,7.673724,7.922266,0.598510,2352300
1984-01-05,7.984401,8.108672,7.984401,8.015469,0.605551,2965600
1984-01-06,8.077604,8.264010,7.984401,8.170807,0.617287,5081900
1984-01-09,8.170807,8.232943,8.108672,8.139740,0.614940,2876100
1984-01-10,8.139740,8.201875,8.046536,8.077604,0.610245,1379000
1984-01-11,8.015469,8.077604,7.953333,8.015469,0.605551,923700
1984-01-12,8.046536,8.046536,7.984401,8.015469,0.605551,886500
1984-01-13,8.015469,8.046536,7.797995,7.860130,0.593816,2048200
1984-01-16,7.797995,7.829062,7.735859,7.735859,0.584427,994800
1984-01-17,7.797995,7.829062,7.673724,7.704792,0.582080,1522800
1984-01-18,7.704792,7.797995,7.518385,7.735859,0.584427,1986900
1984-01-19,7.797995,7.860130,7.766927,7.766927,0.586774,1287500
1984-01-20,7.735859,7.829062,7.673724,7.735859,0.584427,2601800
1984-01-23,7.766927,7.922266,7.735859,7.922266,0.598510,1253900
1984-01-24,7.891198,7.922266,7.829062,7.891198,0.596163,755000
1984-01-25,7.922266,7.922266,7.766927,7.829062,0.591469,1240500
1984-01-26,7.829062,7.860130,7.735859,7.797995,0.589122,2889100
1984-01-27,7.797995,7.891198,7.735859,7.766927,0.586774,1720000
1984-01-30,7.766927,7.797995,7.549453,7.611588,0.575039,1666700
1984-01-31,7.642656,7.797995,7.487318,7.704792,0.582080,2424400
1984-02-01,7.673724,7.704792,7.207708,7.394114,0.558609,3967800
1984-02-02,7.269844,7.331979,7.176641,7.207708,0.544527,3687800
1984-02-03,7.238776,7.331979,7.083437,7.145573,0.539833,2758000
1984-02-06,7.052370,7.052370,6.772760,6.772760,0.516156,3235200
1984-02-07,6.803828,6.928099,6.710625,6.928099,0.527995,2001000
1984-02-08,6.897031,7.021302,6.834896,6.897031,0.525627,1860100
1984-02-09,6.834896,6.959167,6.803828,6.928099,0.527995,859300
1984-02-10,6.928099,7.176641,6.897031,7.145573,0.544569,1344500
1984-02-13,7.145573,7.176641,7.021302,7.083437,0.539833,673900
1984-02-14,7.052370,7.114505,7.021302,7.083437,0.539833,886100
1984-02-15,7.145573,7.300911,7.052370,7.083437,0.539833,1338400
1984-02-16,7.145573,7.145573,7.021302,7.114505,0.542201,483400
1984-02-17,7.114505,7.114505,7.021302,7.052370,0.537465,964600
1984-02-21,7.021302,7.052370,6.959167,6.959167,0.530362,738900
1984-02-22,6.959167,6.990234,6.865963,6.897031,0.525627,616900
1984-02-23,6.834896,6.897031,6.586354,6.710625,0.511420,2002300
1984-02-24,6.772760,6.959167,6.741693,6.928099,0.527995,1105400
1984-02-27,6.959167,7.052370,6.834896,7.021302,0.535098,1101400
1984-02-28,6.990234,7.083437,6.865963,6.928099,0.527995,953800
1984-02-29,6.897031,6.897031,6.772760,6.772760,0.516156,958500
1984-03-01,6.710625,6.741693,6.586354,6.710625,0.511420,1249200
1984-03-02,6.772760,6.959167,6.772760,6.865963,0.523259,931400
1984-03-05,6.865963,6.897031,6.834896,6.834896,0.520891,769400
1984-03-06,6.865963,7.083437,6.865963,7.052370,0.537465,1460500
1984-03-07,7.021302,7.021302,6.959167,6.959167,0.530362,778800
1984-03-08,7.021302,7.363047,7.021302,7.269844,0.554039,2027800
1984-03-09,7.300911,7.300911,7.145573,7.176641,0.546936,1080300
1984-03-12,7.207708,7.331979,7.207708,7.207708,0.549304,1061500
1984-03-13,7.269844,7.456250,7.238776,7.363047,0.561142,1437300
1984-03-14,7.363047,7.425182,7.331979,7.394114,0.563510,664200
1984-03-15,7.394114,7.456250,7.363047,7.394114,0.563510,1107100
1984-03-16,7.518385,7.549453,7.363047,7.456250,0.568245,1334400
1984-03-19,7.394114,7.456250,7.363047,7.456250,0.568245,809000
1984-03-20,7.425182,7.673724,7.425182,7.673724,0.584819,2473400
1984-03-21,7.642656,7.673724,7.549453,7.549453,0.575348,1336400
1984-03-22,7.487318,7.518385,7.425182,7.487318,0.570613,850900
1984-03-23,7.425182,7.549453,7.394114,7.549453,0.575348,488800
1984-03-26,7.518385,7.611588,7.518385,7.580521,0.577716,1162100
1984-03-27,7.549453,7.580521,7.518385,7.518385,0.572981,305700
1984-03-28,7.549453,7.704792,7.518385,7.704792,0.587187,1000800
1984-03-29,7.642656,7.704792,7.611588,7.611588,0.580084,686600
1984-03-30,7.611588,7.642656,7.487318,7.518385,0.572981,387200
1984-04-02,7.580521,7.673724,7.549453,7.611588,0.580084,1742400
1984-04-03,7.611588,7.642656,7.549453,7.580521,0.577716,1603300
1984-04-04,7.549453,7.580521,7.487318,7.549453,0.575348,523000
1984-04-05,7.580521,7.611588,7.269844,7.363047,0.561142,1455100
1984-04-06,7.363047,7.363047,7.176641,7.207708,0.549304,2206800
1984-04-09,7.269844,7.269844,7.052370,7.145573,0.544569,1042700
1984-04-10,7.114505,7.207708,7.114505,7.145573,0.544569,474700
1984-04-11,7.207708,7.238776,7.145573,7.207708,0.549304,753300
1984-04-12,7.269844,7.394114,7.052370,7.394114,0.563510,1112800
1984-04-13,7.394114,7.487318,7.363047,7.456250,0.568245,1140600
1984-04-16,7.363047,7.425182,7.363047,7.425182,0.565877,512900
1984-04-17,7.425182,7.425182,7.363047,7.363047,0.561142,647700
1984-04-18,7.331979,7.331979,7.145573,7.145573,0.544569,302400
1984-04-19,7.176641,7.207708,7.083437,7.083437,0.539833,667200
1984-04-23,7.114505,7.145573,7.021302,7.021302,0.535098,379500
1984-04-24,7.021302,7.300911,6.990234,7.269844,0.554039,1496700
1984-04-25,7.269844,7.331979,7.238776,7.269844,0.554039,538400
1984-04-26,7.269844,7.331979,7.238776,7.238776,0.551671,1143600
1984-04-27,7.238776,7.300911,7.207708,7.238776,0.551671,560600
1984-04-30,7.145573,7.269844,6.959167,7.238776,0.556448,960200
1984-05-01,7.207708,7.300911,7.176641,7.300911,0.561224,1368900
1984-05-02,7.331979,7.425182,7.300911,7.425182,0.570777,1847700
1984-05-03,7.425182,7.425182,7.363047,7.425182,0.570777,599800
1984-05-04,7.394114,7.518385,7.394114,7.394114,0.568389,1652600
1984-05-07,7.394114,7.425182,7.331979,7.331979,0.563612,835800
1984-05-08,7.269844,7.300911,7.176641,7.269844,0.558836,1366900
1984-05-09,7.238776,7.269844,7.021302,7.083437,0.544507,1009200
1984-05-10,7.083437,7.207708,7.052370,7.207708,0.554060,1818600
1984-05-11,7.207708,7.207708,6.990234,7.052370,0.542119,1455100
1984-05-14,7.052370,7.083437,6.897031,6.959167,0.534954,737600
1984-05-15,7.021302,7.083437,6.928099,6.959167,0.534954,1481600
1984-05-16,6.990234,6.990234,6.772760,6.834896,0.525402,1233500
1984-05-17,6.834896,6.834896,6.648489,6.741693,0.518237,1614000
1984-05-18,6.741693,6.741693,6.648489,6.679557,0.513461,590100
1984-05-21,6.710625,6.865963,6.679557,6.834896,0.525402,828100
1984-05-22,6.803828,6.834896,6.524219,6.586354,0.506296,2469400
1984-05-23,6.586354,6.679557,6.586354,6.679557,0.513461,797900
1984-05-24,6.648489,6.710625,6.617422,6.648489,0.511073,569300
1984-05-25,6.617422,6.679557,6.586354,6.679557,0.513461,377200
1984-05-29,6.679557,6.679557,6.555286,6.586354,0.506296,495200
1984-05-30,6.555286,6.617422,6.462083,6.555286,0.503908,1361900
1984-05-31,6.524219,6.555286,6.493151,6.524219,0.501520,376800
1984-06-01,6.555286,6.741693,6.524219,6.741693,0.518237,549800
1984-06-04,6.772760,6.834896,6.710625,6.772760,0.520625,779500
1984-06-05,6.741693,6.772760,6.679557,6.679557,0.513461,386900
1984-06-06,6.710625,6.741693,6.617422,6.679557,0.513461,869400
1984-06-07,6.710625,6.710625,6.648489,6.648489,0.511073,273500
1984-06-08,6.648489,6.679557,6.617422,6.648489,0.511073,635700
1984-06-11,6.679557,6.679557,6.555286,6.617422,0.508684,507200
1984-06-12,6.617422,6.648489,6.524219,6.586354,0.506296,816000
1984-06-13,6.586354,6.586354,6.493151,6.555286,0.503908,701400
1984-06-14,6.617422,6.617422,6.399948,6.399948,0.491967,1209700
1984-06-15,6.399948,6.462083,6.337812,6.337812,0.487191,1196900
1984-06-18,6.275677,6.524219,6.244609,6.399948,0.491967,1328400
1984-06-19,6.368880,6.493151,6.337812,6.431015,0.494355,851600
1984-06-20,6.368880,6.399948,6.275677,6.399948,0.491967,1318600
1984-06-21,6.368880,6.431015,6.337812,6.337812,0.487191,525000
1984-06-22,6.306745,6.431015,6.213542,6.275677,0.482414,1329700
1984-06-25,6.244609,6.275677,6.213542,6.244609,0.480026,777800
1984-06-26,6.244609,6.244609,6.058203,6.089271,0.468085,1919100
1984-06-27,6.089271,6.120338,5.996068,6.058203,0.465697,533100
1984-06-28,6.058203,6.120338,6.027135,6.120338,0.470473,385500
1984-06-29,6.120338,6.120338,6.027135,6.058203,0.465697,1570100
1984-07-02,6.027135,6.058203,5.840729,5.840729,0.448980,2702700
1984-07-03,5.840729,5.840729,5.685390,5.747526,0.441815,3273400
1984-07-05,5.747526,5.778594,5.623255,5.654323,0.434650,1598300
1984-07-06,5.623255,5.716458,5.467916,5.654323,0.434650,797600
1984-07-09,5.685390,5.716458,5.623255,5.654323,0.434650,630300
1984-07-10,5.716458,5.747526,5.685390,5.747526,0.441815,792600
1984-07-11,5.716458,5.747526,5.592187,5.592187,0.429874,848200
1984-07-12,5.467916,5.623255,5.467916,5.561120,0.427486,1995600
1984-07-13,5.623255,5.654323,5.592187,5.623255,0.432262,803600
1984-07-16,5.654323,5.747526,5.654323,5.716458,0.439427,685300
1984-07-17,5.747526,5.871797,5.716458,5.809661,0.446591,1559000
1984-07-18,5.871797,5.933932,5.716458,5.871797,0.451368,618200
1984-07-19,5.902864,5.902864,5.840729,5.902864,0.453756,974300
1984-07-20,5.902864,5.933932,5.685390,5.840729,0.448980,2392200
1984-07-23,5.747526,5.747526,5.623255,5.716458,0.439427,1527200
1984-07-24,5.716458,5.747526,5.623255,5.654323,0.434650,487100
1984-07-25,5.623255,5.654323,5.592187,5.654323,0.434650,706700
1984-07-26,5.654323,5.716458,5.623255,5.685390,0.437038,640000
1984-07-27,5.685390,5.685390,5.623255,5.654323,0.434650,608500
1984-07-30,5.654323,5.778594,5.654323,5.716458,0.439427,838800
1984-07-31,5.716458,5.747526,5.530052,5.530052,0.425098,853600
1984-08-01,5.592187,5.996068,5.561120,5.716458,0.439427,916600
1984-08-02,5.778594,5.902864,5.716458,5.871797,0.451368,1217000
1984-08-03,6.027135,6.213542,5.933932,6.089271,0.468085,2236000
1984-08-06,6.089271,6.182474,5.933932,5.965000,0.463260,1619700
1984-08-07,5.933932,6.120338,5.933932,6.058203,0.470498,1313600
1984-08-08,6.089271,6.120338,5.996068,6.058203,0.470498,878400
1984-08-09,6.089271,6.368880,6.089271,6.337812,0.492214,1376000
1984-08-10,6.524219,6.524219,6.399948,6.399948,0.497039,1670400
1984-08-13,6.337812,6.431015,6.213542,6.275677,0.487388,1399400
1984-08-14,6.337812,6.337812,6.151406,6.182474,0.480149,1335100
1984-08-15,6.151406,6.213542,6.120338,6.151406,0.477737,958500
1984-08-16,6.151406,6.182474,6.058203,6.120338,0.475324,1217700
1984-08-17,6.151406,6.151406,5.840729,5.965000,0.463260,767400
1984-08-20,5.965000,6.027135,5.871797,6.027135,0.468085,1328000
1984-08-21,6.089271,6.306745,6.089271,6.213542,0.482562,2209800
1984-08-22,6.213542,6.244609,6.089271,6.151406,0.477737,927400
1984-08-23,6.120338,6.182474,6.058203,6.151406,0.477737,857300
1984-08-24,6.151406,6.182474,6.089271,6.120338,0.475324,708800
1984-08-27,6.089271,6.120338,6.058203,6.120338,0.475324,756400
1984-08-28,6.151406,6.213542,6.089271,6.213542,0.482562,833800
1984-08-29,6.182474,6.244609,6.151406,6.213542,0.482562,576600
1984-08-30,6.182474,6.213542,6.120338,6.120338,0.475324,531400
1984-08-31,6.120338,6.151406,6.058203,6.151406,0.477737,593700
1984-09-04,6.089271,6.120338,5.871797,5.902864,0.458434,1265700
1984-09-05,5.902864,5.965000,5.871797,5.902864,0.458434,604800
1984-09-06,5.965000,6.058203,5.965000,6.058203,0.470498,784500
1984-09-07,6.089271,6.151406,6.058203,6.120338,0.475324,842900
1984-09-10,6.027135,6.182474,6.027135,6.089271,0.472911,828800
1984-09-11,6.120338,6.151406,6.089271,6.120338,0.475324,1064500
1984-09-12,6.120338,6.151406,6.089271,6.120338,0.475324,546100
1984-09-13,6.120338,6.182474,5.996068,6.151406,0.477737,966900
1984-09-14,6.213542,6.275677,6.182474,6.213542,0.482562,1147000
1984-09-17,6.151406,6.213542,6.027135,6.058203,0.470498,972600
1984-09-18,6.027135,6.151406,5.996068,6.151406,0.477737,1021900
1984-09-19,6.027135,6.089271,6.027135,6.058203,0.470498,1724700
1984-09-20,6.058203,6.244609,6.027135,6.213542,0.482562,1678100
1984-09-21,6.213542,6.368880,6.182474,6.275677,0.487388,4659100
1984-09-24,6.213542,6.275677,6.058203,6.120338,0.475324,1619400
1984-09-25,6.120338,6.182474,6.058203,6.151406,0.477737,699400
1984-09-26,6.120338,6.244609,6.089271,6.213542,0.482562,2330900
1984-09-27,6.213542,6.275677,6.213542,6.244609,0.484975,437200
1984-09-28,6.213542,6.244609,6.151406,6.213542,0.482562,521300
1984-10-01,6.151406,6.151406,6.058203,6.089271,0.472911,704400
1984-10-02,6.089271,6.089271,5.933932,5.933932,0.460847,1444400
1984-10-03,5.965000,6.027135,5.871797,5.902864,0.458434,1952300
1984-10-04,5.933932,5.996068,5.902864,5.933932,0.460847,453900
1984-10-05,5.933932,5.996068,5.871797,5.902864,0.458434,441200
1984-10-08,5.902864,5.902864,5.778594,5.809661,0.451196,199400
1984-10-09,5.871797,5.902864,5.778594,5.778594,0.448783,1899400
1984-10-10,5.685390,5.809661,5.623255,5.809661,0.451196,1004500
1984-10-11,5.716458,5.809661,5.716458,5.778594,0.448783,2092200
1984-10-12,5.778594,5.809661,5.747526,5.778594,0.448783,636000
1984-10-15,5.716458,5.840729,5.685390,5.778594,0.448783,835200
1984-10-16,5.778594,5.840729,5.747526,5.809661,0.451196,991700
1984-10-17,5.809661,6.151406,5.654323,5.747526,0.446370,951500
1984-10-18,5.685390,5.716458,5.498984,5.592187,0.434306,1042400
1984-10-19,5.654323,5.778594,5.623255,5.685390,0.441544,2357700
1984-10-22,5.654323,5.685390,5.623255,5.654323,0.439132,335900
1984-10-23,5.685390,5.778594,5.623255,5.623255,0.436719,2205800
1984-10-24,5.623255,5.685390,5.623255,5.654323,0.439132,525000
1984-10-25,5.654323,5.685390,5.623255,5.623255,0.436719,428800
1984-10-26,5.623255,5.716458,5.623255,5.716458,0.443957,447900
1984-10-29,5.654323,5.747526,5.654323,5.747526,0.446370,841500
1984-10-30,5.747526,5.996068,5.747526,5.902864,0.458434,1954400
1984-10-31,5.902864,5.902864,5.840729,5.871797,0.456021,2006000
1984-11-01,5.840729,6.151406,5.840729,6.120338,0.475324,3800800
1984-11-02,6.027135,6.244609,6.027135,6.244609,0.489949,3073200
1984-11-05,6.244609,6.462083,6.213542,6.462083,0.507013,2858000
1984-11-06,6.493151,6.555286,6.431015,6.555286,0.514325,1938300
1984-11-07,6.493151,6.555286,6.306745,6.462083,0.507013,1976500
1984-11-08,6.337812,6.431015,6.275677,6.337812,0.497262,1417600
1984-11-09,6.337812,6.399948,6.120338,6.306745,0.494825,697000
1984-11-12,6.244609,6.275677,6.120338,6.213542,0.487512,417000
1984-11-13,6.213542,6.213542,6.027135,6.058203,0.475324,568300
1984-11-14,6.058203,6.151406,6.058203,6.089271,0.477762,632000
1984-11-15,6.058203,6.089271,6.027135,6.058203,0.475324,549800
1984-11-16,6.089271,6.089271,5.965000,5.965000,0.468011,882100
1984-11-19,5.996068,6.027135,5.871797,5.902864,0.463136,737300
1984-11-20,5.933932,6.182474,5.933932,6.151406,0.482637,1974800
1984-11-21,6.151406,6.306745,6.151406,6.306745,0.494825,1337100
1984-11-23,6.337812,6.524219,6.337812,6.431015,0.504575,2162600
1984-11-26,6.368880,6.493151,6.275677,6.306745,0.494825,2201800
1984-11-27,6.306745,6.368880,6.244609,6.337812,0.497262,1156700
1984-11-28,6.368880,6.431015,6.306745,6.337812,0.497262,1936600
1984-11-29,6.337812,6.337812,6.213542,6.244609,0.489949,1610300
1984-11-30,6.182474,6.244609,6.182474,6.213542,0.487512,1076600
1984-12-03,6.213542,6.213542,5.996068,6.151406,0.482637,859000
1984-12-04,6.151406,6.244609,6.151406,6.182474,0.485075,656400
1984-12-05,6.120338,6.151406,5.965000,5.996068,0.470449,1002800
1984-12-06,5.996068,6.120338,5.996068,6.058203,0.475324,1027900
1984-12-07,6.058203,6.182474,6.027135,6.058203,0.475324,502200
1984-12-10,6.027135,6.151406,5.996068,6.089271,0.477762,527400
1984-12-11,6.120338,6.151406,6.089271,6.120338,0.480199,521000
1984-12-12,6.089271,6.151406,6.058203,6.058203,0.475324,385200
1984-12-13,6.058203,6.089271,5.996068,5.996068,0.470449,577700
1984-12-14,5.965000,6.120338,5.965000,5.996068,0.470449,749700
1984-12-17,5.965000,5.996068,5.902864,5.965000,0.468011,1472900
1984-12-18,6.089271,6.182474,5.996068,6.182474,0.485075,2215900
1984-12-19,6.182474,6.368880,6.058203,6.306745,0.494825,2629600
1984-12-20,6.306745,6.368880,6.213542,6.244609,0.489949,1360600
1984-12-21,6.244609,6.306745,6.213542,6.275677,0.492387,1023900
1984-12-24,6.275677,6.431015,6.275677,6.399948,0.502137,596800
1984-12-26,6.368880,6.493151,6.368880,6.493151,0.509450,1443400
1984-12-27,6.493151,6.493151,6.399948,6.399948,0.502137,1293800
1984-12-28,6.399948,6.462083,6.399948,6.431015,0.504575,1165400
1984-12-31,6.431015,6.493151,6.244609,6.493151,0.509450,1638200
1985-01-02,6.462083,6.493151,6.244609,6.399948,0.502137,585400
1985-01-03,6.399948,6.462083,6.337812,6.399948,0.502137,1359900
1985-01-04,6.337812,6.368880,6.275677,6.275677,0.492387,876400
1985-01-07,6.337812,6.337812,6.213542,6.275677,0.492387,1760900
1985-01-08,6.244609,6.399948,6.244609,6.368880,0.499700,844200
1985-01-09,6.368880,6.524219,6.368880,6.462083,0.507013,2517300
1985-01-10,6.462083,6.741693,6.462083,6.741693,0.528951,3187200
1985-01-11,6.741693,6.928099,6.741693,6.803828,0.533825,2593700
1985-01-14,6.741693,6.897031,6.710625,6.834896,0.536263,1753500
1985-01-15,6.834896,6.834896,6.710625,6.710625,0.526513,1675700
1985-01-16,6.648489,6.741693,6.648489,6.679557,0.524075,1481300
1985-01-17,6.710625,6.710625,6.617422,6.648489,0.521638,938800
1985-01-18,6.648489,6.679557,6.493151,6.555286,0.514325,1229100
1985-01-21,6.555286,6.959167,6.555286,6.959167,0.546013,4936700
1985-01-22,6.959167,6.990234,6.865963,6.897031,0.541138,2466300
1985-01-23,6.834896,6.897031,6.772760,6.803828,0.533825,1113400
1985-01-24,6.897031,7.145573,6.772760,6.834896,0.536263,909600
1985-01-25,6.772760,6.928099,6.741693,6.897031,0.541138,1567400
1985-01-28,6.897031,6.928099,6.803828,6.928099,0.543576,1490600
1985-01-29,6.865963,6.959167,6.834896,6.928099,0.543576,1609700
1985-01-30,6.928099,6.928099,6.741693,6.803828,0.533825,1938600
1985-01-31,6.741693,6.772760,6.648489,6.741693,0.528951,2272200
1985-02-01,6.679557,6.865963,6.648489,6.834896,0.536263,2305400
1985-02-04,6.710625,6.803828,6.710625,6.741693,0.533804,1849400
1985-02-05,6.803828,6.834896,6.741693,6.741693,0.533804,1499400
1985-02-06,6.710625,6.928099,6.710625,6.834896,0.541183,3543300
1985-02-07,6.865963,7.052370,6.865963,7.052370,0.558403,3563100
1985-02-08,7.021302,7.052370,6.959167,6.959167,0.551023,843900
1985-02-11,6.897031,6.959167,6.865963,6.897031,0.546103,1422900
1985-02-12,6.834896,6.959167,6.803828,6.834896,0.541183,1924500
1985-02-13,6.865963,7.052370,6.834896,7.021302,0.555943,2375800
1985-02-14,7.052370,7.083437,6.990234,6.990234,0.553483,2554900
1985-02-15,6.990234,7.021302,6.959167,6.959167,0.551023,991700
1985-02-19,6.928099,6.990234,6.928099,6.928099,0.548563,710800
1985-02-20,6.897031,7.021302,6.865963,6.959167,0.551023,962600
1985-02-21,6.928099,6.959167,6.897031,6.928099,0.548563,657800
1985-02-22,6.897031,6.928099,6.803828,6.865963,0.543644,1606300
1985-02-25,6.772760,6.865963,6.741693,6.834896,0.541183,1423300
1985-02-26,6.803828,6.865963,6.741693,6.803828,0.538723,851200
1985-02-27,6.803828,6.834896,6.741693,6.772760,0.536264,1482600
1985-02-28,6.741693,6.834896,6.741693,6.834896,0.541183,1384000
1985-03-01,6.803828,7.145573,6.803828,6.990234,0.553483,2425100
1985-03-04,7.021302,7.114505,6.990234,7.021302,0.555943,1329000
1985-03-05,7.021302,7.083437,6.990234,7.021302,0.555943,1410500
1985-03-06,6.865963,7.021302,6.710625,6.772760,0.536264,1833000
1985-03-07,6.772760,6.772760,6.648489,6.679557,0.528884,3852400
1985-03-08,6.679557,6.741693,6.648489,6.648489,0.526424,953800
1985-03-11,6.648489,6.834896,6.648489,6.679557,0.528884,886100
1985-03-12,6.648489,6.741693,6.648489,6.710625,0.531344,734900
1985-03-13,6.679557,6.741693,6.679557,6.710625,0.531344,805300
1985-03-14,6.679557,6.772760,6.679557,6.741693,0.533804,911900
1985-03-15,6.772760,6.803828,6.524219,6.524219,0.516584,1284400
1985-03-18,6.617422,6.772760,6.617422,6.679557,0.528884,977700
1985-03-19,6.679557,6.741693,6.679557,6.741693,0.533804,893500
1985-03-20,6.772760,6.772760,6.679557,6.679557,0.528884,893200
1985-03-21,6.679557,6.741693,6.648489,6.710625,0.531344,1042400
1985-03-22,6.772760,6.865963,6.710625,6.772760,0.536264,1732400
1985-03-25,6.772760,6.803828,6.741693,6.803828,0.538723,529700
1985-03-26,6.803828,6.865963,6.741693,6.834896,0.541183,1081300
1985-03-27,6.834896,6.865963,6.772760,6.772760,0.536264,1227100
1985-03-28,6.772760,6.803828,6.648489,6.648489,0.526424,1009800
1985-03-29,6.679557,6.741693,6.648489,6.741693,0.533804,1091300
1985-04-01,6.710625,6.803828,6.710625,6.741693,0.533804,996400
1985-04-02,6.741693,6.803828,6.710625,6.710625,0.531344,796600
1985-04-03,6.741693,6.741693,6.679557,6.741693,0.533804,1158000
1985-04-04,6.710625,6.741693,6.679557,6.679557,0.528884,1394800
1985-04-08,6.679557,6.741693,6.617422,6.679557,0.528884,461300
1985-04-09,6.679557,6.710625,6.462083,6.710625,0.531344,470000
1985-04-10,6.679557,6.741693,6.648489,6.710625,0.531344,627600
1985-04-11,6.648489,6.741693,6.648489,6.710625,0.531344,2440900
1985-04-12,6.648489,6.741693,6.648489,6.710625,0.531344,1068900
1985-04-15,6.648489,6.741693,6.648489,6.710625,0.531344,364400
1985-04-16,6.741693,6.834896,6.710625,6.772760,0.536264,1197900
1985-04-17,6.710625,6.772760,6.710625,6.741693,0.533804,937400
1985-04-18,6.772760,6.772760,6.679557,6.710625,0.531344,933400
1985-04-19,6.710625,6.710625,6.586354,6.648489,0.526424,929400
1985-04-22,6.710625,6.710625,6.524219,6.710625,0.531344,667200
1985-04-23,6.710625,6.710625,6.555286,6.617422,0.523964,1480900
1985-04-24,6.617422,6.648489,6.493151,6.524219,0.516584,952800
1985-04-25,6.586354,6.617422,6.555286,6.586354,0.521504,598400
1985-04-26,6.648489,6.772760,6.617422,6.741693,0.533804,3074600
1985-04-29,6.710625,6.772760,6.679557,6.741693,0.533804,1526900
1985-04-30,6.710625,6.772760,6.679557,6.741693,0.533804,1225400
1985-05-01,6.741693,6.834896,6.710625,6.803828,0.538723,1101700
1985-05-02,6.741693,6.834896,6.741693,6.772760,0.536264,799300
1985-05-03,6.803828,6.959167,6.803828,6.959167,0.551023,2652100
1985-05-06,6.897031,6.928099,6.865963,6.897031,0.551024,572600
1985-05-07,6.928099,6.990234,6.897031,6.959167,0.555988,1785000
1985-05-08,6.959167,6.959167,6.928099,6.928099,0.553506,1448400
1985-05-09,6.959167,7.052370,6.959167,6.990234,0.558470,5793700
1985-05-10,7.052370,7.145573,6.959167,7.145573,0.570880,2680900
1985-05-13,7.083437,7.238776,7.083437,7.207708,0.575845,1831300
1985-05-14,7.238776,7.300911,7.207708,7.207708,0.575845,1602000
1985-05-15,7.207708,7.238776,7.114505,7.207708,0.575845,1339100
1985-05-16,7.238776,7.269844,7.145573,7.176641,0.573362,1519100
1985-05-17,7.207708,7.269844,7.145573,7.207708,0.575845,1825900
1985-05-20,7.269844,7.363047,7.269844,7.331979,0.585773,1998600
1985-05-21,7.331979,7.394114,7.238776,7.331979,0.585773,1550000
1985-05-22,7.300911,7.331979,7.238776,7.331979,0.585773,988000
1985-05-23,7.269844,7.363047,7.238776,7.300911,0.583291,2857600
1985-05-24,7.238776,7.331979,7.238776,7.300911,0.583291,936100
1985-05-28,7.269844,7.300911,7.145573,7.176641,0.573362,1600600
1985-05-29,7.083437,7.145573,7.083437,7.083437,0.565916,780500
1985-05-30,7.083437,7.145573,7.021302,7.114505,0.568398,668200
1985-05-31,7.083437,7.145573,7.083437,7.145573,0.570880,740300
1985-06-03,7.176641,7.176641,6.990234,7.021302,0.560952,1183900
1985-06-04,6.990234,6.990234,6.834896,6.959167,0.555988,874000
1985-06-05,6.897031,6.928099,6.865963,6.897031,0.551024,1538300
1985-06-06,6.834896,6.928099,6.710625,6.865963,0.548541,708800
1985-06-07,6.865963,6.897031,6.803828,6.834896,0.546059,589700
1985-06-10,6.772760,6.803828,6.648489,6.772760,0.541095,799300
1985-06-11,6.741693,6.772760,6.710625,6.741693,0.538613,561600
1985-06-12,6.741693,6.772760,6.710625,6.710625,0.536131,662500
1985-06-13,6.648489,6.741693,6.555286,6.741693,0.538613,934100
1985-06-14,6.772760,6.772760,6.679557,6.710625,0.536131,1109800
1985-06-17,6.679557,6.679557,6.617422,6.679557,0.533649,611500
1985-06-18,6.648489,6.741693,6.648489,6.710625,0.536131,780800
1985-06-19,6.679557,6.710625,6.648489,6.648489,0.531167,942100
1985-06-20,6.617422,6.648489,6.586354,6.648489,0.531167,696700
1985-06-21,6.555286,6.772760,6.555286,6.772760,0.541095,2000300
1985-06-24,6.710625,6.803828,6.679557,6.772760,0.541095,1277700
1985-06-25,6.803828,6.897031,6.772760,6.865963,0.548541,967600
1985-06-26,6.834896,6.928099,6.834896,6.897031,0.551024,543800
1985-06-27,6.928099,6.928099,6.865963,6.865963,0.548541,642000
1985-06-28,6.928099,6.959167,6.865963,6.928099,0.553506,1149000
1985-07-01,6.897031,6.928099,6.865963,6.928099,0.553506,709100
1985-07-02,6.897031,6.928099,6.865963,6.865963,0.548541,721500
1985-07-03,6.865963,6.897031,6.772760,6.772760,0.541095,1101000
1985-07-05,6.741693,6.803828,6.741693,6.772760,0.541095,473700
1985-07-08,6.741693,6.803828,6.648489,6.679557,0.533649,921300
1985-07-09,6.648489,6.679557,6.586354,6.648489,0.531167,1483900
1985-07-10,6.648489,6.648489,6.555286,6.648489,0.531167,1139600
1985-07-11,6.617422,6.865963,6.617422,6.648489,0.531167,542400
1985-07-12,6.617422,6.648489,6.586354,6.617422,0.528685,665800
1985-07-15,6.586354,6.679557,6.555286,6.648489,0.531167,1194300
1985-07-16,6.648489,6.741693,6.617422,6.679557,0.533649,1078600
1985-07-17,6.741693,6.990234,6.679557,6.928099,0.553506,3927500
1985-07-18,6.928099,6.990234,6.865963,6.928099,0.553506,4912600
1985-07-19,6.928099,6.990234,6.772760,6.959167,0.555988,2180000
1985-07-22,6.897031,6.959167,6.865963,6.897031,0.551024,1917100
1985-07-23,6.897031,7.269844,6.865963,7.052370,0.563434,3098700
1985-07-24,7.083437,7.176641,7.052370,7.176641,0.573362,1641900
1985-07-25,7.145573,7.300911,7.114505,7.238776,0.578327,3536900
1985-07-26,7.269844,7.394114,6.834896,7.394114,0.590737,3325700
1985-07-29,7.394114,7.456250,7.363047,7.456250,0.595701,1684400
1985-07-30,7.425182,7.580521,7.394114,7.580521,0.605630,5150000
1985-07-31,7.704792,7.704792,7.642656,7.704792,0.615558,4264800
1985-08-01,7.704792,7.766927,7.642656,7.735859,0.618040,1897700
1985-08-02,7.735859,7.766927,7.487318,7.704792,0.615558,1173800
1985-08-05,7.611588,7.642656,7.580521,7.611588,0.614054,1455100
1985-08-06,7.611588,7.611588,7.487318,7.487318,0.604028,2051200
1985-08-07,7.456250,7.518385,7.425182,7.518385,0.606535,1980500
1985-08-08,7.518385,7.549453,7.456250,7.518385,0.606535,1412500
1985-08-09,7.487318,7.518385,7.394114,7.456250,0.601521,1906400
1985-08-12,7.425182,7.425182,7.331979,7.363047,0.594003,1115800
1985-08-13,7.331979,7.363047,7.269844,7.300911,0.588991,792900
1985-08-14,7.331979,7.394114,7.331979,7.394114,0.596510,972300
1985-08-15,7.363047,7.363047,7.269844,7.331979,0.591497,999100
1985-08-16,7.331979,7.363047,7.145573,7.207708,0.581471,4570600
1985-08-19,7.269844,7.300911,7.238776,7.269844,0.586484,1442700
1985-08-20,7.269844,7.487318,7.269844,7.456250,0.601521,3098000
1985-08-21,7.487318,7.580521,7.456250,7.518385,0.606535,3200600
1985-08-22,7.549453,7.673724,7.518385,7.642656,0.616560,2228300
1985-08-23,7.642656,7.673724,7.580521,7.580521,0.611548,958900
1985-08-26,7.611588,7.611588,7.549453,7.580521,0.611548,421100
1985-08-27,7.642656,7.642656,7.518385,7.549453,0.609041,1299900
1985-08-28,7.518385,7.549453,7.456250,7.549453,0.609041,665200
1985-08-29,7.549453,7.549453,7.425182,7.518385,0.606535,2064300
1985-08-30,7.518385,7.518385,7.394114,7.456250,0.601521,1166100
1985-09-03,7.518385,7.549453,7.456250,7.456250,0.601521,1377300
1985-09-04,7.487318,7.549453,7.456250,7.456250,0.601521,891100
1985-09-05,7.456250,7.487318,7.425182,7.425182,0.599016,1218100
1985-09-06,7.425182,7.487318,7.363047,7.425182,0.599016,1274700
1985-09-09,7.487318,7.487318,7.425182,7.456250,0.601521,4095800
1985-09-10,7.456250,7.456250,7.394114,7.425182,0.599016,1476600
1985-09-11,7.425182,7.425182,7.176641,7.394114,0.596510,2449200
1985-09-12,7.363047,7.487318,7.363047,7.425182,0.599016,2088100
1985-09-13,7.456250,7.518385,7.394114,7.394114,0.596510,1332700
1985-09-16,7.331979,7.456250,7.331979,7.394114,0.596510,1206000
1985-09-17,7.394114,7.425182,7.207708,7.207708,0.581471,1416200
1985-09-18,7.238776,7.363047,7.207708,7.331979,0.591497,1132600
1985-09-19,7.425182,7.456250,7.363047,7.456250,0.601521,1649900
1985-09-20,7.487318,7.580521,7.487318,7.518385,0.606535,1905400
1985-09-23,7.673724,7.735859,7.611588,7.735859,0.624079,2677600
1985-09-24,7.735859,7.829062,7.735859,7.829062,0.631598,2094800
1985-09-25,7.829062,7.891198,7.735859,7.766927,0.626586,1461800
1985-09-26,7.704792,7.953333,7.673724,7.953333,0.641624,3823300
1985-09-30,7.953333,7.984401,7.704792,7.860130,0.634105,2498500
1985-10-01,7.860130,8.108672,7.860130,8.077604,0.651649,2921700
1985-10-02,8.139740,8.419349,8.077604,8.108672,0.654155,2735200
1985-10-03,8.108672,8.139740,7.953333,8.015469,0.646636,2695700
1985-10-04,7.984401,8.015469,7.922266,7.953333,0.641624,1250200
1985-10-07,7.953333,7.953333,7.829062,7.891198,0.636611,1488600
1985-10-08,7.860130,7.891198,7.766927,7.797995,0.629092,993700
1985-10-09,7.766927,7.797995,7.704792,7.735859,0.624079,1136600
1985-10-10,7.735859,7.735859,7.642656,7.704792,0.621573,694300
1985-10-11,7.704792,7.766927,7.673724,7.735859,0.624079,883800
1985-10-14,7.735859,7.797995,7.642656,7.766927,0.626586,962900
1985-10-15,7.829062,7.829062,7.735859,7.766927,0.626586,1283800
1985-10-16,7.766927,7.797995,7.704792,7.766927,0.626586,1050100
1985-10-17,7.766927,7.766927,7.642656,7.642656,0.616560,1533900
1985-10-18,7.704792,7.704792,7.611588,7.642656,0.616560,1409500
1985-10-21,7.580521,7.673724,7.549453,7.642656,0.616560,837200
1985-10-22,7.611588,7.611588,7.518385,7.611588,0.614054,908600
1985-10-23,7.580521,7.580521,7.487318,7.518385,0.606535,1197600
1985-10-24,7.394114,7.456250,7.021302,7.207708,0.581471,6590400
1985-10-25,6.990234,7.145573,6.834896,6.959167,0.561421,10819100
1985-10-28,6.710625,7.021302,6.710625,6.990234,0.563927,8489500
1985-10-29,7.021302,7.021302,6.772760,6.834896,0.551395,2264200
1985-10-30,6.710625,6.834896,6.586354,6.648489,0.536357,11599600
1985-10-31,6.679557,6.897031,6.679557,6.803828,0.548889,8871700
1985-11-01,6.834896,6.834896,6.741693,6.834896,0.551395,1892300
1985-11-04,6.617422,6.772760,6.586354,6.617422,0.539739,2985400
1985-11-05,6.648489,6.648489,6.524219,6.555286,0.534671,2300700
1985-11-06,6.555286,6.617422,6.306745,6.617422,0.539739,2583700
1985-11-07,6.617422,6.679557,6.586354,6.617422,0.539739,1601600
1985-11-08,6.617422,6.617422,6.524219,6.555286,0.534671,2384500
1985-11-11,6.586354,6.679557,6.555286,6.679557,0.544807,2004300
1985-11-12,6.648489,6.741693,6.648489,6.679557,0.544807,2730500
1985-11-13,6.679557,6.710625,6.648489,6.648489,0.542273,1807200
1985-11-14,6.617422,6.710625,6.617422,6.710625,0.547341,1535900
1985-11-15,6.648489,6.679557,6.555286,6.648489,0.542273,1570400
1985-11-18,6.648489,6.648489,6.555286,6.586354,0.537205,1065500
1985-11-19,6.586354,6.679557,6.399948,6.462083,0.527069,2046200
1985-11-20,6.431015,6.524219,6.399948,6.462083,0.527069,2232300
1985-11-21,6.524219,6.555286,6.462083,6.493151,0.529603,1758500
1985-11-22,6.493151,6.524219,6.462083,6.462083,0.527069,1889600
1985-11-25,6.493151,6.493151,6.399948,6.431015,0.524535,2373100
1985-11-26,6.368880,6.431015,6.368880,6.431015,0.524535,2147800
1985-11-27,6.431015,6.524219,6.399948,6.524219,0.532137,3314300
1985-11-29,6.555286,6.617422,6.524219,6.555286,0.534671,2361100
1985-12-02,6.524219,6.586354,6.493151,6.555286,0.534671,1457100
1985-12-03,6.555286,6.586354,6.524219,6.586354,0.537205,970600
1985-12-04,6.555286,6.617422,6.524219,6.586354,0.537205,1605600
1985-12-05,6.586354,6.648489,6.555286,6.586354,0.537205,1620700
1985-12-06,6.555286,6.586354,6.493151,6.493151,0.529603,1492700
1985-12-09,6.493151,6.524219,6.368880,6.399948,0.522001,2352000
1985-12-10,6.337812,6.337812,6.058203,6.151406,0.501729,8236000
1985-12-11,6.151406,6.586354,6.120338,6.524219,0.532137,3971100
1985-12-12,6.493151,6.493151,6.244609,6.337812,0.516933,3434000
1985-12-13,6.337812,6.493151,6.275677,6.493151,0.529603,3569400
1985-12-16,6.462083,6.493151,6.368880,6.431015,0.524535,2671900
1985-12-17,6.431015,6.431015,6.306745,6.337812,0.516933,4345300
1985-12-18,6.306745,6.462083,6.306745,6.399948,0.522001,4425800
1985-12-19,6.399948,6.399948,6.275677,6.337812,0.516933,5061500
1985-12-20,6.337812,6.368880,6.244609,6.244609,0.509331,3317600
1985-12-23,6.151406,6.213542,6.120338,6.213542,0.506797,2942100
1985-12-24,6.182474,6.213542,6.120338,6.151406,0.501729,1588600
1985-12-26,6.151406,6.182474,6.120338,6.120338,0.499195,963600
1985-12-27,6.120338,6.337812,6.058203,6.306745,0.514399,6397300
1985-12-30,6.368880,6.555286,6.244609,6.524219,0.532137,3717600
1985-12-31,6.555286,6.617422,6.431015,6.617422,0.539739,5455800
1986-01-02,6.586354,6.617422,6.493151,6.586354,0.537205,3065200
1986-01-03,6.555286,6.679557,6.555286,6.586354,0.537205,3050700
1986-01-06,6.586354,6.617422,6.399948,6.462083,0.527069,1348500
1986-01-07,6.493151,6.493151,6.431015,6.493151,0.529603,2944500
1986-01-08,6.462083,6.493151,6.244609,6.275677,0.511865,3724300
1986-01-09,6.213542,6.275677,6.120338,6.213542,0.506797,4466000
1986-01-10,6.275677,6.897031,6.244609,6.368880,0.519467,2936100
1986-01-13,6.306745,6.337812,6.213542,6.306745,0.514399,4759700
1986-01-14,6.306745,6.306745,6.244609,6.275677,0.511865,4124000
1986-01-15,6.306745,6.431015,6.244609,6.275677,0.511865,2599800
1986-01-16,6.244609,6.306745,6.213542,6.244609,0.509331,5206300
1986-01-17,6.244609,6.244609,6.182474,6.182474,0.504263,4224600
1986-01-20,6.182474,6.182474,6.089271,6.151406,0.501729,4703400
1986-01-21,6.151406,6.151406,5.840729,5.933932,0.483991,3135600
1986-01-22,5.933932,5.933932,5.809661,5.840729,0.476389,2129000
1986-01-23,5.778594,5.840729,5.654323,5.778594,0.471321,4626900
1986-01-24,5.778594,5.840729,5.747526,5.840729,0.476389,2491500
1986-01-27,5.840729,5.871797,5.685390,5.685390,0.463719,2563200
1986-01-28,5.685390,5.716458,5.623255,5.716458,0.466253,2082100
1986-01-29,5.716458,5.747526,5.716458,5.716458,0.466253,2748000
1986-01-30,5.716458,5.747526,5.716458,5.747526,0.468787,4144100
1986-01-31,5.778594,5.840729,5.747526,5.809661,0.473855,2716500
1986-02-03,5.716458,5.809661,5.716458,5.716458,0.472315,1386400
1986-02-04,5.716458,5.747526,5.530052,5.561120,0.459480,7121500
1986-02-05,5.530052,5.592187,5.498984,5.530052,0.456913,3309300
1986-02-06,5.530052,5.592187,5.374713,5.405781,0.446645,3988200
1986-02-07,5.374713,5.467916,5.374713,5.467916,0.451779,3527200
1986-02-10,5.436849,5.561120,5.405781,5.498984,0.454346,5073500
1986-02-11,5.530052,5.654323,5.498984,5.592187,0.462047,5882300
1986-02-12,5.654323,5.685390,5.592187,5.623255,0.464614,3091300
1986-02-13,5.623255,5.654323,5.530052,5.561120,0.459480,4385500
1986-02-14,5.592187,5.654323,5.561120,5.654323,0.467181,1823600
1986-02-18,5.561120,5.716458,5.530052,5.654323,0.467181,2857600
1986-02-19,5.623255,5.623255,5.498984,5.530052,0.456913,3482900
1986-02-20,5.592187,5.592187,5.530052,5.561120,0.459480,2708800
1986-02-21,5.561120,5.685390,5.498984,5.561120,0.459480,5029300
1986-02-24,5.561120,5.592187,5.467916,5.530052,0.456913,4305100
1986-02-25,5.561120,5.654323,5.561120,5.623255,0.464614,7024900
1986-02-26,5.623255,5.840729,5.623255,5.840729,0.482583,6960600
1986-02-27,5.902864,5.996068,5.840729,5.965000,0.492850,7326700
1986-02-28,5.965000,5.996068,5.840729,5.871797,0.485150,4385500
1986-03-03,5.871797,5.933932,5.840729,5.840729,0.482583,3603000
1986-03-04,5.871797,5.965000,5.871797,5.871797,0.485150,4184400
1986-03-05,5.871797,5.902864,5.778594,5.840729,0.482583,3038700
1986-03-06,5.840729,5.871797,5.685390,5.716458,0.472315,2790600
1986-03-07,5.654323,5.685390,5.498984,5.530052,0.456913,4787900
1986-03-10,5.530052,5.592187,5.498984,5.530052,0.456913,2893500
1986-03-11,5.685390,5.809661,5.623255,5.809661,0.480016,5954700
1986-03-12,5.809661,5.902864,5.561120,5.871797,0.485150,7206000
1986-03-13,5.902864,5.965000,5.840729,5.933932,0.490283,9901700
1986-03-14,5.902864,5.933932,5.623255,5.716458,0.472315,10255800
1986-03-17,5.654323,5.840729,5.623255,5.809661,0.480016,4626900
1986-03-18,5.809661,5.933932,5.561120,5.902864,0.487716,6417400
1986-03-19,5.933932,5.933932,5.716458,5.871797,0.485150,3040000
1986-03-20,5.871797,5.902864,5.809661,5.871797,0.485150,2898200
1986-03-21,5.840729,5.871797,5.623255,5.685390,0.469748,5351200
1986-03-24,5.685390,5.716458,5.530052,5.685390,0.469748,2948500
1986-03-25,5.623255,5.654323,5.498984,5.498984,0.454346,3678700
1986-03-26,5.530052,5.654323,5.498984,5.654323,0.467181,3378000
1986-03-27,5.685390,5.716458,5.623255,5.685390,0.469748,3189200
1986-03-31,5.654323,5.685390,5.530052,5.530052,0.456913,4063700
1986-04-01,5.530052,5.561120,5.281510,5.467916,0.451779,9270000
1986-04-02,5.467916,5.467916,5.219375,5.405781,0.446645,3147000
1986-04-03,5.374713,5.405781,5.219375,5.281510,0.436378,4103900
1986-04-04,5.250443,5.312578,5.188307,5.281510,0.436378,4023400
1986-04-07,5.343646,5.436849,5.219375,5.343646,0.441512,3425900
1986-04-08,5.405781,5.405781,5.281510,5.343646,0.441512,4264800
1986-04-09,5.343646,5.343646,5.188307,5.250443,0.433811,3358900
1986-04-10,5.188307,5.219375,5.064036,5.064036,0.418409,4466000
1986-04-11,5.095104,5.095104,4.939765,4.970833,0.410708,5351200
1986-04-14,5.064036,5.095104,5.032969,5.064036,0.418409,3934900
1986-04-15,5.095104,5.157239,5.001901,5.095104,0.420976,7423300
1986-04-16,5.095104,5.095104,4.908698,5.032969,0.415842,10018400
1986-04-17,5.032969,5.032969,4.722291,4.877630,0.403008,12038200
1986-04-18,4.939765,5.032969,4.939765,4.939765,0.408141,8123300
1986-04-21,5.001901,5.032969,4.970833,5.032969,0.415842,5154000
1986-04-22,5.032969,5.095104,5.001901,5.032969,0.415842,5069500
1986-04-23,5.064036,5.095104,4.970833,5.095104,0.420976,4023400
1986-04-24,5.157239,5.188307,5.032969,5.032969,0.415842,5512100
1986-04-25,5.064036,5.095104,5.001901,5.064036,0.418409,3724000
1986-04-28,5.095104,5.126172,4.970833,5.064036,0.418409,3366600
1986-04-29,5.032969,5.157239,4.939765,5.157239,0.426110,4385500
1986-04-30,5.095104,5.095104,5.001901,5.001901,0.413275,2538100
1986-05-01,4.970833,5.032969,4.939765,4.939765,0.408141,4184400
1986-05-02,4.970833,5.032969,4.846562,4.939765,0.408141,5697200
1986-05-05,4.939765,5.001901,4.908698,4.939765,0.414396,2450200
1986-05-06,4.970833,5.001901,4.939765,4.939765,0.414396,2278600
1986-05-07,4.970833,5.188307,4.939765,5.188307,0.435246,5150000
1986-05-08,5.188307,5.281510,5.157239,5.219375,0.437853,3863200
1986-05-09,5.219375,5.281510,5.188307,5.250443,0.440459,1887000
1986-05-12,5.250443,5.374713,5.250443,5.312578,0.445672,2835200
1986-05-13,5.312578,5.312578,5.126172,5.188307,0.435246,3223800
1986-05-14,5.188307,5.219375,5.064036,5.095104,0.427428,3577200
1986-05-15,5.095104,5.126172,4.970833,4.970833,0.417002,2698400
1986-05-16,5.001901,5.032969,4.939765,4.970833,0.417002,2426400
1986-05-19,5.095104,5.157239,5.032969,5.126172,0.430034,5061500
1986-05-20,5.126172,5.250443,5.095104,5.157239,0.432640,3376600
1986-05-21,5.157239,5.157239,5.032969,5.032969,0.422215,4667200
1986-05-22,5.064036,5.126172,5.032969,5.126172,0.430034,6598400
1986-05-23,5.126172,5.157239,5.095104,5.126172,0.430034,2518000
1986-05-27,5.126172,5.157239,5.095104,5.095104,0.427428,5025300
1986-05-28,5.157239,5.157239,5.064036,5.126172,0.430034,4385500
1986-05-29,5.126172,5.250443,5.095104,5.250443,0.440459,5162100
1986-05-30,5.312578,5.498984,5.312578,5.436849,0.456096,7861800
1986-06-02,5.436849,5.436849,5.312578,5.343646,0.448278,3666700
1986-06-03,5.374713,5.374713,5.312578,5.374713,0.450884,2777200
1986-06-04,5.405781,5.436849,5.343646,5.405781,0.453491,2214200
1986-06-05,5.405781,5.405781,5.374713,5.405781,0.453491,2066000
1986-06-06,5.374713,5.374713,5.312578,5.343646,0.448278,2304100
1986-06-09,5.343646,5.343646,5.250443,5.250443,0.440459,2225300
1986-06-10,5.250443,5.312578,5.219375,5.312578,0.445672,5970800
1986-06-11,5.250443,5.281510,5.188307,5.250443,0.440459,3380000
1986-06-12,5.219375,5.250443,5.188307,5.188307,0.435246,1334100
1986-06-13,5.188307,5.188307,5.064036,5.157239,0.432640,3532900
1986-06-16,5.157239,5.188307,5.064036,5.095104,0.427428,3063200
1986-06-17,5.095104,5.126172,5.032969,5.064036,0.424821,2136700
1986-06-18,5.095104,5.126172,5.032969,5.126172,0.430034,1288800
1986-06-19,5.095104,5.126172,5.001901,5.032969,0.422215,2007000
1986-06-20,5.032969,5.095104,5.001901,5.095104,0.427428,2241000
1986-06-23,5.064036,5.095104,5.001901,5.095104,0.427428,1398100
1986-06-24,5.095104,5.157239,5.001901,5.126172,0.430034,1812900
1986-06-25,5.126172,5.126172,5.064036,5.095104,0.427428,1576500
1986-06-26,5.095104,5.095104,5.064036,5.095104,0.427428,1340400
1986-06-27,5.064036,5.095104,5.032969,5.095104,0.427428,2274600
1986-06-30,5.064036,5.188307,5.064036,5.126172,0.430034,3410800
1986-07-01,5.188307,5.281510,5.126172,5.157239,0.432640,5150000
1986-07-02,5.157239,5.157239,5.064036,5.095104,0.427428,2953800
1986-07-03,5.095104,5.126172,5.001901,5.064036,0.424821,1870200
1986-07-07,5.032969,5.064036,4.970833,5.001901,0.419609,5258600
1986-07-08,4.939765,5.001901,4.939765,5.001901,0.419609,2762400
1986-07-09,5.032969,5.064036,4.939765,4.939765,0.414396,1767300
1986-07-10,4.970833,4.970833,4.908698,4.939765,0.414396,1598600
1986-07-11,4.939765,4.939765,4.722291,4.815495,0.403971,7161700
1986-07-14,4.784427,4.939765,4.691224,4.753359,0.398759,3054100
1986-07-15,4.722291,4.753359,4.598021,4.660156,0.390940,6783500
1986-07-16,4.629088,4.660156,4.566953,4.629088,0.388334,3114800
1986-07-17,4.598021,4.691224,4.473750,4.566953,0.383121,6180000
1986-07-18,4.380547,4.411614,4.069870,4.225208,0.354452,13615400
1986-07-21,4.225208,4.349479,4.225208,4.318411,0.362271,2601100
1986-07-22,4.287344,4.318411,4.256276,4.318411,0.362271,2811300
1986-07-23,4.287344,4.318411,4.256276,4.318411,0.362271,1369300
1986-07-24,4.287344,4.442682,4.256276,4.287344,0.359665,3270000
1986-07-25,4.256276,4.287344,4.225208,4.287344,0.359665,2564900
1986-07-28,4.349479,4.442682,4.194140,4.225208,0.354452,3894000
1986-07-29,4.225208,4.287344,4.194140,4.256276,0.357058,2972300
1986-07-30,4.225208,4.225208,4.132005,4.163073,0.349240,3836300
1986-07-31,4.163073,4.194140,4.007734,4.038802,0.338815,5093700
1986-08-01,3.976667,3.976667,3.790260,3.883464,0.325783,6984700
1986-08-04,3.852396,3.852396,3.603854,3.852396,0.329503,9941900
1986-08-05,4.100937,4.256276,4.069870,4.194140,0.358733,8449200
1986-08-06,4.194140,4.442682,4.194140,4.380547,0.374677,5942600
1986-08-07,4.349479,4.380547,4.225208,4.256276,0.364048,1733100
1986-08-08,4.256276,4.287344,4.100937,4.163073,0.356076,1786400
1986-08-11,4.194140,4.287344,4.163073,4.194140,0.358733,1525500
1986-08-12,4.225208,4.287344,4.132005,4.287344,0.366705,1739100
1986-08-13,4.225208,4.287344,4.163073,4.194140,0.358733,1743500
1986-08-14,4.163073,4.194140,4.038802,4.038802,0.345447,1632500
1986-08-15,4.069870,4.566953,4.038802,4.535885,0.387964,5858100
1986-08-18,4.318411,4.442682,4.194140,4.411614,0.377334,1903700
1986-08-19,4.442682,4.442682,4.256276,4.318411,0.369363,1359200
1986-08-20,4.318411,4.846562,4.287344,4.846562,0.414536,15007500
1986-08-21,4.908698,4.970833,4.877630,4.908698,0.419851,13076200
1986-08-22,4.877630,4.908698,4.753359,4.815495,0.411879,10058600
1986-08-25,4.753359,4.784427,4.691224,4.691224,0.401250,2634300
1986-08-26,4.660156,4.691224,4.598021,4.691224,0.401250,2656800
1986-08-27,4.660156,4.815495,4.598021,4.753359,0.406565,3973800
1986-08-28,4.815495,4.815495,4.691224,4.722291,0.403907,2269500
1986-08-29,4.691224,4.722291,4.629088,4.691224,0.401250,1890300
1986-09-02,4.722291,4.815495,4.691224,4.753359,0.406565,2994800
1986-09-03,4.722291,4.908698,4.722291,4.877630,0.417194,6880100
1986-09-04,4.939765,5.157239,4.877630,5.126172,0.438452,8972300
1986-09-05,5.157239,5.374713,5.095104,5.126172,0.438452,7443400
1986-09-08,5.095104,5.126172,4.939765,5.001901,0.427823,2307700
1986-09-09,5.001901,5.095104,4.970833,5.001901,0.427823,2112900
1986-09-10,4.970833,5.126172,4.970833,5.126172,0.438452,4466000
1986-09-11,5.126172,5.374713,5.064036,5.095104,0.435795,20157500
1986-09-12,5.126172,5.157239,4.784427,4.970833,0.425166,8932100
1986-09-15,5.032969,5.064036,4.784427,4.877630,0.417194,4305100
1986-09-16,4.722291,4.939765,4.722291,4.908698,0.419851,5190200
1986-09-17,4.939765,5.498984,4.939765,5.405781,0.462368,15530500
1986-09-18,5.405781,5.716458,5.405781,5.716458,0.488940,23456800
1986-09-19,5.840729,6.306745,5.716458,6.120338,0.523485,63973100
1986-09-22,6.399948,6.431015,5.902864,6.244609,0.534114,54558200
1986-09-23,6.244609,6.306745,5.747526,5.778594,0.494255,26112300
1986-09-24,5.716458,5.871797,5.561120,5.685390,0.486283,17622700
1986-09-25,5.685390,5.871797,5.530052,5.840729,0.499569,16685300
1986-09-26,5.778594,5.996068,5.716458,5.871797,0.502227,9616000
1986-09-29,5.778594,5.840729,5.467916,5.840729,0.499569,9253900
1986-09-30,5.778594,5.902864,5.747526,5.902864,0.504884,8006700
1986-10-01,5.809661,6.213542,5.716458,6.151406,0.526142,44419100
1986-10-02,6.182474,6.275677,6.120338,6.120338,0.523485,16492200
1986-10-03,6.182474,6.555286,6.151406,6.493151,0.555373,34384500
1986-10-06,6.462083,6.617422,6.306745,6.586354,0.563344,50937100
1986-10-07,7.021302,7.145573,6.648489,6.865963,0.587260,46551500
1986-10-08,6.865963,6.990234,6.834896,6.959167,0.595232,22491100
1986-10-09,6.959167,6.990234,6.897031,6.897031,0.589918,14524700
1986-10-10,6.865963,6.897031,6.772760,6.772760,0.579288,16053600
1986-10-13,6.772760,6.772760,6.710625,6.772760,0.579288,4586700
1986-10-14,6.710625,6.772760,6.586354,6.617422,0.566002,17059500
1986-10-15,6.617422,6.648489,6.555286,6.586354,0.563344,9817200
1986-10-16,6.586354,6.617422,6.462083,6.524219,0.558030,11507100
1986-10-17,6.462083,6.524219,6.275677,6.462083,0.552715,8529700
1986-10-20,6.431015,6.710625,6.399948,6.710625,0.573974,15973100
1986-10-21,6.617422,6.710625,6.462083,6.617422,0.566002,7483600
1986-10-22,6.493151,6.555286,6.431015,6.555286,0.560687,6960600
1986-10-23,6.524219,6.586354,6.306745,6.306745,0.539429,2632600
1986-10-24,6.524219,6.555286,6.431015,6.462083,0.552715,9495300
1986-10-27,6.462083,6.524219,6.399948,6.462083,0.552715,4103900
1986-10-28,6.431015,6.648489,6.431015,6.524219,0.558030,11104700
1986-10-29,6.493151,6.617422,6.275677,6.337812,0.542086,16938800
1986-10-30,6.182474,6.368880,6.151406,6.368880,0.544743,17260600
1986-10-31,6.399948,6.555286,6.244609,6.462083,0.552715,10702400
1986-11-03,6.275677,6.337812,6.244609,6.275677,0.543037,3921500
1986-11-04,6.275677,6.306745,6.213542,6.275677,0.543037,9777000
1986-11-05,6.244609,6.337812,5.965000,6.213542,0.537660,12271500
1986-11-06,6.213542,6.306745,6.151406,6.213542,0.537660,13800500
1986-11-07,6.089271,6.182474,5.840729,5.933932,0.513466,11390400
1986-11-10,5.871797,5.965000,5.778594,5.933932,0.513466,3860500
1986-11-11,5.871797,5.933932,5.747526,5.902864,0.510778,15088000
1986-11-12,5.902864,6.058203,5.902864,6.027135,0.521530,6437500
1986-11-13,5.996068,5.996068,5.809661,5.840729,0.505401,7041000
1986-11-14,5.809661,5.840729,5.747526,5.778594,0.500025,4345300
1986-11-17,5.530052,5.623255,5.095104,5.281510,0.457011,13438300
1986-11-18,5.095104,5.374713,5.095104,5.250443,0.454323,18548100
1986-11-19,4.970833,5.157239,4.908698,5.157239,0.446258,25307600
1986-11-20,5.157239,5.467916,5.126172,5.374713,0.465077,14967300
1986-11-21,5.343646,5.405781,5.188307,5.343646,0.462388,7041000
1986-11-24,5.281510,5.312578,4.970833,5.064036,0.438193,12070400
1986-11-25,5.001901,5.032969,4.877630,4.970833,0.430128,14886800
1986-11-26,4.970833,5.312578,4.970833,5.281510,0.457011,15248900
1986-11-28,5.312578,5.343646,5.126172,5.250443,0.454323,4466000
1986-12-01,5.250443,5.250443,5.095104,5.188307,0.448947,3445000
1986-12-02,5.188307,5.250443,5.126172,5.219375,0.451635,5351200
1986-12-03,5.343646,5.405781,5.250443,5.343646,0.462388,5632800
1986-12-04,5.405781,5.561120,5.374713,5.436849,0.470453,9455100
1986-12-05,5.467916,5.467916,5.250443,5.281510,0.457011,6880100
1986-12-08,5.312578,5.374713,5.250443,5.281510,0.457011,3839700
1986-12-09,5.312578,5.312578,5.219375,5.281510,0.457011,1435000
1986-12-10,5.250443,5.343646,5.219375,5.312578,0.459700,4868300
1986-12-11,5.312578,5.405781,5.250443,5.281510,0.457011,4144100
1986-12-12,5.312578,5.312578,5.219375,5.250443,0.454323,3466800
1986-12-15,5.250443,5.281510,5.188307,5.281510,0.457011,5552300
1986-12-16,5.312578,5.530052,5.281510,5.467916,0.473141,7564100
1986-12-17,5.467916,5.654323,5.436849,5.561120,0.481206,9495300
1986-12-18,5.561120,5.592187,5.467916,5.530052,0.478518,3475200
1986-12-19,5.467916,5.498984,5.405781,5.436849,0.470453,7242200
1986-12-22,5.436849,5.467916,5.343646,5.374713,0.465077,18105600
1986-12-23,5.343646,5.405781,5.312578,5.343646,0.462388,5874200
1986-12-24,5.374713,5.436849,5.343646,5.405781,0.467765,3647600
1986-12-26,5.405781,5.405781,5.374713,5.374713,0.465077,1424600
1986-12-29,5.374713,5.405781,5.343646,5.374713,0.465077,2319800
1986-12-30,5.374713,5.405781,5.343646,5.343646,0.462388,2434100
1986-12-31,5.343646,5.343646,5.250443,5.343646,0.462388,4586700
1987-01-02,5.312578,5.436849,5.312578,5.436849,0.470453,1831000
1987-01-05,5.498984,5.530052,5.374713,5.498984,0.475830,6035200
1987-01-06,5.530052,5.654323,5.467916,5.654323,0.489271,3629100
1987-01-07,5.592187,5.685390,5.561120,5.654323,0.489271,2708800
1987-01-08,5.654323,5.654323,5.343646,5.467916,0.473141,11064500
1987-01-09,5.436849,5.685390,5.405781,5.685390,0.491959,12633600
1987-01-12,5.778594,5.902864,5.716458,5.871797,0.508089,11989900
1987-01-13,5.871797,6.058203,5.871797,5.965000,0.516154,9213700
1987-01-14,5.902864,5.965000,5.871797,5.902864,0.510778,3863200
1987-01-15,5.871797,5.965000,5.840729,5.871797,0.508089,2241700
1987-01-16,5.871797,5.965000,5.840729,5.933932,0.513466,7523800
1987-01-19,5.996068,6.089271,5.933932,6.027135,0.521530,5512100
1987-01-20,5.996068,5.996068,5.871797,5.902864,0.510778,2734900
1987-01-21,5.871797,5.996068,5.840729,5.965000,0.516154,4144100
1987-01-22,5.965000,5.996068,5.902864,5.933932,0.513466,2074700
1987-01-23,5.933932,6.089271,5.840729,5.871797,0.508089,5994900
1987-01-26,5.871797,5.965000,5.871797,5.933932,0.513466,2907600
1987-01-27,5.933932,5.965000,5.685390,5.747526,0.497336,4506200
1987-01-28,5.685390,5.778594,5.654323,5.778594,0.500025,5109800
1987-01-29,5.809661,5.809661,5.654323,5.654323,0.489271,5673000
1987-01-30,5.685390,5.778594,5.685390,5.778594,0.500025,2760700
1987-02-02,5.778594,5.809661,5.716458,5.778594,0.506560,4828100
1987-02-03,5.809661,5.996068,5.778594,5.902864,0.517454,6155900
1987-02-04,5.965000,6.213542,5.933932,6.182474,0.541965,14484400
1987-02-05,6.337812,6.368880,6.027135,6.213542,0.544689,13398100
1987-02-06,6.151406,6.182474,6.058203,6.089271,0.533795,5190200
1987-02-09,6.058203,6.120338,5.965000,6.089271,0.533795,3386000
1987-02-10,6.027135,6.058203,5.902864,5.965000,0.522901,2950200
1987-02-11,5.965000,6.058203,5.933932,6.027135,0.528348,2764700
1987-02-12,5.996068,6.027135,5.871797,5.902864,0.517454,2471000
1987-02-13,5.902864,6.027135,5.871797,5.933932,0.520177,2261500
1987-02-17,5.996068,6.089271,5.933932,6.089271,0.533795,6115600
1987-02-18,6.089271,6.089271,5.996068,6.027135,0.528348,3825600
1987-02-19,6.027135,6.058203,5.996068,6.027135,0.528348,4385500
1987-02-20,6.027135,6.089271,5.996068,5.996068,0.525624,2644400
1987-02-23,6.027135,6.058203,5.965000,5.996068,0.525624,4023400
1987-02-24,5.965000,5.996068,5.902864,5.965000,0.522901,2862600
1987-02-25,5.902864,5.933932,5.871797,5.902864,0.517454,3770600
1987-02-26,5.871797,5.902864,5.778594,5.809661,0.509284,3875200
1987-02-27,5.933932,5.965000,5.747526,5.933932,0.520177,3895300
1987-03-02,5.933932,5.933932,5.871797,5.871797,0.514731,1931600
1987-03-03,5.840729,6.058203,5.840729,6.027135,0.528348,3569800
1987-03-04,6.089271,6.151406,6.027135,6.089271,0.533795,5834000
1987-03-05,6.089271,6.213542,6.058203,6.213542,0.544689,5471900
1987-03-06,6.151406,6.182474,6.089271,6.151406,0.539242,3022200
1987-03-09,6.213542,6.213542,6.151406,6.182474,0.541965,2520000
1987-03-10,6.151406,6.182474,6.089271,6.120338,0.536518,2267800
1987-03-11,6.151406,6.213542,6.120338,6.120338,0.536518,2760100
1987-03-12,6.151406,6.213542,6.120338,6.182474,0.541965,2049200
1987-03-13,6.213542,6.306745,6.151406,6.213542,0.544689,6075400
1987-03-16,6.244609,6.462083,6.151406,6.462083,0.566476,6719100
1987-03-17,6.493151,6.679557,6.462083,6.617422,0.580094,9213700
1987-03-18,6.928099,6.959167,6.834896,6.928099,0.607328,16657100
1987-03-19,6.897031,6.897031,6.741693,6.865963,0.601881,5310900
1987-03-20,6.865963,6.928099,6.741693,6.803828,0.596434,4144100
1987-03-23,6.803828,7.021302,6.710625,6.897031,0.604605,10219600
1987-03-24,6.959167,7.114505,6.928099,7.021302,0.615498,7604300
1987-03-25,6.990234,7.052370,6.897031,6.928099,0.607328,4948800
1987-03-26,7.083437,7.083437,6.928099,6.959167,0.610051,8847600
1987-03-27,7.021302,7.021302,6.834896,6.834896,0.599157,4305100
1987-03-30,6.679557,6.990234,6.586354,6.928099,0.607328,7262300
1987-03-31,6.928099,7.083437,6.897031,6.990234,0.612774,6731200
1987-04-01,6.897031,7.052370,6.865963,6.990234,0.612774,4667200
1987-04-02,7.052370,7.052370,6.990234,6.990234,0.612774,7346800
1987-04-03,7.052370,7.269844,7.021302,7.176641,0.629115,10288000
1987-04-06,7.207708,7.300911,7.176641,7.269844,0.637286,4989100
1987-04-07,7.269844,7.425182,7.269844,7.300911,0.640009,13289500
1987-04-08,7.300911,7.331979,7.021302,7.052370,0.618221,9101000
1987-04-09,7.176641,7.207708,7.021302,7.083437,0.620945,4747600
1987-04-10,7.052370,7.052370,6.897031,6.897031,0.604605,4425800
1987-04-13,6.865963,6.959167,6.803828,6.834896,0.599157,4103900
1987-04-14,6.803828,6.959167,6.772760,6.865963,0.601881,4305100
1987-04-15,6.928099,6.990234,6.865963,6.990234,0.612774,3873500
1987-04-16,7.021302,7.114505,6.928099,6.928099,0.607328,4747600
1987-04-20,7.021302,7.021302,6.928099,7.021302,0.615498,2063300
1987-04-21,6.928099,7.052370,6.834896,7.052370,0.618221,2953200
1987-04-22,7.021302,7.145573,6.990234,7.083437,0.620945,3363600
1987-04-23,7.083437,7.269844,7.052370,7.207708,0.631839,4103900
1987-04-24,7.176641,7.176641,6.990234,7.083437,0.620945,2740900
1987-04-27,6.897031,7.083437,6.897031,6.990234,0.612774,5954700
1987-04-28,7.021302,7.052370,6.959167,6.990234,0.612774,4063700
1987-04-29,7.052370,7.083437,6.959167,7.021302,0.615498,3390400
1987-04-30,7.021302,7.083437,6.990234,7.021302,0.615498,3690800
1987-05-01,7.021302,7.145573,6.928099,7.083437,0.620945,5632800
1987-05-04,7.207708,7.207708,7.021302,7.207708,0.638560,5471900
1987-05-05,7.331979,7.487318,7.207708,7.300911,0.646817,18266500
1987-05-06,7.518385,7.829062,7.487318,7.829062,0.693609,25830600
1987-05-07,7.922266,8.201875,7.891198,8.139740,0.721133,17019200
1987-05-08,8.201875,8.264010,8.015469,8.139740,0.721133,8481400
1987-05-11,8.170807,8.170807,8.077604,8.077604,0.715628,4989100
1987-05-12,8.108672,8.108672,7.953333,8.015469,0.710123,4224600
1987-05-13,8.015469,8.015469,7.766927,7.922266,0.701865,4305100
1987-05-14,7.860130,7.984401,7.860130,7.953333,0.704618,5230500
1987-05-15,7.984401,8.077604,7.922266,7.953333,0.704618,6920300
1987-05-18,7.953333,7.984401,7.829062,7.953333,0.704618,6920300
1987-05-19,8.015469,8.046536,7.797995,7.860130,0.696360,5471900
1987-05-20,7.797995,7.797995,7.518385,7.580521,0.671589,5793700
1987-05-21,7.642656,7.673724,7.580521,7.611588,0.674342,3054400
1987-05-22,7.611588,7.704792,7.611588,7.642656,0.677094,2350000
1987-05-26,7.704792,7.735859,7.456250,7.580521,0.671589,4224600
1987-05-27,7.611588,7.673724,7.456250,7.580521,0.671589,2861600
1987-05-28,7.580521,7.673724,7.456250,7.456250,0.660580,4264800
1987-05-29,7.518385,7.518385,7.331979,7.456250,0.660580,3203600
1987-06-01,7.518385,7.735859,7.456250,7.642656,0.677094,3308200
1987-06-02,7.642656,7.766927,7.611588,7.642656,0.677094,2340300
1987-06-03,7.673724,7.704792,7.611588,7.673724,0.679847,2204800
1987-06-04,7.797995,7.891198,7.735859,7.891198,0.699113,3592900
1987-06-05,7.891198,7.891198,7.797995,7.797995,0.690856,3480300
1987-06-08,7.797995,7.922266,7.735859,7.891198,0.699113,1835700
1987-06-09,7.953333,7.953333,7.797995,7.829062,0.693609,1935600
1987-06-10,7.922266,7.922266,7.704792,7.766927,0.688103,3543600
1987-06-11,7.766927,7.766927,7.611588,7.704792,0.682599,1676700
1987-06-12,7.829062,7.860130,7.766927,7.829062,0.693609,3079900
1987-06-15,7.891198,7.891198,7.797995,7.860130,0.696360,2680900
1987-06-16,7.891198,7.891198,7.797995,7.829062,0.693609,2300000
1987-06-17,7.829062,8.077604,7.735859,8.077604,0.715628,4667200
1987-06-18,7.953333,8.077604,7.891198,7.953333,0.704618,4868300
1987-06-19,7.922266,8.015469,7.891198,7.922266,0.701865,6437500
1987-06-22,7.984401,8.015469,7.922266,7.953333,0.704618,3711900
1987-06-23,7.953333,8.015469,7.922266,7.922266,0.701865,4023400
1987-06-24,7.922266,7.984401,7.891198,7.922266,0.701865,2107200
1987-06-25,7.953333,7.984401,7.797995,7.829062,0.693609,3667700
1987-06-26,7.829062,7.891198,7.673724,7.797995,0.690856,5391400
1987-06-29,7.829062,7.953333,7.797995,7.953333,0.704618,5914500
1987-06-30,7.953333,7.953333,7.766927,7.829062,0.693609,3140300
1987-07-01,7.766927,7.922266,7.704792,7.922266,0.701865,3529500
1987-07-02,7.922266,7.953333,7.829062,7.922266,0.701865,2364400
1987-07-06,7.984401,8.077604,7.953333,8.015469,0.710123,3876900
1987-07-07,8.326146,8.698958,8.077604,8.698958,0.770676,12895200
1987-07-08,8.667891,8.885365,8.512552,8.854297,0.784438,10380500
1987-07-09,8.761094,8.854297,8.667891,8.667891,0.767923,5673000
1987-07-10,8.792161,8.947500,8.730026,8.854297,0.784438,4466000
1987-07-13,8.792161,8.916432,8.792161,8.916432,0.789943,3744100
1987-07-14,8.916432,9.133906,8.885365,9.040703,0.800953,4626900
1987-07-15,8.978568,9.133906,8.947500,9.071771,0.803705,4586700
1987-07-16,9.164974,9.382448,9.133906,9.351380,0.828477,8409000
1987-07-17,9.382448,9.630990,9.258177,9.630990,0.853249,12392200
1987-07-20,9.444583,9.506719,9.320313,9.382448,0.831229,4787900
1987-07-21,9.227109,9.351380,9.071771,9.164974,0.811962,4868300
1987-07-22,9.102839,9.133906,9.009635,9.102839,0.806458,3898000
1987-07-23,9.196042,9.227109,9.133906,9.164974,0.811962,2852600
1987-07-24,9.133906,9.133906,8.761094,8.978568,0.795448,3048400
1987-07-27,8.978568,9.258177,8.854297,9.196042,0.814715,3595900
1987-07-28,9.258177,9.351380,9.196042,9.320313,0.825724,5270700
1987-07-29,9.382448,9.662057,9.351380,9.475651,0.839486,7725000
1987-07-30,9.506719,9.630990,9.444583,9.537786,0.844992,3785000
1987-07-31,9.599922,9.662057,9.506719,9.568854,0.847744,4667200
1987-08-03,9.537786,9.786328,9.475651,9.537786,0.851627,5391400
1987-08-04,9.599922,9.599922,9.320313,9.382448,0.837756,3619700
1987-08-05,9.382448,9.444583,9.133906,9.164974,0.818338,3623800
1987-08-06,9.133906,9.258177,9.102839,9.227109,0.823887,3187500
1987-08-07,9.196042,9.382448,9.196042,9.320313,0.832209,5069500
1987-08-10,9.351380,9.537786,9.320313,9.506719,0.848853,3299200
1987-08-11,9.568854,9.630990,9.444583,9.475651,0.846079,4425800
1987-08-12,9.599922,9.599922,9.444583,9.599922,0.857175,5994900
1987-08-13,9.599922,9.662057,9.444583,9.506719,0.848853,3744100
1987-08-14,9.568854,9.568854,9.289245,9.351380,0.834983,5150000
1987-08-17,9.413516,9.475651,9.351380,9.444583,0.843305,3652300
1987-08-18,9.289245,9.351380,9.071771,9.227109,0.823887,3917100
1987-08-19,9.164974,9.289245,9.071771,9.258177,0.826660,3729000
1987-08-20,9.289245,9.630990,9.258177,9.568854,0.854401,4063700
1987-08-21,9.630990,9.693125,9.506719,9.568854,0.854401,5029300
1987-08-24,9.506719,9.568854,9.320313,9.351380,0.834983,2838800
1987-08-25,9.413516,9.506719,9.289245,9.506719,0.848853,3319300
1987-08-26,9.568854,9.568854,9.320313,9.351380,0.834983,4103900
1987-08-27,9.289245,9.382448,9.289245,9.351380,0.834983,2337600
1987-08-28,9.351380,9.382448,9.227109,9.258177,0.826660,1780300
1987-08-31,9.258177,9.351380,9.227109,9.289245,0.829435,3313900
1987-09-01,9.320313,9.475651,9.289245,9.289245,0.829435,3745100
1987-09-02,9.227109,9.258177,8.854297,8.978568,0.801695,5351200
1987-09-03,9.071771,9.071771,8.605755,8.885365,0.793372,4948800
1987-09-04,8.916432,8.916432,8.698958,8.698958,0.776729,3050400
1987-09-08,8.512552,8.574688,8.264010,8.388281,0.748988,7564100
1987-09-09,8.388281,8.730026,8.388281,8.698958,0.776729,6115600
1987-09-10,8.792161,8.885365,8.730026,8.885365,0.793372,5069500
1987-09-11,8.854297,8.978568,8.792161,8.854297,0.790598,2208800
1987-09-14,8.823229,8.854297,8.698958,8.730026,0.779502,3260300
1987-09-15,8.605755,8.698958,8.574688,8.636823,0.771180,1728700
1987-09-16,8.636823,8.761094,8.605755,8.667891,0.773954,2811000
1987-09-17,8.667891,8.885365,8.636823,8.885365,0.793372,4006300
1987-09-18,8.823229,8.947500,8.823229,8.854297,0.790598,3962100
1987-09-21,8.916432,9.009635,8.761094,8.792161,0.785050,6075400
1987-09-22,8.761094,9.133906,8.698958,9.102839,0.812791,7041000
1987-09-23,9.102839,9.320313,9.102839,9.227109,0.823887,5190200
1987-09-24,9.320313,9.351380,9.164974,9.227109,0.823887,2525000
1987-09-25,9.227109,9.227109,9.102839,9.164974,0.818338,1582500
1987-09-28,9.227109,9.444583,9.164974,9.351380,0.834983,6035200
1987-09-29,9.382448,9.382448,9.009635,9.071771,0.810016,2457600
1987-09-30,9.102839,9.320313,8.978568,9.258177,0.826660,3948000
1987-10-01,9.320313,9.382448,9.227109,9.382448,0.837756,2609500
1987-10-02,9.382448,9.506719,9.320313,9.506719,0.848853,3004100
1987-10-05,9.506719,9.537786,9.382448,9.537786,0.851627,4184400
1987-10-06,9.506719,9.506719,9.164974,9.227109,0.823887,5310900
1987-10-07,9.164974,9.258177,9.009635,9.227109,0.823887,4063700
1987-10-08,9.196042,9.196042,8.730026,8.947500,0.798920,3010500
1987-10-09,8.947500,9.196042,8.916432,9.133906,0.815565,2984700
1987-10-12,9.164974,9.227109,8.947500,8.947500,0.798920,3182900
1987-10-13,9.071771,9.320313,9.040703,9.289245,0.829435,4385500
1987-10-14,9.071771,9.351380,8.947500,9.009635,0.804468,5431600
1987-10-15,8.947500,9.164974,8.854297,8.854297,0.790598,4144100
1987-10-16,8.947500,9.040703,8.450417,8.450417,0.754536,7186500
1987-10-19,8.015469,8.077604,5.219375,5.343646,0.477133,17150000
1987-10-20,6.648489,6.648489,5.219375,6.213542,0.554806,20377500
1987-10-21,6.213542,7.797995,6.213542,7.456250,0.665767,13328000
1987-10-22,6.462083,7.238776,6.462083,6.897031,0.615834,7940900
1987-10-23,6.586354,7.052370,6.586354,6.834896,0.610287,4453300
1987-10-26,6.244609,6.306745,5.965000,6.213542,0.554806,5391400
1987-10-27,6.462083,6.586354,5.996068,6.275677,0.560354,5310900
1987-10-28,5.996068,6.306745,5.933932,6.027135,0.538162,5109800
1987-10-29,6.151406,6.524219,6.089271,6.368880,0.568676,4989100
1987-10-30,6.586354,6.834896,6.586354,6.834896,0.610287,8811300
1987-11-02,6.741693,6.834896,6.524219,6.803828,0.614213,3604300
1987-11-03,6.617422,6.679557,6.462083,6.586354,0.594581,5069500
1987-11-04,6.586354,6.586354,6.244609,6.431015,0.580557,5793700
1987-11-05,6.368880,6.959167,6.306745,6.928099,0.625431,9093000
1987-11-06,6.928099,7.207708,6.897031,6.959167,0.628236,8006700
1987-11-09,6.897031,6.959167,6.679557,6.834896,0.617017,4063700
1987-11-10,6.524219,6.928099,6.524219,6.865963,0.619822,3648200
1987-11-11,7.083437,7.114505,6.865963,7.021302,0.633845,3687500
1987-11-12,7.145573,7.300911,6.959167,6.959167,0.628236,4787900
1987-11-13,7.145573,7.394114,7.021302,7.052370,0.636650,2706700
1987-11-16,7.145573,7.176641,7.021302,7.145573,0.645064,2742300
1987-11-17,7.021302,7.083437,6.990234,7.083437,0.639454,3119500
1987-11-18,7.207708,7.207708,7.052370,7.145573,0.645064,3385700
1987-11-19,7.083437,7.083437,6.865963,6.959167,0.628236,3484300
1987-11-20,6.803828,6.928099,6.648489,6.710625,0.605799,6075400
1987-11-23,6.710625,6.772760,6.648489,6.741693,0.608603,2937100
1987-11-24,6.959167,7.238776,6.928099,7.176641,0.647868,6038500
1987-11-25,7.145573,7.363047,7.083437,7.331979,0.661892,3953300
1987-11-27,7.300911,7.456250,7.207708,7.269844,0.656282,1713900
1987-11-30,6.959167,7.021302,6.834896,6.990234,0.631041,4345300
1987-12-01,7.269844,7.269844,6.959167,6.990234,0.631041,2760700
1987-12-02,7.021302,7.114505,6.897031,7.021302,0.633845,1766600
1987-12-03,6.990234,7.083437,6.865963,6.865963,0.619822,3997900
1987-12-04,6.834896,6.834896,6.524219,6.617422,0.597385,3905100
1987-12-07,6.679557,6.990234,6.648489,6.897031,0.622626,2204100
1987-12-08,6.897031,7.269844,6.865963,7.269844,0.656282,3243500
1987-12-09,7.238776,7.549453,7.207708,7.487318,0.675914,3788400
1987-12-10,7.238776,7.704792,7.238776,7.456250,0.673110,6438800
1987-12-11,7.518385,7.642656,7.363047,7.580521,0.684329,3965800
1987-12-14,7.642656,7.860130,7.611588,7.704792,0.695546,5276100
1987-12-15,7.766927,7.766927,7.580521,7.642656,0.689937,6381200
1987-12-16,7.642656,7.704792,7.456250,7.549453,0.681524,4063700
1987-12-17,7.456250,7.487318,7.021302,7.114505,0.642259,4667200
1987-12-18,7.238776,7.549453,7.114505,7.456250,0.673110,6155900
1987-12-21,7.487318,7.642656,7.425182,7.611588,0.687133,2148800
1987-12-22,7.673724,7.922266,7.549453,7.860130,0.709570,3231500
1987-12-23,7.953333,8.170807,7.953333,8.170807,0.737617,4144100
1987-12-24,8.170807,8.170807,8.046536,8.108672,0.732007,2690000
1987-12-28,7.860130,7.891198,7.642656,7.704792,0.695546,1746500
1987-12-29,7.673724,7.766927,7.611588,7.611588,0.687133,1119100
1987-12-30,7.673724,7.766927,7.331979,7.456250,0.673110,3117100
1987-12-31,7.394114,7.394114,7.114505,7.394114,0.667501,4103900
1988-01-04,7.456250,7.891198,7.425182,7.829062,0.706766,4063700
1988-01-05,8.139740,8.139740,7.891198,7.953333,0.717984,4010000
1988-01-06,7.829062,8.108672,7.797995,8.108672,0.732007,2509900
1988-01-07,7.984401,8.388281,7.953333,8.388281,0.757249,6418100
1988-01-08,8.295078,8.295078,7.518385,7.673724,0.692742,4103900
1988-01-11,7.735859,7.860130,7.549453,7.797995,0.703960,3860500
1988-01-12,7.642656,7.704792,7.394114,7.611588,0.687133,3980500
1988-01-13,7.549453,7.735859,7.487318,7.549453,0.681524,3756200
1988-01-14,7.580521,7.642656,7.518385,7.611588,0.687133,1732100
1988-01-15,7.829062,7.984401,7.797995,7.860130,0.709570,4466000
1988-01-18,7.829062,8.046536,7.829062,7.953333,0.717984,2080800
1988-01-19,7.953333,8.015469,7.860130,7.922266,0.715179,3903700
1988-01-20,7.860130,7.860130,7.518385,7.580521,0.684329,3947300
1988-01-21,7.580521,7.704792,7.456250,7.704792,0.695546,2645700
1988-01-22,7.673724,7.704792,7.549453,7.673724,0.692742,1439700
1988-01-25,7.673724,7.953333,7.642656,7.922266,0.715179,2684600
1988-01-26,7.860130,8.015469,7.642656,7.704792,0.695546,3152300
1988-01-27,7.673724,7.673724,7.518385,7.580521,0.684329,4908600
1988-01-28,7.642656,7.735859,7.549453,7.549453,0.681524,2517300
1988-01-29,7.549453,7.642656,7.456250,7.642656,0.689937,5888600
1988-02-01,7.611588,7.766927,7.611588,7.642656,0.696735,2780200
1988-02-02,7.611588,7.673724,7.518385,7.642656,0.696735,2862000
1988-02-03,7.642656,8.636823,7.549453,7.611588,0.693903,2504600
1988-02-04,7.673724,7.704792,7.580521,7.673724,0.699567,2830800
1988-02-05,7.704792,7.704792,7.549453,7.580521,0.691070,3598900
1988-02-08,7.487318,7.580521,7.394114,7.456250,0.679741,3148300
1988-02-09,7.456250,7.518385,7.300911,7.518385,0.685406,2779500
1988-02-10,7.518385,7.611588,7.300911,7.425182,0.676909,3627800
1988-02-11,7.518385,7.518385,7.394114,7.487318,0.682573,2327500
1988-02-12,7.611588,7.673724,7.518385,7.580521,0.691070,1831300
1988-02-16,7.642656,7.735859,7.549453,7.704792,0.702399,1933200
1988-02-17,7.766927,7.860130,7.735859,7.797995,0.710896,3635200
1988-02-18,7.766927,7.984401,7.766927,7.860130,0.716560,2918300
1988-02-19,7.860130,8.015469,7.860130,8.015469,0.730722,3835300
1988-02-22,8.015469,8.077604,7.922266,8.015469,0.730722,2942400
1988-02-23,7.953333,8.015469,7.829062,7.953333,0.725057,2436500
1988-02-24,7.922266,8.170807,7.922266,8.170807,0.744883,4466000
1988-02-25,8.170807,8.388281,8.046536,8.139740,0.742051,5471900
1988-02-26,8.108672,8.170807,7.953333,8.046536,0.733554,2217600
1988-02-29,8.046536,8.232943,8.015469,8.201875,0.747716,2472700
1988-03-01,8.232943,8.512552,8.108672,8.388281,0.764709,3988600
1988-03-02,8.357214,8.388281,8.264010,8.264010,0.753380,2165200
1988-03-03,8.295078,8.419349,8.264010,8.357214,0.761876,2628600
1988-03-04,8.295078,8.326146,8.108672,8.295078,0.756212,1921800
1988-03-07,8.170807,8.295078,8.139740,8.264010,0.753380,1587500
1988-03-08,8.264010,8.481484,8.232943,8.295078,0.756212,2982000
1988-03-09,8.326146,8.388281,8.295078,8.326146,0.759044,2333600
1988-03-10,8.264010,8.326146,7.953333,8.015469,0.730722,3219400
1988-03-11,7.984401,8.046536,7.891198,7.984401,0.727890,3756200
1988-03-14,7.891198,7.922266,7.766927,7.922266,0.722225,2294000
1988-03-15,7.860130,7.953333,7.797995,7.860130,0.716560,2571600
1988-03-16,7.797995,7.829062,7.611588,7.766927,0.708064,5291100
1988-03-17,7.735859,7.922266,7.735859,7.829062,0.713728,3039000
1988-03-18,7.922266,7.953333,7.860130,7.891198,0.719393,4506200
1988-03-21,7.860130,7.891198,7.766927,7.829062,0.713728,2102900
1988-03-22,7.829062,7.860130,7.735859,7.735859,0.705231,2515300
1988-03-23,7.735859,7.922266,7.735859,7.860130,0.716560,2035200
1988-03-24,7.829062,7.829062,7.518385,7.611588,0.693903,3355500
1988-03-25,7.580521,7.580521,7.363047,7.394114,0.674077,2665500
1988-03-28,7.331979,7.518385,7.300911,7.394114,0.674077,2953200
1988-03-29,7.456250,7.580521,7.363047,7.487318,0.682573,3296200
1988-03-30,7.549453,7.549453,7.207708,7.207708,0.657083,2611200
1988-03-31,7.083437,7.238776,7.021302,7.176641,0.654251,4366100
1988-04-04,7.083437,7.269844,7.052370,7.083437,0.645754,2078400
1988-04-05,7.083437,7.300911,7.052370,7.300911,0.665580,2563600
1988-04-06,7.425182,7.642656,7.300911,7.611588,0.693903,4063700
1988-04-07,7.673724,7.735859,7.549453,7.642656,0.696735,3441000
1988-04-08,7.642656,7.891198,7.642656,7.797995,0.710896,2973300
1988-04-11,7.922266,8.015469,7.860130,7.953333,0.725057,3750500
1988-04-12,8.077604,8.326146,8.046536,8.326146,0.759044,6161900
1988-04-13,8.326146,8.543620,8.232943,8.512552,0.776038,5270700
1988-04-14,8.201875,8.295078,7.766927,7.860130,0.716560,6316800
1988-04-15,7.860130,8.046536,7.673724,7.953333,0.725057,6736600
1988-04-18,7.984401,8.139740,7.984401,8.139740,0.742051,2804300
1988-04-19,8.139740,8.201875,7.891198,7.891198,0.719393,3759200
1988-04-20,7.766927,7.891198,7.704792,7.797995,0.710896,3045700
1988-04-21,7.953333,7.984401,7.766927,7.829062,0.713728,3482900
1988-04-22,7.860130,8.046536,7.860130,7.984401,0.727890,1854800
1988-04-25,8.046536,8.108672,7.984401,8.015469,0.730722,2795300
1988-04-26,8.108672,8.232943,8.046536,8.139740,0.742051,3006200
1988-04-27,8.170807,8.170807,7.922266,7.922266,0.722225,3284400
1988-04-28,7.922266,8.015469,7.891198,7.953333,0.725057,2521700
1988-04-29,7.922266,8.015469,7.797995,8.015469,0.730722,5737400
1988-05-02,7.891198,7.891198,7.766927,7.891198,0.726148,1606300
1988-05-03,7.860130,7.922266,7.829062,7.922266,0.729006,1924500
1988-05-04,7.953333,7.953333,7.735859,7.766927,0.714712,1874900
1988-05-05,7.766927,7.922266,7.735859,7.891198,0.726148,2544100
1988-05-06,7.953333,8.077604,7.922266,7.984401,0.734724,3839000
1988-05-09,7.922266,8.015469,7.922266,7.953333,0.731865,1452400
1988-05-10,7.953333,7.984401,7.797995,7.829062,0.720430,1740800
1988-05-11,7.766927,7.797995,7.611588,7.642656,0.703277,2408300
1988-05-12,7.704792,7.766927,7.673724,7.766927,0.714712,1863800
1988-05-13,7.797995,7.829062,7.735859,7.766927,0.714712,1340800
1988-05-16,7.766927,7.797995,7.704792,7.735859,0.711853,1583500
1988-05-17,7.860130,7.953333,7.797995,7.829062,0.720430,2909600
1988-05-18,7.829062,7.953333,7.735859,7.860130,0.723288,3124500
1988-05-19,7.829062,7.860130,7.735859,7.829062,0.720430,2526000
1988-05-20,7.891198,7.922266,7.735859,7.766927,0.714712,3434700
1988-05-23,7.766927,7.797995,7.580521,7.673724,0.706136,1827600
1988-05-24,7.673724,7.766927,7.518385,7.549453,0.694700,1299500
1988-05-25,7.580521,7.580521,7.300911,7.331979,0.674688,2790200
1988-05-26,7.331979,7.580521,7.331979,7.580521,0.697559,3929500
1988-05-27,7.642656,7.735859,7.580521,7.611588,0.700418,1275700
1988-05-31,7.704792,7.829062,7.611588,7.829062,0.720430,1639800
1988-06-01,7.891198,8.015469,7.766927,7.953333,0.731865,3491300
1988-06-02,7.891198,7.953333,7.797995,7.829062,0.720430,1624400
1988-06-03,7.891198,7.891198,7.735859,7.829062,0.720430,1368900
1988-06-06,7.860130,7.891198,7.797995,7.860130,0.723288,1101000
1988-06-07,7.891198,8.015469,7.891198,7.953333,0.731865,1945300
1988-06-08,8.015469,8.170807,7.891198,8.108672,0.746159,3445000
1988-06-09,8.046536,8.139740,7.922266,7.953333,0.731865,2833800
1988-06-10,7.922266,8.015469,7.922266,7.953333,0.731865,2048200
1988-06-13,7.922266,7.953333,7.797995,7.829062,0.720430,1998300
1988-06-14,7.891198,7.922266,7.829062,7.860130,0.723288,2980300
1988-06-15,7.891198,7.891198,7.797995,7.860130,0.723288,1837300
1988-06-16,7.797995,7.829062,7.735859,7.797995,0.717571,1134600
1988-06-17,7.860130,7.860130,7.766927,7.797995,0.717571,3410800
1988-06-20,7.766927,7.797995,7.704792,7.797995,0.717571,2065000
1988-06-21,7.829062,7.860130,7.704792,7.797995,0.717571,2689000
1988-06-22,7.860130,7.953333,7.829062,7.922266,0.729006,4251800
1988-06-23,7.953333,8.046536,7.922266,8.015469,0.737583,1934200
1988-06-24,8.077604,8.139740,8.015469,8.139740,0.749019,1772300
1988-06-27,8.108672,8.108672,7.829062,7.829062,0.720430,1495000
1988-06-28,7.891198,8.046536,7.829062,7.984401,0.734724,1632100
1988-06-29,8.046536,8.046536,7.860130,7.891198,0.726148,1129900
1988-06-30,7.953333,8.015469,7.829062,7.891198,0.726148,2531700
1988-07-01,7.953333,7.953333,7.829062,7.860130,0.723288,1380000
1988-07-05,7.922266,8.108672,7.860130,8.108672,0.746159,2018100
1988-07-06,8.108672,8.232943,7.891198,8.015469,0.737583,3036000
1988-07-07,8.046536,8.077604,7.953333,8.015469,0.737583,2264500
1988-07-08,7.953333,8.015469,7.922266,7.922266,0.729006,1115500
1988-07-11,7.922266,7.922266,7.797995,7.860130,0.723288,1163700
1988-07-12,7.797995,7.829062,7.580521,7.611588,0.700418,2575000
1988-07-13,7.580521,7.673724,7.549453,7.673724,0.706136,1990900
1988-07-14,7.704792,7.766927,7.580521,7.642656,0.703277,2100900
1988-07-15,7.673724,7.797995,7.642656,7.766927,0.714712,2537400
1988-07-18,7.797995,7.797995,7.673724,7.735859,0.711853,1501700
1988-07-19,7.735859,7.860130,7.611588,7.642656,0.703277,2100500
1988-07-20,7.673724,7.829062,7.673724,7.797995,0.717571,1549300
1988-07-21,7.766927,7.860130,7.704792,7.797995,0.717571,2047900
1988-07-22,7.735859,7.891198,7.673724,7.829062,0.720430,1793700
1988-07-25,7.829062,7.922266,7.704792,7.735859,0.711853,1455800
1988-07-26,7.704792,7.735859,7.487318,7.487318,0.688982,4917000
1988-07-27,7.549453,7.673724,7.487318,7.611588,0.700418,2539800
1988-07-28,7.642656,7.642656,7.518385,7.611588,0.700418,1165100
1988-07-29,7.642656,7.735859,7.611588,7.704792,0.708994,6068000
1988-08-01,7.611588,7.704792,7.549453,7.549453,0.701488,1981500
1988-08-02,7.580521,7.642656,7.456250,7.456250,0.692828,2209200
1988-08-03,7.518385,7.549453,7.456250,7.487318,0.695715,1869200
1988-08-04,7.487318,7.673724,7.456250,7.611588,0.707262,1756900
1988-08-05,7.580521,7.611588,7.487318,7.549453,0.701488,1299500
1988-08-08,7.611588,7.642656,7.518385,7.518385,0.698602,1855800
1988-08-09,7.518385,7.518385,7.238776,7.300911,0.678394,4693700
1988-08-10,7.207708,7.238776,7.145573,7.207708,0.669734,4221900
1988-08-11,7.207708,7.207708,7.114505,7.145573,0.663960,5207700
1988-08-12,7.145573,7.269844,7.145573,7.238776,0.672621,2411300
1988-08-15,7.176641,7.238776,7.083437,7.114505,0.661074,2869700
1988-08-16,7.176641,7.176641,7.083437,7.145573,0.663960,3644200
1988-08-17,7.145573,7.145573,6.959167,6.959167,0.646640,2650100
1988-08-18,6.990234,7.021302,6.865963,6.897031,0.640866,1887600
1988-08-19,6.959167,6.959167,6.834896,6.834896,0.635092,2706100
1988-08-22,6.897031,6.897031,6.617422,6.617422,0.614885,3851400
1988-08-23,6.679557,6.834896,6.617422,6.741693,0.626432,3330700
1988-08-24,6.772760,6.990234,6.741693,6.990234,0.649526,1505700
1988-08-25,6.834896,6.897031,6.741693,6.834896,0.635092,4264800
1988-08-26,6.772760,6.803828,6.710625,6.772760,0.629319,3589600
1988-08-29,6.772760,6.928099,6.772760,6.897031,0.640866,1847700
1988-08-30,6.959167,7.021302,6.897031,6.959167,0.646640,1535900
1988-08-31,7.021302,7.052370,6.959167,7.021302,0.652413,1157700
1988-09-01,6.990234,6.990234,6.803828,6.803828,0.632206,3190600
1988-09-02,6.897031,6.959167,6.865963,6.897031,0.640866,1947300
1988-09-06,6.865963,6.990234,6.865963,6.990234,0.649526,1552300
1988-09-07,6.990234,6.990234,6.803828,6.803828,0.632206,1429300
1988-09-08,6.772760,6.803828,6.741693,6.803828,0.632206,1996600
1988-09-09,6.772760,7.021302,6.772760,6.897031,0.640866,2285600
1988-09-12,6.928099,6.959167,6.834896,6.928099,0.643753,659100
1988-09-13,6.928099,6.928099,6.803828,6.865963,0.637979,1035300
1988-09-14,6.928099,6.990234,6.803828,6.990234,0.649526,3531200
1988-09-15,6.990234,7.083437,6.928099,6.928099,0.643753,2664200
1988-09-16,6.865963,7.021302,6.865963,6.959167,0.646640,4233300
1988-09-19,6.959167,6.990234,6.897031,6.959167,0.646640,2151200
1988-09-20,6.959167,6.990234,6.834896,6.865963,0.637979,1825900
1988-09-21,6.897031,6.928099,6.834896,6.865963,0.637979,1745100
1988-09-22,6.897031,6.897031,6.834896,6.897031,0.640866,1441000
1988-09-23,6.865963,6.959167,6.865963,6.928099,0.643753,1050700
1988-09-26,6.897031,6.897031,6.834896,6.865963,0.637979,924000
1988-09-27,6.897031,6.928099,6.834896,6.928099,0.643753,1684400
1988-09-28,6.897031,7.114505,6.897031,6.990234,0.649526,2467700
1988-09-29,6.990234,7.114505,6.959167,7.083437,0.658187,2813000
1988-09-30,7.052370,7.114505,6.959167,6.990234,0.649526,2714100
1988-10-03,6.928099,6.928099,6.741693,6.803828,0.632206,2430100
1988-10-04,6.772760,6.803828,6.741693,6.772760,0.629319,2170600
1988-10-05,6.741693,6.803828,6.710625,6.772760,0.629319,2220200
1988-10-06,6.772760,6.834896,6.710625,6.834896,0.635092,1767600
1988-10-07,6.834896,6.865963,6.741693,6.803828,0.632206,3366600
1988-10-10,6.803828,6.897031,6.803828,6.897031,0.640866,2585700
1988-10-11,6.834896,6.865963,6.772760,6.834896,0.635092,2592100
1988-10-12,6.772760,6.834896,6.710625,6.803828,0.632206,2999400
1988-10-13,6.772760,6.897031,6.772760,6.834896,0.635092,1899400
1988-10-14,6.865963,6.865963,6.741693,6.834896,0.635092,2263500
1988-10-17,6.772760,6.897031,6.772760,6.897031,0.640866,2624300
1988-10-18,6.897031,6.990234,6.865963,6.928099,0.643753,3523800
1988-10-19,6.959167,6.990234,6.834896,6.928099,0.643753,3446100
1988-10-20,6.865963,7.052370,6.865963,7.052370,0.655300,2944500
1988-10-21,6.990234,7.083437,6.959167,7.021302,0.652413,3731000
1988-10-24,7.052370,7.269844,7.021302,7.145573,0.663960,3709900
1988-10-25,7.176641,7.269844,7.083437,7.083437,0.658187,4544800
1988-10-26,7.083437,7.114505,6.897031,6.959167,0.646640,3907100
1988-10-27,6.928099,6.928099,6.803828,6.803828,0.632206,2701700
1988-10-28,6.865963,6.959167,6.834896,6.928099,0.643753,5655600
1988-10-31,6.834896,6.897031,6.803828,6.897031,0.649015,1770300
1988-11-01,6.897031,7.052370,6.834896,7.052370,0.663632,2636000
1988-11-02,6.990234,7.052370,6.928099,6.990234,0.657786,3209300
1988-11-03,6.990234,7.083437,6.959167,7.021302,0.660709,3009800
1988-11-04,6.959167,6.990234,6.928099,6.928099,0.651939,2030800
1988-11-07,6.928099,6.959167,6.834896,6.834896,0.643168,1787400
1988-11-08,6.865963,6.928099,6.834896,6.834896,0.643168,1457800
1988-11-09,6.897031,6.928099,6.803828,6.897031,0.649015,2033800
1988-11-10,6.865963,7.021302,6.834896,6.834896,0.643168,2373100
1988-11-11,6.865963,6.865963,6.710625,6.741693,0.634398,2857300
1988-11-14,6.803828,6.803828,6.648489,6.679557,0.628551,5245900
1988-11-15,6.679557,6.741693,6.617422,6.710625,0.631474,3696800
1988-11-16,6.741693,6.741693,6.493151,6.524219,0.613933,3442400
1988-11-17,6.617422,6.617422,6.493151,6.586354,0.619781,2420400
1988-11-18,6.648489,6.648489,6.555286,6.617422,0.622704,2058600
1988-11-21,6.524219,6.555286,6.462083,6.493151,0.611010,2135400
1988-11-22,6.524219,6.617422,6.462083,6.555286,0.616857,2795300
1988-11-23,6.524219,6.586354,6.493151,6.555286,0.616857,1436300
1988-11-25,6.617422,6.710625,6.586354,6.710625,0.631474,1448400
1988-11-28,6.710625,6.865963,6.710625,6.772760,0.637321,2151500
1988-11-29,6.772760,6.865963,6.772760,6.834896,0.643168,2756000
1988-11-30,6.834896,6.834896,6.710625,6.803828,0.640245,2125000
1988-12-01,6.803828,6.803828,6.741693,6.772760,0.637321,1832600
1988-12-02,6.710625,6.834896,6.679557,6.834896,0.643168,2577700
1988-12-05,6.865963,6.928099,6.803828,6.897031,0.649015,2512900
1988-12-06,6.897031,7.269844,6.865963,7.083437,0.666556,4891500
1988-12-07,6.990234,7.145573,6.990234,7.114505,0.669480,3240200
1988-12-08,7.052370,7.269844,7.052370,7.207708,0.678250,2887500
1988-12-09,7.207708,7.238776,7.145573,7.145573,0.672403,1211700
1988-12-12,7.207708,7.238776,7.114505,7.145573,0.672403,2378500
1988-12-13,7.083437,7.176641,7.052370,7.114505,0.669480,2167900
1988-12-14,7.114505,7.145573,6.990234,7.021302,0.660709,1710300
1988-12-15,7.052370,7.145573,7.052370,7.114505,0.669480,1531200
1988-12-16,7.176641,7.176641,7.052370,7.176641,0.675327,3841000
1988-12-19,7.114505,7.176641,7.083437,7.176641,0.675327,1562100
1988-12-20,7.176641,7.176641,7.114505,7.114505,0.669480,1369300
1988-12-21,7.114505,7.145573,7.083437,7.114505,0.669480,2525700
1988-12-22,7.145573,7.145573,7.052370,7.083437,0.666556,1093700
1988-12-23,7.114505,7.114505,7.083437,7.083437,0.666556,1084900
1988-12-27,7.052370,7.176641,7.021302,7.145573,0.672403,1779700
1988-12-28,7.145573,7.269844,7.083437,7.238776,0.681174,2041900
1988-12-29,7.269844,7.394114,7.269844,7.363047,0.692867,2489800
1988-12-30,7.331979,7.394114,7.269844,7.269844,0.684097,2168900
1989-01-03,7.300911,7.331979,7.176641,7.269844,0.684097,1371300
1989-01-04,7.300911,7.456250,7.269844,7.425182,0.698715,2718500
1989-01-05,7.425182,7.518385,7.363047,7.487318,0.704561,3541900
1989-01-06,7.549453,7.735859,7.487318,7.704792,0.725026,5273000
1989-01-09,7.673724,7.797995,7.673724,7.797995,0.733796,4405000
1989-01-10,7.766927,7.797995,7.642656,7.704792,0.725026,2822700
1989-01-11,7.642656,7.766927,7.642656,7.735859,0.727950,2662500
1989-01-12,7.735859,7.797995,7.673724,7.704792,0.725026,2702700
1989-01-13,7.766927,7.860130,7.766927,7.766927,0.730873,4907600
1989-01-16,7.797995,7.891198,7.766927,7.891198,0.742568,2521700
1989-01-17,7.891198,8.015469,7.860130,8.015469,0.754261,4943800
1989-01-18,7.953333,7.984401,7.860130,7.953333,0.748414,4287300
1989-01-19,7.953333,7.984401,7.860130,7.922266,0.745490,6888500
1989-01-20,7.860130,7.922266,7.797995,7.829062,0.736720,3546600
1989-01-23,7.829062,7.891198,7.549453,7.549453,0.710409,2772800
1989-01-24,7.580521,7.766927,7.580521,7.704792,0.725026,2790600
1989-01-25,7.704792,7.766927,7.518385,7.673724,0.722102,2773500
1989-01-26,7.704792,7.766927,7.642656,7.704792,0.725026,2490800
1989-01-27,7.735859,8.139740,7.673724,7.984401,0.751337,6163200
1989-01-30,8.170807,8.170807,8.015469,8.077604,0.760108,7541300
1989-01-31,8.077604,8.108672,7.766927,7.922266,0.745490,6142800
1989-02-01,7.922266,8.015469,7.860130,7.953333,0.748414,5661300
1989-02-02,8.015469,8.015469,7.922266,7.953333,0.748414,2880100
1989-02-03,7.922266,8.015469,7.860130,7.922266,0.745490,5296800
1989-02-06,7.829062,7.829062,7.704792,7.766927,0.738987,2460600
1989-02-07,7.704792,7.829062,7.673724,7.797995,0.741943,3919500
1989-02-08,7.766927,7.860130,7.735859,7.797995,0.741943,3398400
1989-02-09,7.766927,7.797995,7.704792,7.735859,0.736032,2375100
1989-02-10,7.673724,7.860130,7.642656,7.735859,0.736032,3849400
1989-02-13,7.704792,7.766927,7.611588,7.642656,0.727164,3050700
1989-02-14,7.704792,7.766927,7.611588,7.735859,0.736032,3953700
1989-02-15,7.735859,7.891198,7.735859,7.860130,0.747855,4784900
1989-02-16,7.860130,7.922266,7.797995,7.922266,0.753767,3301900
1989-02-17,7.922266,7.953333,7.860130,7.891198,0.750811,3625400
1989-02-21,7.953333,8.077604,7.891198,8.077604,0.768547,3805500
1989-02-22,8.046536,8.046536,7.860130,7.922266,0.753767,3044700
1989-02-23,7.860130,7.953333,7.829062,7.953333,0.756723,2544100
1989-02-24,7.953333,7.984401,7.704792,7.704792,0.733075,3294200
1989-02-27,7.735859,7.829062,7.642656,7.797995,0.741943,1942600
1989-02-28,7.829062,7.891198,7.735859,7.797995,0.741943,2312800
1989-03-01,7.829062,7.860130,7.642656,7.704792,0.733075,2326500
1989-03-02,7.673724,7.829062,7.673724,7.829062,0.744900,1833000
1989-03-03,7.829062,7.984401,7.829062,7.953333,0.756723,2617900
1989-03-06,7.953333,8.046536,7.891198,7.984401,0.759679,4377500
1989-03-07,8.015469,8.046536,7.953333,8.046536,0.765591,4205800
1989-03-08,7.984401,8.046536,7.860130,7.891198,0.750811,3122800
1989-03-09,7.891198,7.922266,7.860130,7.860130,0.747855,1285400
1989-03-10,7.860130,7.891198,7.735859,7.797995,0.741943,1990600
1989-03-13,7.860130,7.984401,7.797995,7.891198,0.750811,2713800
1989-03-14,7.922266,7.984401,7.860130,7.922266,0.753767,1692500
1989-03-15,7.953333,8.015469,7.860130,7.984401,0.759679,2662500
1989-03-16,8.015469,8.170807,8.015469,8.170807,0.777415,5738800
1989-03-17,7.891198,7.953333,7.766927,7.891198,0.750811,5705900
1989-03-20,7.829062,7.829062,7.735859,7.766927,0.738987,1766900
1989-03-21,7.829062,7.860130,7.766927,7.829062,0.744900,2010300
1989-03-22,7.797995,7.829062,7.673724,7.735859,0.736032,2192700
1989-03-23,7.735859,7.797995,7.487318,7.580521,0.721251,3138600
1989-03-27,7.580521,7.797995,7.518385,7.735859,0.736032,2823400
1989-03-28,7.797995,7.860130,7.766927,7.797995,0.741943,1732400
1989-03-29,7.829062,8.326146,7.829062,8.264010,0.786283,5349200
1989-03-30,8.232943,8.232943,8.077604,8.108672,0.771502,5237200
1989-03-31,8.170807,8.232943,8.108672,8.108672,0.771502,3132200
1989-04-03,8.170807,8.450417,8.139740,8.419349,0.801063,5566400
1989-04-04,8.388281,8.419349,8.232943,8.326146,0.792194,4313800
1989-04-05,8.295078,8.357214,8.170807,8.295078,0.789239,2430800
1989-04-06,8.232943,8.264010,8.046536,8.077604,0.768547,3482600
1989-04-07,8.046536,8.232943,8.015469,8.170807,0.777415,3452800
1989-04-10,8.170807,8.295078,8.139740,8.264010,0.786283,3603600
1989-04-11,8.201875,8.295078,8.108672,8.201875,0.780371,3917500
1989-04-12,8.232943,8.232943,8.139740,8.232943,0.783327,3083900
1989-04-13,8.170807,8.201875,7.953333,8.015469,0.762635,3615700
1989-04-14,8.108672,8.201875,8.077604,8.170807,0.777415,3579500
1989-04-17,8.170807,8.264010,8.139740,8.232943,0.783327,2805300
1989-04-18,8.326146,8.388281,8.295078,8.388281,0.798106,4957500
1989-04-19,8.357214,8.357214,8.264010,8.326146,0.792194,3548700
1989-04-20,8.232943,8.295078,8.170807,8.295078,0.789239,2693000
1989-04-21,8.295078,8.419349,8.264010,8.388281,0.798106,4781800
1989-04-24,8.357214,8.574688,8.357214,8.574688,0.815843,7619700
1989-04-25,8.605755,8.636823,8.357214,8.388281,0.798106,8199100
1989-04-26,8.419349,8.543620,8.326146,8.543620,0.812886,4916000
1989-04-27,8.512552,8.761094,8.512552,8.636823,0.821754,7078600
1989-04-28,8.636823,8.667891,8.481484,8.543620,0.812886,7224400
1989-05-01,8.388281,8.574688,8.326146,8.574688,0.824234,3425900
1989-05-02,8.574688,8.636823,8.543620,8.605755,0.827220,3918100
1989-05-03,8.574688,8.605755,8.481484,8.543620,0.821248,2691000
1989-05-04,8.543620,8.605755,8.481484,8.481484,0.815275,2830800
1989-05-05,8.543620,8.574688,8.419349,8.450417,0.812289,3385000
1989-05-08,8.419349,8.450417,8.295078,8.357214,0.803330,2191700
1989-05-09,8.326146,8.357214,8.108672,8.139740,0.782426,2189700
1989-05-10,8.170807,8.512552,8.139740,8.450417,0.812289,5379300
1989-05-11,8.481484,8.512552,8.357214,8.388281,0.806316,4505200
1989-05-12,8.481484,8.512552,8.357214,8.450417,0.812289,4755000
1989-05-15,8.512552,8.605755,8.481484,8.543620,0.821248,3353500
1989-05-16,8.481484,8.792161,8.481484,8.792161,0.845139,7685800
1989-05-17,8.792161,8.792161,8.605755,8.730026,0.839167,5357500
1989-05-18,8.667891,8.730026,8.636823,8.698958,0.836180,4515300
1989-05-19,8.698958,8.698958,8.605755,8.605755,0.827220,7757500
1989-05-22,8.605755,8.636823,8.419349,8.481484,0.815275,3428300
1989-05-23,8.450417,8.543620,8.388281,8.481484,0.815275,3329400
1989-05-24,8.450417,8.605755,8.450417,8.605755,0.827220,2326500
1989-05-25,8.605755,8.605755,8.543620,8.574688,0.824234,3136600
1989-05-26,8.574688,8.698958,8.543620,8.667891,0.833194,2543100
1989-05-30,8.730026,8.761094,8.574688,8.605755,0.827220,2668500
1989-05-31,8.667891,8.730026,8.605755,8.667891,0.833194,2296300
1989-06-01,8.698958,9.351380,8.698958,9.351380,0.898893,6789600
1989-06-02,9.164974,9.196042,8.978568,9.071771,0.872016,14658100
1989-06-05,9.102839,9.133906,8.916432,8.916432,0.857084,4313400
1989-06-06,8.947500,9.040703,8.854297,8.978568,0.863057,3364200
1989-06-07,8.978568,9.009635,8.885365,8.885365,0.854098,3122800
1989-06-08,8.854297,9.196042,8.730026,9.196042,0.883962,12035500
1989-06-09,9.164974,9.506719,9.071771,9.444583,0.907852,12030500
1989-06-12,9.382448,9.444583,9.289245,9.351380,0.898893,5224400
1989-06-13,9.289245,9.351380,9.196042,9.227109,0.886948,5201000
1989-06-14,9.258177,9.258177,9.071771,9.227109,0.886948,3842400
1989-06-15,9.164974,9.413516,9.102839,9.382448,0.901879,8386200
1989-06-16,9.320313,9.475651,9.258177,9.444583,0.907852,10767100
1989-06-19,9.351380,9.382448,9.196042,9.227109,0.886948,3989600
1989-06-20,9.196042,9.351380,9.196042,9.320313,0.895907,4535700
1989-06-21,9.320313,9.320313,9.102839,9.133906,0.877988,6309800
1989-06-22,9.133906,9.164974,8.978568,9.040703,0.869030,3268300
1989-06-23,9.071771,9.196042,9.009635,9.196042,0.883962,5532200
1989-06-26,9.133906,9.164974,8.574688,8.636823,0.830207,8143800
1989-06-27,8.730026,9.071771,8.636823,9.071771,0.872016,7609300
1989-06-28,8.916432,8.978568,8.761094,8.854297,0.851111,5144600
1989-06-29,8.730026,8.761094,8.512552,8.636823,0.830207,4559200
1989-06-30,8.605755,8.605755,8.357214,8.574688,0.824234,5412200
1989-07-03,8.512552,8.636823,8.481484,8.574688,0.824234,1802800
1989-07-05,8.574688,8.605755,8.481484,8.574688,0.824234,2233300
1989-07-06,8.605755,8.730026,8.543620,8.636823,0.830207,2692000
1989-07-07,8.667891,8.792161,8.636823,8.730026,0.839167,4943500
1989-07-10,8.792161,8.823229,8.636823,8.667891,0.833194,2752300
1989-07-11,8.698958,8.730026,8.605755,8.636823,0.830207,2130400
1989-07-12,8.605755,8.667891,8.574688,8.636823,0.830207,1407500
1989-07-13,8.605755,8.667891,8.512552,8.574688,0.824234,2462600
1989-07-14,8.574688,8.605755,8.450417,8.543620,0.821248,3737100
1989-07-17,8.481484,8.792161,8.450417,8.698958,0.836180,3407800
1989-07-18,8.698958,8.761094,8.636823,8.761094,0.842153,2684600
1989-07-19,8.792161,8.947500,8.761094,8.916432,0.857084,5956000
1989-07-20,8.916432,8.978568,8.792161,8.854297,0.851111,6585700
1989-07-21,8.730026,8.823229,8.698958,8.761094,0.842153,6452300
1989-07-24,8.698958,8.730026,8.574688,8.636823,0.830207,3229800
1989-07-25,8.667891,8.730026,8.481484,8.543620,0.821248,4342300
1989-07-26,8.605755,8.730026,8.481484,8.730026,0.839167,3404800
1989-07-27,8.761094,9.133906,8.698958,9.133906,0.877988,10783200
1989-07-28,9.164974,9.258177,9.040703,9.196042,0.883962,11946000
1989-07-31,9.009635,9.040703,8.667891,8.854297,0.859239,7638800
1989-08-01,8.792161,8.854297,8.605755,8.698958,0.844165,6250400
1989-08-02,8.636823,8.823229,8.574688,8.792161,0.853210,9471500
1989-08-03,8.761094,8.761094,8.636823,8.730026,0.847180,3871500
1989-08-04,8.605755,8.792161,8.574688,8.761094,0.850195,3987200
1989-08-07,8.698958,8.761094,8.636823,8.730026,0.847180,3141600
1989-08-08,8.761094,8.916432,8.667891,8.698958,0.844165,9340800
1989-08-09,8.730026,8.823229,8.698958,8.823229,0.856224,5372000
1989-08-10,8.761094,8.916432,8.730026,8.792161,0.853210,7055800
1989-08-11,8.854297,8.854297,8.698958,8.761094,0.850195,5457100
1989-08-14,8.698958,8.854297,8.698958,8.761094,0.850195,5079900
1989-08-15,8.761094,8.792161,8.636823,8.667891,0.841150,4824100
1989-08-16,8.698958,8.730026,8.636823,8.636823,0.838135,2877100
1989-08-17,8.636823,8.667891,8.543620,8.543620,0.829091,3510800
1989-08-18,8.543620,8.574688,8.481484,8.512552,0.826076,3611000
1989-08-21,8.481484,8.481484,8.326146,8.357214,0.811002,4307100
1989-08-22,8.295078,8.388281,8.264010,8.388281,0.814016,3879900
1989-08-23,8.388281,8.574688,8.326146,8.512552,0.826076,5918500
1989-08-24,8.543620,8.667891,8.512552,8.636823,0.838135,5841000
1989-08-25,8.574688,8.636823,8.543620,8.574688,0.832106,2704400
1989-08-28,8.574688,8.761094,8.574688,8.761094,0.850195,6012000
1989-08-29,8.792161,8.885365,8.761094,8.854297,0.859239,4574600
1989-08-30,8.823229,8.854297,8.730026,8.792161,0.853210,3901000
1989-08-31,8.761094,8.823229,8.698958,8.730026,0.847180,3669400
1989-09-01,8.698958,8.761094,8.698958,8.698958,0.844165,2220900
1989-09-05,8.698958,8.730026,8.605755,8.605755,0.835120,2949500
1989-09-06,8.636823,8.636823,8.543620,8.605755,0.835120,3076900
1989-09-07,8.574688,8.730026,8.512552,8.667891,0.841150,5086300
1989-09-08,8.667891,8.667891,8.543620,8.605755,0.835120,3070500
1989-09-11,8.605755,8.636823,8.481484,8.512552,0.826076,2352000
1989-09-12,8.481484,8.605755,8.481484,8.574688,0.832106,3070500
1989-09-13,8.574688,8.605755,8.450417,8.450417,0.820046,3039000
1989-09-14,8.450417,8.481484,8.326146,8.326146,0.807986,3594900
1989-09-15,8.326146,8.512552,8.326146,8.481484,0.823061,7698900
1989-09-18,8.419349,8.512552,8.419349,8.450417,0.820046,2432100
1989-09-19,8.512552,8.605755,8.419349,8.450417,0.820046,3118800
1989-09-20,8.388281,8.450417,8.357214,8.357214,0.811002,2199400
1989-09-21,8.388281,8.450417,8.357214,8.388281,0.814016,2288000
1989-09-22,8.357214,8.388281,8.326146,8.326146,0.807986,1614400
1989-09-25,8.357214,8.388281,8.264010,8.326146,0.807986,2226900
1989-09-26,8.326146,8.388281,8.295078,8.357214,0.811002,3491700
1989-09-27,8.232943,8.388281,8.232943,8.295078,0.804972,2968300
1989-09-28,8.295078,8.326146,8.108672,8.170807,0.792912,3719600
1989-09-29,8.170807,8.326146,8.139740,8.232943,0.798942,3912100
1989-10-02,8.264010,8.823229,8.201875,8.667891,0.841150,11140900
1989-10-03,8.543620,9.040703,8.543620,9.009635,0.874314,21196900
1989-10-04,9.320313,9.755260,9.196042,9.630990,0.934611,51171500
1989-10-05,9.537786,9.599922,9.382448,9.537786,0.925567,16117000
1989-10-06,9.786328,9.817396,9.537786,9.568854,0.928581,19638500
1989-10-09,9.599922,9.662057,9.537786,9.599922,0.931596,3288100
1989-10-10,9.630990,9.662057,9.475651,9.475651,0.919537,3814200
1989-10-11,9.351380,9.413516,9.196042,9.382448,0.910492,6901500
1989-10-12,9.320313,9.382448,9.196042,9.289245,0.901448,4528700
1989-10-13,9.196042,9.444583,8.077604,8.201875,0.795927,11569800
1989-10-16,7.829062,8.512552,7.829062,8.512552,0.826076,14753000
1989-10-17,8.512552,8.512552,8.201875,8.419349,0.817032,8170300
1989-10-18,8.326146,8.605755,8.264010,8.574688,0.832106,4227900
1989-10-19,8.574688,8.636823,8.481484,8.512552,0.826076,3947600
1989-10-20,8.481484,8.543620,8.388281,8.481484,0.823061,3938300
1989-10-23,8.419349,8.543620,8.326146,8.388281,0.814016,3527500
1989-10-24,8.357214,8.388281,8.015469,8.357214,0.811002,5666300
1989-10-25,8.264010,8.388281,8.232943,8.295078,0.804972,2411000
1989-10-26,8.232943,8.295078,8.046536,8.170807,0.792912,4022700
1989-10-27,8.232943,8.419349,8.201875,8.295078,0.804972,5672000
1989-10-30,8.326146,8.357214,8.232943,8.295078,0.804972,2304700
1989-10-31,8.357214,8.636823,8.295078,8.605755,0.835120,4289000
1989-11-01,8.574688,8.730026,8.543620,8.698958,0.844165,3362600
1989-11-02,8.698958,8.698958,8.543620,8.605755,0.835120,2577300
1989-11-03,8.481484,8.698958,8.481484,8.636823,0.838135,8709800
1989-11-06,8.512552,8.512552,8.326146,8.419349,0.825344,2362400
1989-11-07,8.388281,8.481484,8.326146,8.481484,0.831435,2611900
1989-11-08,8.450417,8.667891,8.450417,8.605755,0.843617,2640700
1989-11-09,8.605755,8.636823,8.512552,8.574688,0.840572,2102200
1989-11-10,8.636823,8.636823,8.543620,8.605755,0.843617,1177200
1989-11-13,8.574688,8.605755,8.512552,8.543620,0.837526,2434800
1989-11-14,8.512552,8.605755,8.512552,8.574688,0.840572,2414000
1989-11-15,8.574688,8.636823,8.543620,8.543620,0.837526,2720800
1989-11-16,8.543620,8.636823,8.512552,8.636823,0.846663,2013700
1989-11-17,8.574688,8.730026,8.543620,8.574688,0.840572,2812700
1989-11-20,8.543620,8.574688,8.388281,8.450417,0.828389,1846700
1989-11-21,8.450417,8.450417,8.170807,8.295078,0.813162,3288500
1989-11-22,8.326146,8.357214,8.264010,8.326146,0.816207,1659000
1989-11-24,8.388281,8.388281,8.357214,8.357214,0.819253,978700
1989-11-27,8.357214,8.481484,8.357214,8.419349,0.825344,3183200
1989-11-28,8.419349,8.481484,8.388281,8.388281,0.822298,2831800
1989-11-29,8.419349,8.419349,8.326146,8.357214,0.819253,2896200
1989-11-30,8.481484,8.605755,8.481484,8.574688,0.840572,5102700
1989-12-01,8.605755,8.698958,8.481484,8.636823,0.846663,5622700
1989-12-04,9.009635,9.382448,8.978568,9.382448,0.919756,9599300
1989-12-05,9.444583,9.444583,9.040703,9.164974,0.898437,7127900
1989-12-06,9.102839,9.289245,9.040703,9.133906,0.895392,4016000
1989-12-07,9.133906,9.164974,8.854297,9.009635,0.883210,2735900
1989-12-08,9.040703,9.133906,9.009635,9.040703,0.886255,1904400
1989-12-11,9.040703,9.040703,8.854297,8.916432,0.874073,1683100
1989-12-12,8.916432,9.009635,8.854297,8.978568,0.880164,3840400
1989-12-13,9.009635,9.040703,8.854297,8.854297,0.867982,3050700
1989-12-14,8.792161,8.916432,8.792161,8.885365,0.871027,2604500
1989-12-15,8.916432,8.916432,8.605755,8.667891,0.849708,6627600
1989-12-18,8.730026,8.730026,8.357214,8.481484,0.831435,5146000
1989-12-19,8.481484,8.730026,8.388281,8.667891,0.849708,6864000
1989-12-20,8.667891,8.916432,8.574688,8.667891,0.849708,5157000
1989-12-21,8.698958,8.761094,8.667891,8.730026,0.855799,2329900
1989-12-22,8.730026,8.916432,8.730026,8.885365,0.871027,1970400
1989-12-26,8.854297,8.916432,8.792161,8.854297,0.867982,1384700
1989-12-27,8.854297,8.885365,8.792161,8.854297,0.867982,2134700
1989-12-28,8.823229,8.885365,8.792161,8.854297,0.867982,1172800
1989-12-29,8.854297,8.885365,8.761094,8.885365,0.871027,1697200
1990-01-02,8.823229,8.947500,8.761094,8.947500,0.877118,2509600
1990-01-03,9.009635,9.009635,8.854297,8.885365,0.871027,2925300
1990-01-04,8.916432,9.133906,8.885365,9.102839,0.892347,5754200
1990-01-05,9.009635,9.133906,8.978568,8.978568,0.880164,3901700
1990-01-08,9.009635,9.196042,8.978568,9.133906,0.895392,3017900
1990-01-09,9.133906,9.133906,8.978568,9.040703,0.886255,2214900
1990-01-10,8.978568,9.040703,8.885365,8.947500,0.877118,2198800
1990-01-11,8.978568,9.040703,8.947500,8.978568,0.880164,1888000
1990-01-12,8.698958,8.823229,8.667891,8.698958,0.852754,3735100
1990-01-15,8.667891,8.730026,8.543620,8.574688,0.840572,3094700
1990-01-16,8.512552,8.885365,8.481484,8.823229,0.864936,3188600
1990-01-17,8.823229,8.823229,8.698958,8.698958,0.852754,2280600
1990-01-18,8.636823,8.698958,8.605755,8.667891,0.849708,1701900
1990-01-19,8.761094,8.761094,8.667891,8.698958,0.852754,2372100
1990-01-22,8.698958,8.698958,8.388281,8.450417,0.828389,2508600
1990-01-23,8.512552,8.512552,8.357214,8.388281,0.822298,4297400
1990-01-24,8.108672,8.512552,8.077604,8.419349,0.825344,5289100
1990-01-25,8.450417,8.481484,8.139740,8.264010,0.810116,1905400
1990-01-26,8.232943,8.295078,8.108672,8.108672,0.794888,2970600
1990-01-29,8.170807,8.264010,8.139740,8.170807,0.800980,1972100
1990-01-30,8.264010,8.264010,8.046536,8.046536,0.788797,3539600
1990-01-31,8.170807,8.419349,8.139740,8.326146,0.816207,3518800
1990-02-01,8.326146,8.481484,8.295078,8.419349,0.825344,1629500
1990-02-02,8.388281,8.605755,8.357214,8.512552,0.834481,9367900
1990-02-05,8.388281,8.512552,8.388281,8.481484,0.840019,2207800
1990-02-06,8.512552,8.605755,8.419349,8.574688,0.849250,2165900
1990-02-07,8.543620,8.730026,8.512552,8.667891,0.858481,3855800
1990-02-08,8.698958,8.885365,8.636823,8.698958,0.861558,4763100
1990-02-09,8.854297,8.854297,8.730026,8.792161,0.870789,2464300
1990-02-12,8.761094,8.823229,8.636823,8.698958,0.861558,2012700
1990-02-13,8.698958,8.730026,8.574688,8.730026,0.864636,2196100
1990-02-14,8.730026,8.761094,8.667891,8.730026,0.864636,2177700
1990-02-15,8.698958,8.761094,8.636823,8.698958,0.861558,2565600
1990-02-16,8.698958,8.730026,8.667891,8.698958,0.861558,2988400
1990-02-20,8.574688,8.636823,8.543620,8.636823,0.855404,2599100
1990-02-21,8.543620,8.636823,8.481484,8.543620,0.846173,3024300
1990-02-22,8.574688,8.698958,8.574688,8.574688,0.849250,2024800
1990-02-23,8.512552,8.854297,8.481484,8.792161,0.870789,5108400
1990-02-26,8.761094,8.792161,8.698958,8.792161,0.870789,1927200
1990-02-27,8.761094,8.978568,8.730026,8.885365,0.880020,2530000
1990-02-28,8.854297,8.916432,8.792161,8.885365,0.880020,2358000
1990-03-01,8.854297,9.009635,8.823229,8.978568,0.889251,3066200
1990-03-02,9.009635,9.413516,8.947500,9.227109,0.913867,4245700
1990-03-05,9.164974,9.289245,9.133906,9.196042,0.910790,4082400
1990-03-06,9.164974,9.196042,9.102839,9.196042,0.910790,2949800
1990-03-07,9.196042,9.196042,8.667891,8.854297,0.876943,6943100
1990-03-08,8.978568,9.102839,8.947500,9.102839,0.901559,7888600
1990-03-09,9.102839,9.196042,8.885365,8.978568,0.889251,6097900
1990-03-12,8.978568,9.040703,8.885365,8.885365,0.880020,4692300
1990-03-13,8.916432,9.009635,8.823229,8.916432,0.883097,2501200
1990-03-14,8.885365,8.916432,8.761094,8.823229,0.873866,2052900
1990-03-15,8.792161,8.854297,8.698958,8.854297,0.876943,2711100
1990-03-16,8.885365,9.009635,8.823229,8.978568,0.889251,4756000
1990-03-19,8.947500,8.978568,8.885365,8.947500,0.886174,1465800
1990-03-20,8.916432,8.947500,8.854297,8.854297,0.876943,1988900
1990-03-21,8.916432,8.947500,8.823229,8.854297,0.876943,1569800
1990-03-22,8.854297,8.854297,8.730026,8.761094,0.867712,1897400
1990-03-23,8.761094,8.792161,8.730026,8.761094,0.867712,1439700
1990-03-26,8.761094,8.823229,8.730026,8.761094,0.867712,1588200
1990-03-27,8.761094,8.792161,8.698958,8.761094,0.867712,1763200
1990-03-28,8.823229,8.885365,8.761094,8.885365,0.880020,1881600
1990-03-29,8.947500,8.978568,8.854297,8.916432,0.883097,1666000
1990-03-30,8.854297,8.978568,8.792161,8.854297,0.876943,1986900
1990-04-02,8.792161,8.885365,8.761094,8.854297,0.876943,1937900
1990-04-03,8.885365,9.320313,8.854297,9.227109,0.913867,4043500
1990-04-04,9.071771,9.102839,8.978568,9.071771,0.898482,3736100
1990-04-05,9.040703,9.102839,8.978568,9.040703,0.895405,2523000
1990-04-06,9.040703,9.071771,8.792161,8.916432,0.883097,2389900
1990-04-09,8.885365,8.885365,8.761094,8.761094,0.867712,1461500
1990-04-10,8.698958,8.730026,8.574688,8.605755,0.852327,4813400
1990-04-11,8.481484,8.543620,8.419349,8.450417,0.836942,6647400
1990-04-12,8.450417,8.512552,8.450417,8.481484,0.840019,1595300
1990-04-16,8.574688,8.605755,8.543620,8.574688,0.849250,1447100
1990-04-17,8.512552,8.667891,8.481484,8.605755,0.852327,2075100
1990-04-18,8.636823,8.636823,8.450417,8.481484,0.840019,3975500
1990-04-19,8.419349,8.481484,8.388281,8.419349,0.833865,2407300
1990-04-20,8.388281,8.419349,8.264010,8.326146,0.824634,3108400
1990-04-23,8.295078,8.295078,8.201875,8.201875,0.812327,2090500
1990-04-24,8.201875,8.264010,8.108672,8.139740,0.806172,3533200
1990-04-25,8.139740,8.450417,8.139740,8.450417,0.836942,3436700
1990-04-26,8.543620,8.574688,8.357214,8.450417,0.836942,4535700
1990-04-27,8.419349,8.450417,8.232943,8.232943,0.815403,9879900
1990-04-30,8.201875,8.232943,7.953333,8.139740,0.814782,1871500
1990-05-01,8.139740,8.264010,8.139740,8.232943,0.824111,3682800
1990-05-02,8.201875,8.512552,8.170807,8.450417,0.845880,2183700
1990-05-03,8.450417,8.450417,8.326146,8.388281,0.839660,2722800
1990-05-04,8.388281,8.481484,8.326146,8.419349,0.842770,4087100
1990-05-07,8.450417,8.450417,8.264010,8.326146,0.833440,2652100
1990-05-08,8.326146,8.326146,8.201875,8.295078,0.830331,4398600
1990-05-09,8.295078,8.295078,8.170807,8.170807,0.817892,3770900
1990-05-10,8.201875,8.264010,8.170807,8.170807,0.817892,3072200
1990-05-11,8.201875,8.357214,8.139740,8.264010,0.827221,4655800
1990-05-14,8.357214,8.605755,8.326146,8.512552,0.852099,7747100
1990-05-15,8.481484,8.636823,8.481484,8.543620,0.855210,3845000
1990-05-16,8.512552,8.574688,8.481484,8.512552,0.852099,2423100
1990-05-17,8.512552,8.574688,8.264010,8.357214,0.836550,2449200
1990-05-18,8.357214,8.388281,8.326146,8.357214,0.836550,3596300
1990-05-21,8.357214,8.450417,8.295078,8.326146,0.833440,2842900
1990-05-22,8.357214,8.419349,8.139740,8.201875,0.821001,4463000
1990-05-23,8.264010,8.419349,8.232943,8.388281,0.839660,5237200
1990-05-24,8.419349,8.481484,8.419349,8.450417,0.845880,2736200
1990-05-25,8.450417,8.450417,8.388281,8.419349,0.842770,1797100
1990-05-29,8.388281,8.481484,8.388281,8.481484,0.848990,2983700
1990-05-30,8.512552,8.543620,8.419349,8.450417,0.845880,3843700
1990-05-31,8.450417,8.481484,8.357214,8.357214,0.836550,3091300
1990-06-01,8.388281,8.419349,8.295078,8.388281,0.839660,2274200
1990-06-04,8.450417,8.481484,8.388281,8.450417,0.845880,3254300
1990-06-05,8.574688,8.605755,8.419349,8.450417,0.845880,4969600
1990-06-06,8.388281,8.450417,8.388281,8.450417,0.845880,1719000
1990-06-07,8.450417,8.450417,8.295078,8.357214,0.836550,3181800
1990-06-08,8.357214,8.388281,8.295078,8.326146,0.833440,1935200
1990-06-11,8.326146,8.388281,8.295078,8.326146,0.833440,1513100
1990-06-12,8.326146,8.357214,8.295078,8.357214,0.836550,2654800
1990-06-13,8.357214,8.388281,8.326146,8.357214,0.836550,2574300
1990-06-14,8.357214,8.357214,8.201875,8.232943,0.824111,3061800
1990-06-15,8.232943,8.450417,8.170807,8.326146,0.833440,5337400
1990-06-18,8.326146,8.326146,8.139740,8.139740,0.814782,2108900
1990-06-19,8.170807,8.201875,8.077604,8.139740,0.814782,2375100
1990-06-20,8.139740,8.170807,8.077604,8.139740,0.814782,3117500
1990-06-21,8.170807,8.170807,7.984401,7.984401,0.799233,2191400
1990-06-22,8.046536,8.139740,7.922266,7.984401,0.799233,3494700
1990-06-25,8.046536,8.077604,7.860130,7.953333,0.796122,2801600
1990-06-26,7.984401,8.108672,7.984401,8.015469,0.802342,2604500
1990-06-27,8.015469,8.170807,8.015469,8.139740,0.814782,2761100
1990-06-28,8.139740,8.295078,8.108672,8.232943,0.824111,2868000
1990-06-29,8.264010,8.295078,8.201875,8.201875,0.821001,2245700
1990-07-02,8.232943,8.295078,8.232943,8.264010,0.827221,1594300
1990-07-03,8.295078,8.419349,8.295078,8.357214,0.836550,2782900
1990-07-05,8.388281,8.388281,8.357214,8.388281,0.839660,3193600
1990-07-06,8.326146,8.357214,8.264010,8.357214,0.836550,1359900
1990-07-09,8.357214,8.419349,8.326146,8.388281,0.839660,1778700
1990-07-10,8.388281,8.388281,8.295078,8.326146,0.833440,2646100
1990-07-11,8.326146,8.326146,8.264010,8.295078,0.830331,2437500
1990-07-12,8.295078,8.450417,8.232943,8.450417,0.845880,5845000
1990-07-13,8.450417,8.574688,8.419349,8.450417,0.845880,4525700
1990-07-16,8.419349,8.543620,8.388281,8.450417,0.845880,3869200
1990-07-17,8.419349,8.450417,8.357214,8.388281,0.839660,2455300
1990-07-18,8.388281,8.419349,8.357214,8.357214,0.836550,1359200
1990-07-19,8.357214,8.543620,8.357214,8.543620,0.855210,2583400
1990-07-20,8.481484,8.543620,8.450417,8.512552,0.852099,4265200
1990-07-23,8.450417,8.450417,8.264010,8.326146,0.833440,3202000
1990-07-24,8.419349,8.543620,8.388281,8.543620,0.855210,3480900
1990-07-25,8.543620,8.667891,8.512552,8.574688,0.858320,4209800
1990-07-26,8.574688,8.605755,8.512552,8.543620,0.855210,1624400
1990-07-27,8.543620,8.605755,8.512552,8.574688,0.858320,1649600
1990-07-30,8.543620,8.543620,8.450417,8.543620,0.855210,1578200
1990-07-31,8.512552,8.730026,8.512552,8.574688,0.858320,4466300
1990-08-01,8.574688,8.605755,8.481484,8.481484,0.848990,3908100
1990-08-02,8.698958,8.730026,8.543620,8.605755,0.861429,13063500
1990-08-03,8.667891,8.792161,8.574688,8.667891,0.867649,20347000
1990-08-06,8.574688,8.730026,8.512552,8.574688,0.867021,4756400
1990-08-07,8.512552,8.543620,8.326146,8.419349,0.851314,3074900
1990-08-08,8.388281,8.481484,8.232943,8.326146,0.841890,4856600
1990-08-09,8.326146,8.357214,8.201875,8.264010,0.835607,3378700
1990-08-10,8.264010,8.326146,8.139740,8.139740,0.823041,2144800
1990-08-13,8.139740,8.170807,8.077604,8.139740,0.823041,1310600
1990-08-14,8.139740,8.201875,8.046536,8.046536,0.813617,2478700
1990-08-15,8.108672,8.108672,7.953333,8.015469,0.810476,2672200
1990-08-16,7.953333,8.015469,7.922266,7.984401,0.807335,2969600
1990-08-17,7.953333,8.232943,7.922266,8.077604,0.816759,6896500
1990-08-20,8.108672,8.264010,8.077604,8.232943,0.832465,3239500
1990-08-21,8.201875,8.232943,8.108672,8.139740,0.823041,4157500
1990-08-22,8.139740,8.170807,8.046536,8.046536,0.813617,3280400
1990-08-23,8.046536,8.046536,7.829062,7.829062,0.791628,8329500
1990-08-24,7.891198,7.922266,7.860130,7.891198,0.797911,2695700
1990-08-27,8.077604,8.108672,7.922266,7.984401,0.807335,2019100
1990-08-28,7.953333,8.015469,7.953333,8.015469,0.810476,2181300
1990-08-29,8.015469,8.046536,7.922266,7.984401,0.807335,1869900
1990-08-30,8.015469,8.046536,7.953333,8.015469,0.810476,2342300
1990-08-31,7.984401,8.046536,7.953333,7.984401,0.807335,1754200
1990-09-04,8.046536,8.170807,8.046536,8.170807,0.826183,2743300
1990-09-05,8.139740,8.326146,8.108672,8.295078,0.838749,2593400
1990-09-06,8.326146,8.854297,8.232943,8.295078,0.838749,2203500
1990-09-07,8.295078,8.450417,8.264010,8.388281,0.848173,2883400
1990-09-10,8.419349,8.419349,8.295078,8.357214,0.845031,1282800
1990-09-11,8.357214,8.357214,8.201875,8.232943,0.832465,1820600
1990-09-12,8.232943,8.295078,8.201875,8.264010,0.835607,1982500
1990-09-13,8.264010,8.264010,8.108672,8.170807,0.826183,3249200
1990-09-14,8.139740,8.170807,8.077604,8.139740,0.823041,1533200
1990-09-17,8.077604,8.232943,8.046536,8.201875,0.829324,2007700
1990-09-18,8.170807,8.326146,8.170807,8.295078,0.838749,1650200
1990-09-19,8.264010,8.357214,8.232943,8.264010,0.835607,1505100
1990-09-20,8.201875,8.201875,8.077604,8.108672,0.819900,2867700
1990-09-21,8.108672,8.170807,8.077604,8.139740,0.823041,3351500
1990-09-24,8.077604,8.108672,7.829062,7.860130,0.794769,3581800
1990-09-25,7.922266,8.015469,7.922266,7.953333,0.804193,2139400
1990-09-26,7.922266,7.953333,7.829062,7.860130,0.794769,1995900
1990-09-27,7.922266,7.953333,7.735859,7.797995,0.788486,2052900
1990-09-28,7.673724,7.673724,7.487318,7.487318,0.757073,4835500
1990-10-01,7.549453,7.580521,7.363047,7.487318,0.757073,5438000
1990-10-02,7.487318,7.611588,7.487318,7.580521,0.766496,3537600
1990-10-03,7.580521,7.829062,7.580521,7.766927,0.785345,2973300
1990-10-04,7.797995,8.015469,7.797995,8.015469,0.810476,3767300
1990-10-05,7.922266,8.077604,7.860130,8.077604,0.816759,3078200
1990-10-08,8.139740,8.295078,8.139740,8.201875,0.829324,3267000
1990-10-09,8.201875,8.295078,8.108672,8.139740,0.823041,4290000
1990-10-10,8.170807,8.201875,7.860130,7.922266,0.801052,2253400
1990-10-11,7.891198,7.953333,7.642656,7.673724,0.775921,3243900
1990-10-12,7.704792,7.829062,7.611588,7.673724,0.775921,2780200
1990-10-15,7.735859,7.766927,7.580521,7.704792,0.779062,2778500
1990-10-16,7.704792,7.766927,7.642656,7.704792,0.779062,2547500
1990-10-17,7.704792,7.735859,7.611588,7.642656,0.772779,1753200
1990-10-18,7.704792,7.704792,7.611588,7.673724,0.775921,2597100
1990-10-19,7.704792,7.860130,7.642656,7.797995,0.788486,4408700
1990-10-22,7.735859,7.735859,7.611588,7.735859,0.782204,2840500
1990-10-23,7.735859,7.735859,7.642656,7.642656,0.772779,2082100
1990-10-24,7.642656,7.673724,7.580521,7.580521,0.766496,1768600
1990-10-25,7.642656,7.797995,7.580521,7.735859,0.782204,3389700
1990-10-26,7.735859,7.797995,7.611588,7.642656,0.772779,1516100
1990-10-29,7.642656,7.735859,7.611588,7.673724,0.775921,2312800
1990-10-30,7.704792,7.766927,7.549453,7.704792,0.779062,2689000
1990-10-31,7.766927,7.860130,7.735859,7.797995,0.788486,1859100
1990-11-01,7.766927,7.953333,7.766927,7.860130,0.794769,1239500
1990-11-02,7.829062,8.077604,7.797995,8.077604,0.816759,7025900
1990-11-05,8.046536,8.077604,7.953333,7.953333,0.812948,2091100
1990-11-06,7.953333,7.953333,7.797995,7.797995,0.797070,1664700
1990-11-07,7.766927,7.829062,7.642656,7.642656,0.781192,1919500
1990-11-08,7.642656,7.766927,7.642656,7.766927,0.793894,1398100
1990-11-09,7.829062,7.891198,7.766927,7.860130,0.803421,1306900
1990-11-12,7.860130,7.922266,7.797995,7.891198,0.806597,1822600
1990-11-13,7.829062,7.953333,7.797995,7.891198,0.806597,1457100
1990-11-14,7.984401,8.139740,7.984401,7.984401,0.816124,2822700
1990-11-15,7.984401,8.015469,7.922266,7.953333,0.812948,1539600
1990-11-16,7.953333,8.077604,7.953333,8.046536,0.822475,2247700
1990-11-19,8.077604,8.108672,7.953333,7.984401,0.816124,2032100
1990-11-20,7.922266,7.953333,7.766927,7.829062,0.800246,2378200
1990-11-21,7.797995,7.860130,7.673724,7.704792,0.787544,3956400
1990-11-23,7.704792,7.735859,7.673724,7.673724,0.784368,852300
1990-11-26,7.673724,7.766927,7.549453,7.735859,0.790719,2931400
1990-11-27,7.797995,7.860130,7.735859,7.829062,0.800246,1499000
1990-11-28,7.829062,7.829062,7.766927,7.797995,0.797070,1041000
1990-11-29,7.766927,7.766927,7.611588,7.704792,0.787544,2345000
1990-11-30,7.704792,7.829062,7.673724,7.766927,0.793894,2294000
1990-12-03,7.766927,7.797995,7.704792,7.735859,0.790719,2740600
1990-12-04,7.735859,7.797995,7.704792,7.766927,0.793894,3257300
1990-12-05,7.735859,7.797995,7.704792,7.797995,0.797070,1853100
1990-12-06,7.829062,7.891198,7.549453,7.580521,0.774841,10404600
1990-12-07,7.642656,7.673724,7.580521,7.611588,0.778017,2237300
1990-12-10,7.642656,7.642656,7.580521,7.642656,0.781192,1567100
1990-12-11,7.642656,7.673724,7.580521,7.611588,0.778017,1118500
1990-12-12,7.642656,7.673724,7.611588,7.673724,0.784368,1341100
1990-12-13,7.642656,7.673724,7.611588,7.611588,0.778017,1228400
1990-12-14,7.642656,7.673724,7.518385,7.549453,0.771665,2250100
1990-12-17,7.549453,7.611588,7.518385,7.611588,0.778017,1311900
1990-12-18,7.580521,7.704792,7.518385,7.611588,0.778017,1802500
1990-12-19,7.642656,7.673724,7.549453,7.580521,0.774841,1908100
1990-12-20,7.549453,7.580521,7.487318,7.580521,0.774841,2054300
1990-12-21,7.580521,7.580521,7.456250,7.456250,0.762139,5627400
1990-12-24,7.487318,7.518385,7.456250,7.456250,0.762139,399600
1990-12-26,7.456250,7.549453,7.425182,7.487318,0.765314,1844000
1990-12-27,7.487318,7.549453,7.487318,7.518385,0.768490,1213000
1990-12-28,7.518385,7.549453,7.425182,7.487318,0.765314,1594300
1990-12-31,7.518385,7.580521,7.518385,7.580521,0.774841,2030800
1991-01-02,7.549453,7.549453,7.394114,7.394114,0.755788,2081100
1991-01-03,7.456250,7.456250,7.331979,7.363047,0.752612,1974500
1991-01-04,7.331979,7.363047,7.145573,7.145573,0.730383,5267700
1991-01-07,7.052370,7.145573,7.021302,7.021302,0.717681,3771300
1991-01-08,7.052370,7.207708,7.021302,7.176641,0.733559,2637300
1991-01-09,7.238776,7.269844,7.052370,7.114505,0.727207,2469700
1991-01-10,7.114505,7.145573,7.083437,7.145573,0.730383,1491700
1991-01-11,7.083437,7.114505,6.959167,7.021302,0.717681,3215400
1991-01-14,6.897031,6.959167,6.803828,6.803828,0.695451,4245400
1991-01-15,6.834896,6.928099,6.772760,6.834896,0.698627,2442900
1991-01-16,6.803828,6.834896,6.741693,6.741693,0.689101,2782900
1991-01-17,6.928099,7.021302,6.772760,6.928099,0.708154,4989400
1991-01-18,6.897031,7.176641,6.897031,7.052370,0.720856,7322000
1991-01-21,6.959167,7.052370,6.928099,7.021302,0.717681,2006700
1991-01-22,6.990234,7.021302,6.928099,6.990234,0.714505,1694500
1991-01-23,6.959167,7.052370,6.928099,7.052370,0.720856,3170400
1991-01-24,7.052370,7.145573,7.021302,7.145573,0.730383,2967300
1991-01-25,7.145573,7.176641,6.959167,7.145573,0.730383,3829600
1991-01-28,7.145573,7.145573,7.083437,7.083437,0.724032,1413500
1991-01-29,7.021302,7.114505,6.959167,6.990234,0.714505,1941300
1991-01-30,6.959167,7.207708,6.959167,7.176641,0.733559,2819100
1991-01-31,7.176641,7.766927,7.176641,7.766927,0.793894,4028800
1991-02-01,7.673724,7.704792,7.238776,7.331979,0.749436,17398100
1991-02-04,7.300911,7.300911,7.021302,7.238776,0.777000,4218600
1991-02-05,7.269844,7.363047,7.207708,7.269844,0.780335,4770800
1991-02-06,7.238776,7.518385,7.176641,7.487318,0.803679,6963900
1991-02-07,7.518385,7.766927,7.487318,7.611588,0.817018,5226800
1991-02-08,7.549453,7.611588,7.456250,7.549453,0.810348,1811500
1991-02-11,7.642656,7.735859,7.580521,7.580521,0.813683,4398900
1991-02-12,7.580521,7.642656,7.487318,7.518385,0.807014,3525500
1991-02-13,7.518385,7.735859,7.518385,7.673724,0.823688,3173800
1991-02-14,7.611588,7.673724,7.456250,7.580521,0.813683,3100400
1991-02-15,7.456250,7.642656,7.456250,7.642656,0.820353,5837300
1991-02-19,7.580521,7.642656,7.518385,7.549453,0.810348,2873700
1991-02-20,7.487318,7.518385,7.394114,7.394114,0.793675,3046700
1991-02-21,7.394114,7.518385,7.394114,7.487318,0.803679,1995600
1991-02-22,7.456250,7.611588,7.394114,7.456250,0.800344,1534900
1991-02-25,7.580521,7.580521,7.456250,7.549453,0.810348,3363600
1991-02-26,7.518385,7.735859,7.518385,7.735859,0.830357,4055600
1991-02-27,7.766927,7.891198,7.735859,7.891198,0.847031,4261500
1991-02-28,7.891198,7.922266,7.611588,7.673724,0.823688,3198900
1991-03-01,7.580521,7.642656,7.487318,7.580521,0.813683,6564900
1991-03-04,7.611588,7.642656,7.549453,7.611588,0.817018,3044400
1991-03-05,7.580521,7.735859,7.549453,7.704792,0.827022,4258100
1991-03-06,7.766927,7.860130,7.704792,7.735859,0.830357,3303200
1991-03-07,7.704792,7.766927,7.611588,7.642656,0.820353,1751500
1991-03-08,7.611588,7.673724,7.549453,7.642656,0.820353,2741300
1991-03-11,7.611588,7.642656,7.518385,7.580521,0.813683,2436500
1991-03-12,7.580521,7.611588,7.518385,7.549453,0.810348,2322500
1991-03-13,7.518385,7.580521,7.456250,7.518385,0.807014,2352000
1991-03-14,7.487318,7.549453,7.394114,7.456250,0.800344,5061800
1991-03-15,7.456250,7.487318,7.363047,7.456250,0.800344,4737900
1991-03-18,7.363047,7.518385,7.363047,7.518385,0.807014,1695200
1991-03-19,7.425182,7.487318,7.394114,7.456250,0.800344,2253800
1991-03-20,7.487318,7.611588,7.487318,7.611588,0.817018,3234100
1991-03-21,7.611588,7.611588,7.425182,7.518385,0.807014,2197100
1991-03-22,7.611588,7.642656,7.487318,7.518385,0.807014,3390100
1991-03-25,7.549453,7.673724,7.518385,7.642656,0.820353,3247200
1991-03-26,7.611588,7.642656,7.549453,7.611588,0.817018,3020600
1991-03-27,7.611588,7.953333,7.611588,7.953333,0.853701,6372100
1991-03-28,7.922266,7.953333,7.642656,7.704792,0.827022,5005100
1991-04-01,7.642656,7.673724,7.549453,7.673724,0.823688,2785200
1991-04-02,7.642656,7.797995,7.642656,7.735859,0.830357,3145300
1991-04-03,7.797995,7.860130,7.704792,7.704792,0.827022,4061600
1991-04-04,7.704792,7.829062,7.611588,7.735859,0.830357,3538900
1991-04-05,7.766927,7.922266,7.704792,7.891198,0.847031,4436800
1991-04-08,7.953333,8.139740,7.891198,8.108672,0.870374,4867700
1991-04-09,8.108672,8.139740,7.953333,8.015469,0.860370,3839700
1991-04-10,8.077604,8.264010,8.046536,8.170807,0.877044,7477900
1991-04-11,8.264010,8.326146,8.201875,8.201875,0.880379,6309800
1991-04-12,8.326146,8.388281,8.264010,8.357214,0.897052,7793700
1991-04-15,8.388281,8.605755,8.388281,8.605755,0.923730,7020900
1991-04-16,8.605755,8.605755,8.326146,8.419349,0.903722,5616700
1991-04-17,8.450417,8.450417,8.295078,8.357214,0.897052,3342400
1991-04-18,8.295078,8.357214,8.264010,8.326146,0.893717,3065800
1991-04-19,8.232943,8.326146,8.201875,8.264010,0.887048,4993700
1991-04-22,8.201875,8.232943,8.015469,8.015469,0.860370,4331600
1991-04-23,7.953333,8.170807,7.953333,8.108672,0.870374,2703100
1991-04-24,8.046536,8.108672,8.015469,8.108672,0.870374,1330700
1991-04-25,8.046536,8.170807,8.015469,8.108672,0.870374,2165900
1991-04-26,8.077604,8.139740,8.046536,8.046536,0.863705,2491500
1991-04-29,8.015469,8.046536,7.891198,7.922266,0.850366,2288000
1991-04-30,7.797995,7.891198,7.766927,7.797995,0.875715,3341400
1991-05-01,7.797995,7.922266,7.704792,7.922266,0.889671,6031100
1991-05-02,7.891198,8.046536,7.891198,7.953333,0.893160,2121000
1991-05-03,7.891198,8.201875,7.860130,8.170807,0.917582,5473900
1991-05-06,8.139740,8.170807,8.046536,8.170807,0.917582,2432100
1991-05-07,8.388281,8.425563,8.127313,8.127313,0.912697,2524300
1991-05-08,8.127313,8.164594,8.015469,8.127313,0.912697,2771500
1991-05-09,8.201875,8.239157,8.164594,8.201875,0.921071,1581500
1991-05-10,8.239157,8.239157,7.978188,8.015469,0.900137,1461800
1991-05-13,8.015469,8.015469,7.791781,7.829062,0.879204,986000
1991-05-14,7.791781,7.791781,7.456250,7.493531,0.841524,119180200
1991-05-15,7.493531,7.530812,7.456250,7.493531,0.841524,22775500
1991-05-16,7.530812,7.568094,7.232563,7.568094,0.849897,3066500
1991-05-17,7.530812,7.530812,7.493531,7.493531,0.841524,195100
1991-05-20,7.493531,7.530812,7.493531,7.530812,0.845711,1176100
1991-05-21,7.493531,7.530812,7.456250,7.493531,0.841524,37441400
1991-05-22,7.530812,7.679937,7.493531,7.642656,0.858270,7045700
1991-05-23,7.642656,7.642656,7.493531,7.493531,0.841524,4123700
1991-05-24,7.530812,7.642656,7.530812,7.605375,0.854084,2079100
1991-05-28,7.605375,7.605375,7.530812,7.530812,0.845711,1465200
1991-05-29,7.568094,7.605375,7.530812,7.568094,0.849897,4086800
1991-05-30,7.605375,7.679937,7.568094,7.605375,0.854084,2631000
1991-05-31,7.642656,7.679937,7.605375,7.642656,0.858270,1799100
1991-06-03,7.679937,7.791781,7.642656,7.791781,0.875017,2939400
1991-06-04,7.717219,7.791781,7.679937,7.717219,0.866644,1232500
1991-06-05,7.717219,7.754500,7.605375,7.605375,0.854084,2097200
1991-06-06,7.642656,7.717219,7.568094,7.605375,0.854084,2890100
1991-06-07,7.605375,7.605375,7.530812,7.568094,0.849897,1662600
1991-06-10,7.605375,7.642656,7.493531,7.493531,0.841524,1618400
1991-06-11,7.530812,7.568094,7.493531,7.530812,0.845711,1151000
1991-06-12,7.493531,7.530812,7.269844,7.269844,0.816403,2544800
1991-06-13,7.269844,7.307125,7.158000,7.195281,0.808030,2172300
1991-06-14,7.195281,7.232563,7.083437,7.120719,0.799657,2788600
1991-06-17,7.120719,7.195281,7.083437,7.158000,0.803843,3820600
1991-06-18,7.158000,7.269844,7.120719,7.120719,0.799657,2460600
1991-06-19,7.120719,7.158000,7.008875,7.008875,0.787097,2526400
1991-06-20,6.934312,7.046156,6.934312,6.934312,0.778724,2030800
1991-06-21,6.971594,7.083437,6.971594,6.971594,0.782910,2606800
1991-06-24,6.971594,6.971594,6.785188,6.822469,0.766164,3661600
1991-06-25,6.859750,6.934312,6.822469,6.897031,0.774537,2095800
1991-06-26,6.934312,6.971594,6.822469,6.822469,0.766164,2110900
1991-06-27,6.859750,6.897031,6.785188,6.785188,0.761977,2119000
1991-06-28,6.747906,6.785188,6.636063,6.710625,0.753603,2461600
1991-07-01,6.785188,6.934312,6.747906,6.934312,0.778724,1984200
1991-07-02,6.897031,6.934312,6.859750,6.897031,0.774537,1498400
1991-07-03,6.822469,6.897031,6.747906,6.822469,0.766164,1343500
1991-07-05,6.785188,6.859750,6.747906,6.785188,0.761977,512300
1991-07-08,6.785188,7.046156,6.747906,7.046156,0.791283,1684100
1991-07-09,7.158000,7.195281,7.083437,7.158000,0.803843,4586000
1991-07-10,7.232563,7.307125,7.195281,7.232563,0.812217,3309900
1991-07-11,7.307125,7.418969,7.232563,7.381688,0.828964,3025300
1991-07-12,7.381688,7.381688,7.269844,7.381688,0.828964,939800
1991-07-15,7.456250,7.530812,7.418969,7.456250,0.837337,3546600
1991-07-16,7.493531,7.605375,7.493531,7.568094,0.849897,2794900
1991-07-17,7.568094,7.754500,7.568094,7.679937,0.862457,5881300
1991-07-18,7.754500,7.754500,7.679937,7.717219,0.866644,4303100
1991-07-19,7.717219,7.754500,7.642656,7.642656,0.858270,2567600
1991-07-22,7.642656,7.679937,7.568094,7.568094,0.849897,3020900
1991-07-23,7.568094,7.605375,7.381688,7.381688,0.828964,2560900
1991-07-24,7.381688,7.493531,7.344406,7.344406,0.824777,1519800
1991-07-25,7.418969,7.568094,7.344406,7.568094,0.849897,2103900
1991-07-26,7.530812,7.679937,7.493531,7.642656,0.858270,1857800
1991-07-29,7.679937,7.717219,7.605375,7.679937,0.862457,1549700
1991-07-30,7.679937,7.679937,7.568094,7.605375,0.854084,3240500
1991-07-31,7.605375,7.642656,7.530812,7.568094,0.849897,2002000
1991-08-01,7.568094,7.791781,7.530812,7.717219,0.866644,6018700
1991-08-02,7.829062,8.239157,7.791781,8.239157,0.925257,15697500
1991-08-05,8.127313,8.239157,8.090032,8.127313,0.953189,4636300
1991-08-06,8.127313,8.164594,7.978188,8.164594,0.957561,3570400
1991-08-07,8.239157,8.276438,8.164594,8.239157,0.966306,3114800
1991-08-08,8.239157,8.462844,8.239157,8.425563,0.988168,5726700
1991-08-09,8.462844,8.500125,8.388281,8.462844,0.992541,3902400
1991-08-12,8.425563,8.462844,8.239157,8.313719,0.975051,3230100
1991-08-13,8.351000,8.388281,8.239157,8.313719,0.975051,2664800
1991-08-14,8.313719,8.388281,8.239157,8.276438,0.970679,3181200
1991-08-15,8.351000,8.537406,8.313719,8.500125,0.996913,4720800
1991-08-16,8.649250,8.723812,8.611969,8.649250,1.014403,6217600
1991-08-19,8.574688,8.686531,8.500125,8.649250,1.014403,6909600
1991-08-20,8.686531,8.686531,8.574688,8.611969,1.010030,5699900
1991-08-21,8.574688,8.910219,8.574688,8.798375,1.031892,6499500
1991-08-22,8.947500,9.171187,8.872937,9.133906,1.071245,7363200
1991-08-23,9.208468,9.469438,9.208468,9.357594,1.097479,8887100
1991-08-26,9.283031,9.394875,9.208468,9.245750,1.084361,5651200
1991-08-27,9.245750,9.283031,9.096625,9.096625,1.066872,4606800
1991-08-28,9.171187,9.506719,9.096625,9.506719,1.114968,6022700
1991-08-29,9.693125,9.842250,9.618563,9.842250,1.154320,12981700
1991-08-30,9.804969,9.804969,9.730406,9.767688,1.145576,2946500
1991-09-03,9.693125,9.767688,9.432157,9.469438,1.110596,4121700
1991-09-04,9.432157,9.506719,9.357594,9.469438,1.110596,2654400
1991-09-05,9.394875,9.469438,9.171187,9.245750,1.084361,2160900
1991-09-06,9.096625,9.283031,9.022062,9.208468,1.079989,2332600
1991-09-09,9.208468,9.394875,9.133906,9.245750,1.084361,2233600
1991-09-10,9.320313,9.357594,9.133906,9.208468,1.079989,1856400
1991-09-11,9.245750,9.245750,9.096625,9.171187,1.075617,1226400
1991-09-12,9.096625,9.171187,9.059343,9.171187,1.075617,2101200
1991-09-13,9.171187,9.171187,9.022062,9.133906,1.071245,2049600
1991-09-16,9.096625,9.469438,9.096625,9.394875,1.101851,2066000
1991-09-17,9.432157,9.432157,9.245750,9.245750,1.084361,1259600
1991-09-18,9.245750,9.432157,9.245750,9.432157,1.106224,1966400
1991-09-19,9.394875,9.544000,9.394875,9.432157,1.106224,1927900
1991-09-20,9.506719,9.581282,9.432157,9.506719,1.114968,3330400
1991-09-23,9.432157,9.469438,9.283031,9.320313,1.093107,2439800
1991-09-24,9.394875,9.581282,9.357594,9.581282,1.123714,3180200
1991-09-25,9.693125,9.693125,9.171187,9.432157,1.106224,6752000
1991-09-26,9.394875,9.506719,9.357594,9.432157,1.106224,2808700
1991-09-27,9.357594,9.693125,9.171187,9.394875,1.101851,9111400
1991-09-30,9.394875,9.394875,9.208468,9.208468,1.079989,3144600
1991-10-01,9.208468,9.208468,9.022062,9.133906,1.071245,2494500
1991-10-02,9.133906,9.357594,9.096625,9.283031,1.088735,2526400
1991-10-03,9.245750,9.320313,9.133906,9.171187,1.075617,1665300
1991-10-04,9.171187,9.283031,9.171187,9.208468,1.079989,922000
1991-10-07,9.096625,9.245750,8.984781,9.171187,1.075617,1890300
1991-10-08,9.133906,9.171187,9.022062,9.096625,1.066872,1501700
1991-10-09,9.096625,9.133906,9.022062,9.096625,1.066872,2272900
1991-10-10,9.133906,9.171187,9.059343,9.171187,1.075617,1786700
1991-10-11,9.171187,9.171187,8.872937,8.984781,1.053755,3092000
1991-10-14,9.022062,9.245750,8.984781,9.208468,1.079989,1758200
1991-10-15,9.208468,9.469438,9.133906,9.469438,1.110596,2790600
1991-10-16,9.469438,9.879531,9.432157,9.730406,1.141204,7321700
1991-10-17,9.655844,9.693125,9.581282,9.618563,1.128085,1724000
1991-10-18,9.544000,9.618563,9.320313,9.394875,1.101851,2222200
1991-10-21,9.320313,9.618563,9.245750,9.544000,1.119341,1839300
1991-10-22,9.618563,9.693125,9.506719,9.544000,1.119341,1961700
1991-10-23,8.798375,9.059343,8.686531,8.910219,1.045010,10150500
1991-10-24,8.835656,8.947500,8.761094,8.872937,1.040637,4146800
1991-10-25,8.872937,8.910219,8.835656,8.872937,1.040637,2188000
1991-10-28,8.910219,8.984781,8.835656,8.910219,1.045010,2817400
1991-10-29,8.910219,8.910219,8.574688,8.611969,1.010030,3359900
1991-10-30,8.761094,8.872937,8.723812,8.872937,1.040637,3679400
1991-10-31,8.910219,8.984781,8.872937,8.910219,1.045010,2249400
1991-11-01,8.872937,9.133906,8.872937,9.133906,1.071245,4575600
1991-11-04,8.984781,8.984781,8.798375,8.947500,1.091196,1100400
1991-11-05,8.984781,8.984781,8.798375,8.835656,1.077555,689300
1991-11-06,8.649250,8.649250,8.388281,8.388281,1.022996,4725500
1991-11-07,8.425563,8.574688,8.425563,8.537406,1.041183,3970100
1991-11-08,8.574688,8.686531,8.388281,8.388281,1.022996,1319600
1991-11-11,8.425563,8.500125,8.351000,8.388281,1.022996,893800
1991-11-12,8.500125,8.798375,8.462844,8.761094,1.068462,2465700
1991-11-13,8.761094,9.022062,8.686531,9.022062,1.100289,1784400
1991-11-14,9.059343,9.059343,8.798375,8.835656,1.077555,1926500
1991-11-15,8.761094,8.798375,8.574688,8.574688,1.045730,1985500
1991-11-18,8.574688,8.835656,8.500125,8.574688,1.045730,2133700
1991-11-19,8.537406,8.537406,8.313719,8.388281,1.022996,2408000
1991-11-20,8.425563,8.500125,8.276438,8.276438,1.009356,2187400
1991-11-21,8.239157,8.351000,8.201875,8.313719,1.013902,1244900
1991-11-22,8.313719,8.388281,8.164594,8.164594,0.995716,1553700
1991-11-25,8.164594,8.164594,7.978188,8.090032,0.986623,1691800
1991-11-26,8.276438,8.313719,7.866344,8.276438,1.009356,3218100
1991-11-27,8.239157,8.388281,8.164594,8.388281,1.022996,1209700
1991-11-29,8.276438,8.313719,8.052750,8.052750,0.982076,724500
1991-12-02,7.829062,8.127313,7.791781,7.829062,0.954796,2013700
1991-12-03,7.381688,7.530812,7.232563,7.269844,0.886596,11643200
1991-12-04,7.344406,7.530812,7.269844,7.456250,0.909330,4804300
1991-12-05,7.456250,7.568094,7.418969,7.493531,0.913876,2525300
1991-12-06,7.456250,7.568094,7.344406,7.381688,0.900237,2561900
1991-12-09,7.344406,7.381688,7.083437,7.083437,0.863863,2808700
1991-12-10,7.083437,7.120719,6.710625,6.934312,0.845677,6808000
1991-12-11,6.971594,7.083437,6.710625,6.785188,0.827490,4512300
1991-12-12,6.897031,7.046156,6.710625,6.710625,0.818397,3934900
1991-12-13,6.785188,6.785188,6.486938,6.598781,0.804756,9560100
1991-12-16,6.822469,6.859750,6.636063,6.673344,0.813850,4430100
1991-12-17,6.561500,6.561500,6.225969,6.337812,0.772930,6792600
1991-12-18,6.412375,6.598781,6.263250,6.561500,0.800210,7393100
1991-12-19,6.561500,6.636063,6.337812,6.337812,0.772930,5833300
1991-12-20,6.412375,6.673344,6.337812,6.636063,0.809303,5474200
1991-12-23,6.636063,7.046156,6.636063,7.008875,0.854770,2618200
1991-12-24,6.934312,6.971594,6.710625,6.747906,0.822943,1266000
1991-12-26,6.747906,6.822469,6.524219,6.747906,0.822943,2076700
1991-12-27,6.710625,6.822469,6.636063,6.710625,0.818397,1585900
1991-12-30,6.747906,6.859750,6.710625,6.822469,0.832036,4601800
1991-12-31,6.822469,7.307125,6.822469,7.307125,0.891143,4688000
1992-01-02,7.269844,7.269844,6.971594,7.232563,0.882050,2626900
1992-01-03,7.158000,7.381688,7.158000,7.269844,0.886596,2808000
1992-01-06,7.158000,7.158000,6.710625,6.822469,0.832036,5146000
1992-01-07,6.822469,7.008875,6.636063,6.710625,0.818397,3782700
1992-01-08,6.636063,6.710625,6.412375,6.449656,0.786570,6932100
1992-01-09,6.449656,6.636063,6.412375,6.636063,0.809303,5617700
1992-01-10,6.636063,6.636063,6.486938,6.524219,0.795663,4613900
1992-01-13,6.486938,6.561500,6.486938,6.524219,0.795663,2887800
1992-01-14,6.561500,6.673344,6.524219,6.673344,0.813850,5320300
1992-01-15,6.747906,6.934312,6.598781,6.934312,0.845677,26498500
1992-01-16,7.008875,7.083437,6.785188,7.008875,0.854770,7949300
1992-01-17,7.083437,7.120719,6.971594,7.120719,0.868410,5950700
1992-01-20,7.083437,7.120719,7.008875,7.046156,0.859316,3404500
1992-01-21,7.083437,7.158000,6.934312,7.158000,0.872956,5354900
1992-01-22,7.120719,7.158000,6.971594,7.083437,0.863863,3609700
1992-01-23,7.046156,7.046156,6.934312,6.971594,0.850223,2066700
1992-01-24,6.971594,7.083437,6.934312,7.046156,0.859316,3145000
1992-01-27,7.083437,7.083437,6.971594,7.008875,0.854770,2673500
1992-01-28,7.046156,7.083437,6.934312,7.046156,0.859316,2674200
1992-01-29,7.008875,7.046156,6.859750,6.859750,0.836583,2768100
1992-01-30,6.897031,6.934312,6.785188,6.785188,0.827490,5115100
1992-01-31,6.785188,6.897031,6.785188,6.859750,0.836583,5600600
1992-02-03,6.710625,6.710625,6.636063,6.673344,0.857607,2001600
1992-02-04,6.598781,6.785188,6.598781,6.747906,0.867189,2029800
1992-02-05,6.710625,6.785188,6.636063,6.710625,0.862398,2365100
1992-02-06,6.673344,6.971594,6.636063,6.710625,0.862398,2396300
1992-02-07,6.673344,6.897031,6.636063,6.822469,0.876771,2536400
1992-02-10,7.046156,7.083437,6.934312,7.008875,0.900727,3817200
1992-02-11,7.083437,7.120719,6.785188,7.083437,0.910309,2760100
1992-02-12,7.120719,7.307125,7.083437,7.232563,0.929474,5019600
1992-02-13,7.269844,7.269844,7.120719,7.158000,0.919891,2155900
1992-02-14,7.158000,7.158000,6.971594,7.008875,0.900727,2490800
1992-02-18,6.971594,6.971594,6.859750,6.934312,0.891145,1796800
1992-02-19,6.822469,6.897031,6.747906,6.897031,0.886354,2343600
1992-02-20,6.785188,6.822469,6.636063,6.710625,0.862398,3259300
1992-02-21,6.710625,6.859750,6.598781,6.636063,0.852816,4818700
1992-02-24,6.636063,6.710625,6.598781,6.710625,0.862398,2212900
1992-02-25,6.710625,6.785188,6.636063,6.785188,0.871980,3060100
1992-02-26,6.785188,6.785188,6.636063,6.710625,0.862398,2137400
1992-02-27,6.710625,6.897031,6.673344,6.785188,0.871980,3124500
1992-02-28,6.822469,7.046156,6.822469,6.822469,0.876771,3933200
1992-03-02,6.859750,6.934312,6.785188,6.859750,0.881563,1222100
1992-03-03,6.897031,6.971594,6.822469,6.934312,0.891145,1437700
1992-03-04,6.934312,6.934312,6.710625,6.747906,0.867189,1529500
1992-03-05,6.710625,6.822469,6.561500,6.636063,0.852816,2768400
1992-03-06,6.636063,6.822469,6.561500,6.747906,0.867189,7134200
1992-03-09,6.710625,6.710625,6.636063,6.710625,0.862398,1210000
1992-03-10,6.710625,6.710625,6.561500,6.598781,0.848025,1625100
1992-03-11,6.561500,6.561500,6.449656,6.486938,0.833651,2593400
1992-03-12,6.449656,6.486938,6.300531,6.412375,0.824069,3624400
1992-03-13,6.449656,6.524219,6.300531,6.486938,0.833651,3897400
1992-03-16,6.449656,6.486938,6.300531,6.375094,0.819278,3708900
1992-03-17,6.375094,6.412375,6.263250,6.300531,0.809696,1750200
1992-03-18,6.300531,6.412375,6.300531,6.375094,0.819278,2392900
1992-03-19,6.375094,6.375094,6.225969,6.263250,0.804905,3690100
1992-03-20,6.337812,6.337812,6.225969,6.300531,0.809696,3965100
1992-03-23,6.225969,6.337812,6.225969,6.300531,0.809696,1867200
1992-03-24,6.263250,6.300531,6.151406,6.225969,0.800114,1864200
1992-03-25,6.300531,6.375094,6.300531,6.337812,0.814487,2296000
1992-03-26,6.337812,6.449656,6.300531,6.412375,0.824069,1834000
1992-03-27,6.449656,6.449656,6.188687,6.225969,0.800114,2703400
1992-03-30,6.225969,6.225969,6.039563,6.151406,0.790531,1605300
1992-03-31,6.114125,6.151406,5.965000,5.965000,0.766577,2797900
1992-04-01,5.965000,6.039563,5.890438,6.002281,0.771367,3811900
1992-04-02,6.002281,6.039563,5.890438,5.965000,0.766577,2670200
1992-04-03,5.890438,6.188687,5.778594,6.188687,0.795322,5382000
1992-04-06,6.300531,6.636063,6.300531,6.598781,0.848025,5589600
1992-04-07,6.561500,6.598781,6.337812,6.412375,0.824069,3151700
1992-04-08,6.337812,6.337812,6.151406,6.225969,0.800114,2492500
1992-04-09,6.263250,6.449656,6.188687,6.263250,0.804905,1572800
1992-04-10,6.337812,6.337812,6.151406,6.188687,0.795322,3146300
1992-04-13,6.188687,6.225969,6.151406,6.188687,0.795322,1235200
1992-04-14,6.151406,6.337812,6.151406,6.300531,0.809696,1967100
1992-04-15,6.375094,6.412375,6.151406,6.225969,0.800114,2689600
1992-04-16,6.263250,6.449656,6.188687,6.375094,0.819278,2421100
1992-04-20,6.375094,6.375094,6.151406,6.225969,0.800114,1727000
1992-04-21,6.151406,6.225969,6.151406,6.188687,0.795322,1211000
1992-04-22,6.188687,6.225969,6.151406,6.151406,0.790531,1321700
1992-04-23,6.151406,6.188687,6.039563,6.114125,0.785741,1841700
1992-04-24,6.076844,6.300531,6.002281,6.188687,0.795322,2989700
1992-04-27,6.188687,6.375094,6.188687,6.300531,0.809696,1942300
1992-04-28,6.375094,6.561500,6.337812,6.524219,0.838442,2903900
1992-04-29,6.561500,6.636063,6.524219,6.561500,0.843234,2593100
1992-04-30,6.561500,6.859750,6.561500,6.859750,0.881563,3443700
1992-05-01,6.859750,6.934312,6.710625,6.859750,0.881563,6328200
1992-05-04,6.747906,6.822469,6.747906,6.822469,0.923912,1954700
1992-05-05,6.785188,6.934312,6.785188,6.897031,0.934009,3366900
1992-05-06,6.859750,6.971594,6.822469,6.897031,0.934009,2307100
1992-05-07,6.934312,6.934312,6.822469,6.859750,0.928961,1870200
1992-05-08,6.859750,6.897031,6.785188,6.822469,0.923912,1951000
1992-05-11,6.822469,6.822469,6.673344,6.710625,0.908765,1301200
1992-05-12,6.673344,6.710625,6.598781,6.598781,0.893619,1414900
1992-05-13,6.636063,6.636063,6.486938,6.524219,0.883522,1293500
1992-05-14,6.486938,6.561500,6.449656,6.486938,0.878473,1557400
1992-05-15,6.486938,6.561500,6.486938,6.486938,0.878473,1359200
1992-05-18,6.561500,6.561500,6.524219,6.561500,0.888571,993700
1992-05-19,6.710625,6.822469,6.636063,6.636063,0.898668,1663300
1992-05-20,6.636063,6.636063,6.486938,6.486938,0.878473,994800
1992-05-21,6.449656,6.598781,6.337812,6.561500,0.888571,1958700
1992-05-22,6.524219,6.785188,6.524219,6.636063,0.898668,3673700
1992-05-26,6.934312,7.158000,6.822469,7.120719,0.964301,8129000
1992-05-27,7.083437,7.568094,6.897031,6.897031,0.934009,2805600
1992-05-28,6.971594,7.046156,6.897031,7.046156,0.954204,1431600
1992-05-29,7.083437,7.083437,7.008875,7.046156,0.954204,2760100
1992-06-01,7.008875,7.120719,7.008875,7.120719,0.964301,2521000
1992-06-02,7.120719,7.120719,6.934312,6.934312,0.939058,1735100
1992-06-03,6.934312,7.046156,6.934312,6.971594,0.944106,1507100
1992-06-04,7.083437,7.158000,6.971594,7.046156,0.954204,3243900
1992-06-05,7.008875,7.083437,6.971594,7.083437,0.959252,1754500
1992-06-08,7.083437,7.120719,7.046156,7.120719,0.964301,988400
1992-06-09,7.120719,7.120719,6.971594,7.046156,0.954204,1868900
1992-06-10,7.046156,7.120719,6.971594,7.008875,0.949155,2132700
1992-06-11,6.971594,7.008875,6.859750,6.934312,0.939058,1101000
1992-06-12,6.934312,7.008875,6.859750,6.859750,0.928961,1091300
1992-06-15,6.859750,7.008875,6.859750,7.008875,0.949155,1409200
1992-06-16,7.008875,7.046156,6.934312,6.934312,0.939058,1352200
1992-06-17,6.859750,6.934312,6.747906,6.822469,0.923912,1516100
1992-06-18,6.785188,6.785188,6.636063,6.710625,0.908765,2389900
1992-06-19,6.710625,6.785188,6.710625,6.747906,0.913815,1151300
1992-06-22,6.710625,6.747906,6.636063,6.636063,0.898668,1625400
1992-06-23,6.673344,6.673344,6.412375,6.412375,0.868376,1264700
1992-06-24,6.412375,6.524219,6.375094,6.486938,0.878473,2239300
1992-06-25,6.561500,6.598781,6.412375,6.524219,0.883522,1315600
1992-06-26,6.412375,6.486938,6.412375,6.412375,0.868376,1039700
1992-06-29,6.486938,6.524219,6.300531,6.524219,0.883522,1475200
1992-06-30,6.524219,6.561500,6.375094,6.486938,0.878473,1568800
1992-07-01,6.486938,6.524219,6.300531,6.337812,0.858279,1829000
1992-07-02,6.412375,6.486938,6.337812,6.486938,0.878473,1718000
1992-07-06,6.449656,6.449656,6.263250,6.449656,0.873424,2207800
1992-07-07,6.375094,6.449656,6.300531,6.300531,0.853230,2132700
1992-07-08,6.337812,6.412375,6.337812,6.375094,0.863327,1231100
1992-07-09,6.375094,6.486938,6.375094,6.449656,0.873424,1504400
1992-07-10,6.486938,6.524219,6.412375,6.486938,0.878473,899900
1992-07-13,6.524219,6.598781,6.412375,6.561500,0.888571,737300
1992-07-14,6.561500,6.747906,6.561500,6.747906,0.913815,3740400
1992-07-15,6.747906,6.785188,6.636063,6.747906,0.913815,3009200
1992-07-16,6.710625,6.785188,6.636063,6.710625,0.908765,915600
1992-07-17,6.710625,6.710625,6.486938,6.561500,0.888571,1573800
1992-07-20,6.412375,6.561500,6.375094,6.524219,0.883522,1431000
1992-07-21,6.524219,6.710625,6.486938,6.673344,0.903717,1697200
1992-07-22,6.636063,6.785188,6.636063,6.710625,0.908765,2126700
1992-07-23,6.710625,6.747906,6.598781,6.636063,0.898668,1652900
1992-07-24,6.598781,6.747906,6.598781,6.673344,0.903717,1749800
1992-07-27,6.673344,6.710625,6.524219,6.636063,0.898668,1021200
1992-07-28,6.598781,6.785188,6.375094,6.524219,0.883522,5775300
1992-07-29,6.486938,6.636063,6.486938,6.598781,0.893619,3139300
1992-07-30,6.524219,6.561500,6.449656,6.524219,0.883522,2962200
1992-07-31,6.561500,6.561500,6.337812,6.412375,0.868376,4732200
1992-08-03,6.375094,6.375094,6.225969,6.263250,0.897150,4985700
1992-08-04,6.263250,6.263250,6.151406,6.188687,0.886469,3280100
1992-08-05,6.188687,6.225969,6.039563,6.076844,0.870448,3541900
1992-08-06,6.114125,6.114125,6.039563,6.076844,0.870448,1505100
1992-08-07,6.188687,6.188687,6.076844,6.151406,0.881129,1511400
1992-08-10,6.151406,6.188687,6.039563,6.076844,0.870448,1195600
1992-08-11,6.039563,6.076844,6.002281,6.076844,0.870448,1991200
1992-08-12,6.039563,6.039563,5.927719,5.965000,0.854428,3186200
1992-08-13,5.965000,5.965000,5.853156,5.927719,0.849088,3219100
1992-08-14,5.853156,5.927719,5.853156,5.927719,0.849088,1687100
1992-08-17,5.927719,6.002281,5.927719,5.965000,0.854428,2530400
1992-08-18,5.965000,5.965000,5.890438,5.965000,0.854428,1386000
1992-08-19,5.927719,5.927719,5.666750,5.666750,0.811706,4504200
1992-08-20,5.704031,5.741313,5.480344,5.592187,0.801026,5128900
1992-08-21,5.554906,5.592187,5.293938,5.554906,0.795686,11625400
1992-08-24,5.517625,5.778594,5.517625,5.666750,0.811706,3534600
1992-08-25,5.704031,5.778594,5.629469,5.741313,0.822387,3286500
1992-08-26,5.778594,5.778594,5.666750,5.704031,0.817047,2564600
1992-08-27,5.666750,5.704031,5.443062,5.480344,0.785005,2350000
1992-08-28,5.480344,5.666750,5.443062,5.629469,0.806366,2616200
1992-08-31,5.629469,5.704031,5.592187,5.704031,0.817047,1453800
1992-09-01,5.704031,5.704031,5.554906,5.592187,0.801026,1658000
1992-09-02,5.629469,5.629469,5.554906,5.629469,0.806366,936700
1992-09-03,5.629469,5.629469,5.480344,5.480344,0.785005,2664500
1992-09-04,5.443062,5.517625,5.405781,5.443062,0.779665,3359500
1992-09-08,5.443062,5.517625,5.405781,5.405781,0.774325,1877200
1992-09-09,5.405781,5.592187,5.405781,5.517625,0.790346,1874200
1992-09-10,5.592187,5.666750,5.554906,5.629469,0.806366,2111900
1992-09-11,5.592187,5.629469,5.554906,5.592187,0.801026,892200
1992-09-14,5.629469,5.629469,5.368500,5.517625,0.790346,3730000
1992-09-15,5.480344,5.629469,5.443062,5.592187,0.801026,4774100
1992-09-16,5.517625,5.704031,5.517625,5.592187,0.801026,3304600
1992-09-17,5.592187,5.666750,5.554906,5.554906,0.795686,1991200
1992-09-18,5.554906,5.592187,5.517625,5.592187,0.801026,1500700
1992-09-21,5.592187,5.592187,5.554906,5.592187,0.801026,1313900
1992-09-22,5.592187,5.629469,5.480344,5.480344,0.785005,1767300
1992-09-23,5.517625,5.554906,5.443062,5.517625,0.790346,1445400
1992-09-24,5.517625,5.629469,5.517625,5.592187,0.801026,1736700
1992-09-25,5.592187,5.629469,5.517625,5.592187,0.801026,1075900
1992-09-28,5.592187,5.666750,5.592187,5.666750,0.811706,2094500
1992-09-29,5.666750,5.666750,5.554906,5.592187,0.801026,1214400
1992-09-30,5.629469,5.666750,5.554906,5.592187,0.801026,1883900
1992-10-01,5.592187,5.629469,5.480344,5.554906,0.795686,1890000
1992-10-02,5.517625,5.517625,5.368500,5.368500,0.768985,1763200
1992-10-05,5.368500,5.368500,5.182094,5.256656,0.752964,4731200
1992-10-06,5.293938,5.331219,5.107531,5.182094,0.742284,3378000
1992-10-07,5.219375,5.219375,5.070250,5.107531,0.731604,2387500
1992-10-08,5.144813,5.219375,5.070250,5.107531,0.731604,3227100
1992-10-09,5.107531,5.107531,4.921125,4.958406,0.710244,3931600
1992-10-12,4.995687,5.032969,4.883844,4.958406,0.710244,2499200
1992-10-13,4.958406,5.182094,4.883844,4.921125,0.704903,3344800
1992-10-14,4.921125,4.958406,4.883844,4.921125,0.704903,3688800
1992-10-15,4.883844,4.883844,4.697437,4.809281,0.688883,4679900
1992-10-16,4.809281,4.883844,4.734719,4.883844,0.699563,2131700
1992-10-19,4.846562,5.032969,4.809281,4.921125,0.704903,2286600
1992-10-20,5.070250,5.144813,5.032969,5.107531,0.731604,3100400
1992-10-21,5.107531,5.219375,5.070250,5.144813,0.736944,1515100
1992-10-22,5.182094,5.219375,5.107531,5.182094,0.742284,1312900
1992-10-23,5.182094,5.219375,4.995687,5.032969,0.720923,1939300
1992-10-26,5.070250,5.107531,5.032969,5.107531,0.731604,1863500
1992-10-27,5.107531,5.368500,5.032969,5.368500,0.768985,6387500
1992-10-28,5.256656,5.293938,5.032969,5.144813,0.736944,5792100
1992-10-29,5.144813,5.144813,4.995687,5.032969,0.720923,2074000
1992-10-30,5.070250,5.144813,4.995687,5.107531,0.731604,2357700
1992-11-02,5.032969,5.070250,4.995687,4.995687,0.740221,1794800
1992-11-03,4.995687,5.032969,4.958406,4.958406,0.734697,2247700
1992-11-04,4.958406,4.995687,4.921125,4.958406,0.734697,2506600
1992-11-05,4.921125,5.032969,4.883844,5.032969,0.745745,2444900
1992-11-06,4.995687,5.032969,4.958406,4.958406,0.734697,1258600
1992-11-09,4.958406,4.995687,4.846562,4.846562,0.718125,1895300
1992-11-10,4.846562,4.921125,4.846562,4.921125,0.729173,2442500
1992-11-11,4.958406,4.995687,4.883844,4.958406,0.734697,2246100
1992-11-12,4.958406,5.107531,4.921125,4.995687,0.740221,4369800
1992-11-13,4.995687,5.032969,4.883844,4.921125,0.729173,2873000
1992-11-16,4.921125,4.995687,4.846562,4.883844,0.723649,1915100
1992-11-17,4.883844,4.883844,4.809281,4.809281,0.712601,2817000
1992-11-18,4.809281,4.921125,4.772000,4.809281,0.712601,6919600
1992-11-19,4.846562,4.883844,4.772000,4.809281,0.712601,4298000
1992-11-20,4.883844,4.883844,4.809281,4.846562,0.718125,1768600
1992-11-23,4.809281,4.846562,4.734719,4.846562,0.718125,3149000
1992-11-24,4.846562,4.921125,4.772000,4.846562,0.718125,2068000
1992-11-25,4.809281,4.846562,4.772000,4.846562,0.718125,1845700
1992-11-27,4.846562,4.921125,4.809281,4.846562,0.718125,1170100
1992-11-30,4.809281,4.921125,4.772000,4.921125,0.729173,2499500
1992-12-01,4.846562,4.958406,4.846562,4.958406,0.734697,2289600
1992-12-02,4.921125,4.958406,4.809281,4.809281,0.712601,2937800
1992-12-03,4.846562,4.883844,4.772000,4.809281,0.712601,2437500
1992-12-04,4.809281,4.846562,4.772000,4.846562,0.718125,2036500
1992-12-07,4.809281,4.958406,4.809281,4.958406,0.734697,3175500
1992-12-08,4.995687,4.995687,4.883844,4.921125,0.729173,2547500
1992-12-09,4.883844,4.921125,4.846562,4.846562,0.718125,1818600
1992-12-10,4.883844,4.958406,4.846562,4.921125,0.729173,2607800
1992-12-11,4.921125,4.995687,4.883844,4.883844,0.723649,1963700
1992-12-14,4.883844,4.995687,4.883844,4.958406,0.734697,2599800
1992-12-15,4.958406,5.107531,4.958406,5.070250,0.751269,3206000
1992-12-16,5.032969,5.144813,5.032969,5.070250,0.751269,2383200
1992-12-17,5.107531,5.256656,5.070250,5.256656,0.778889,2916300
1992-12-18,5.293938,5.293938,5.182094,5.293938,0.784413,3874200
1992-12-21,5.256656,5.256656,5.107531,5.256656,0.778889,2660500
1992-12-22,5.256656,5.293938,5.182094,5.256656,0.778889,3026900
1992-12-23,5.219375,5.256656,5.182094,5.182094,0.767841,2947800
1992-12-24,5.182094,5.219375,5.182094,5.219375,0.773365,542100
1992-12-28,5.182094,5.219375,5.144813,5.182094,0.767841,1439000
1992-12-29,5.144813,5.256656,5.144813,5.182094,0.767841,2420700
1992-12-30,5.219375,5.219375,5.070250,5.144813,0.762317,3149000
1992-12-31,5.107531,5.256656,5.107531,5.144813,0.762317,3159700
1993-01-04,5.219375,5.256656,5.182094,5.256656,0.778889,968600
1993-01-05,5.293938,5.331219,5.219375,5.293938,0.784413,1501700
1993-01-06,5.256656,5.256656,5.182094,5.219375,0.773365,1179200
1993-01-07,5.144813,5.182094,5.032969,5.107531,0.756794,1324700
1993-01-08,5.070250,5.070250,4.958406,5.032969,0.745745,1658300
1993-01-11,5.032969,5.107531,4.995687,5.032969,0.745745,1212700
1993-01-12,5.032969,5.070250,4.958406,5.032969,0.745745,561900
1993-01-13,5.032969,5.107531,4.995687,5.070250,0.751269,2086100
1993-01-14,5.032969,5.070250,4.958406,4.958406,0.734697,4289300
1993-01-15,5.032969,5.032969,4.958406,4.995687,0.740221,2028400
1993-01-18,5.032969,5.070250,4.958406,4.958406,0.734697,1760200
1993-01-19,5.032969,5.070250,4.958406,4.958406,0.734697,2834100
1993-01-20,5.032969,5.032969,4.958406,4.995687,0.740221,1884900
1993-01-21,4.958406,4.995687,4.958406,4.995687,0.740221,842900
1993-01-22,4.995687,5.032969,4.921125,4.958406,0.734697,4682900
1993-01-25,5.032969,5.182094,4.995687,5.144813,0.762317,8329200
1993-01-26,5.182094,5.256656,5.107531,5.144813,0.762317,3226400
1993-01-27,5.070250,5.107531,4.995687,4.995687,0.740221,1174100
1993-01-28,4.995687,5.182094,4.995687,5.182094,0.767841,2394600
1993-01-29,5.144813,5.182094,5.032969,5.070250,0.751269,2282900
1993-02-01,5.182094,5.331219,5.144813,5.331219,0.817342,4701400
1993-02-02,5.331219,5.443062,5.293938,5.331219,0.817342,2535700
1993-02-03,5.368500,5.405781,5.331219,5.405781,0.828773,1531900
1993-02-04,5.480344,5.592187,5.405781,5.592187,0.857352,2858300
1993-02-05,5.592187,5.704031,5.554906,5.629469,0.863068,2527400
1993-02-08,5.666750,5.778594,5.629469,5.666750,0.868783,1247200
1993-02-09,5.666750,5.666750,5.480344,5.480344,0.840205,1556000
1993-02-10,5.517625,5.554906,5.443062,5.443062,0.834489,1071200
1993-02-11,5.443062,5.592187,5.443062,5.554906,0.851636,1013200
1993-02-12,5.517625,5.554906,5.405781,5.405781,0.828773,795300
1993-02-16,5.480344,5.480344,5.293938,5.293938,0.811626,1421200
1993-02-17,5.293938,5.405781,5.293938,5.368500,0.823057,1594600
1993-02-18,5.405781,5.443062,5.293938,5.293938,0.811626,834500
1993-02-19,5.293938,5.443062,5.293938,5.405781,0.828773,2549500
1993-02-22,5.368500,5.629469,5.368500,5.592187,0.857352,3035000
1993-02-23,5.629469,5.629469,5.480344,5.517625,0.845920,1051800
1993-02-24,5.554906,5.629469,5.480344,5.554906,0.851636,1309900
1993-02-25,5.554906,5.592187,5.480344,5.554906,0.851636,696000
1993-02-26,5.554906,5.629469,5.480344,5.629469,0.863068,1334100
1993-03-01,5.592187,5.741313,5.592187,5.666750,0.868783,2050200
1993-03-02,5.666750,5.778594,5.629469,5.741313,0.880214,2480800
1993-03-03,5.778594,5.778594,5.592187,5.629469,0.863068,1768600
1993-03-04,5.629469,5.629469,5.554906,5.592187,0.857352,1227100
1993-03-05,5.629469,5.666750,5.554906,5.554906,0.851636,1196900
1993-03-08,5.592187,5.704031,5.517625,5.704031,0.874499,1596900
1993-03-09,5.666750,5.704031,5.592187,5.666750,0.868783,1862800
1993-03-10,5.666750,5.741313,5.666750,5.704031,0.874499,1654300
1993-03-11,5.704031,5.741313,5.629469,5.629469,0.863068,1801500
1993-03-12,5.666750,5.741313,5.629469,5.704031,0.874499,2614900
1993-03-15,5.741313,5.815875,5.666750,5.741313,0.880214,1515500
1993-03-16,5.741313,5.890438,5.741313,5.815875,0.891646,1681400
1993-03-17,5.927719,5.927719,5.890438,5.890438,0.903077,3343100
1993-03-18,5.853156,6.002281,5.853156,6.002281,0.920224,2441200
1993-03-19,6.039563,6.039563,5.927719,6.002281,0.920224,2133100
1993-03-22,5.965000,6.002281,5.853156,5.890438,0.903077,1721000
1993-03-23,5.890438,5.890438,5.741313,5.778594,0.885930,1467500
1993-03-24,5.778594,5.890438,5.741313,5.853156,0.897361,1503400
1993-03-25,5.815875,6.076844,5.815875,6.039563,0.925940,2278200
1993-03-26,6.039563,6.076844,5.927719,5.965000,0.914508,1396400
1993-03-29,5.890438,5.927719,5.815875,5.853156,0.897361,1458500
1993-03-30,5.853156,5.853156,5.815875,5.815875,0.891646,1012200
1993-03-31,5.815875,5.927719,5.815875,5.815875,0.891646,1152300
1993-04-01,5.815875,5.853156,5.666750,5.666750,0.868783,968600
1993-04-02,5.666750,5.741313,5.629469,5.666750,0.868783,2005000
1993-04-05,5.629469,5.853156,5.629469,5.853156,0.897361,1124200
1993-04-06,5.853156,5.890438,5.741313,5.853156,0.897361,1507400
1993-04-07,5.853156,5.890438,5.815875,5.853156,0.897361,989100
1993-04-08,5.853156,6.002281,5.815875,5.853156,0.897361,2007300
1993-04-12,5.853156,5.927719,5.815875,5.853156,0.897361,1169400
1993-04-13,5.927719,5.927719,5.853156,5.890438,0.903077,1393400
1993-04-14,5.853156,5.927719,5.853156,5.890438,0.903077,1001500
1993-04-15,5.890438,5.927719,5.741313,5.741313,0.880214,1065200
1993-04-16,5.741313,5.778594,5.629469,5.629469,0.863068,1759900
1993-04-19,5.629469,5.741313,5.629469,5.741313,0.880214,932400
1993-04-20,5.666750,5.666750,5.405781,5.517625,0.845920,1755900
1993-04-21,5.517625,5.554906,5.480344,5.480344,0.840205,694000
1993-04-22,5.480344,5.592187,5.480344,5.592187,0.857352,1908100
1993-04-23,5.517625,5.554906,5.443062,5.443062,0.834489,1009200
1993-04-26,5.517625,5.629469,5.443062,5.480344,0.840205,1467200
1993-04-27,5.480344,5.554906,5.368500,5.443062,0.834489,2667500
1993-04-28,5.405781,5.554906,5.405781,5.443062,0.834489,1247900
1993-04-29,5.443062,5.517625,5.405781,5.480344,0.840205,999400
1993-04-30,5.443062,5.666750,5.443062,5.517625,0.845920,1385700
1993-05-03,5.443062,5.592187,5.405781,5.592187,0.884607,3898000
1993-05-04,5.666750,5.853156,5.629469,5.741313,0.908196,3184500
1993-05-05,5.778594,5.815875,5.741313,5.815875,0.919991,1435000
1993-05-06,5.778594,5.853156,5.741313,5.778594,0.914093,3804800
1993-05-07,5.741313,5.778594,5.704031,5.704031,0.902299,1054800
1993-05-10,5.741313,5.815875,5.554906,5.592187,0.884607,1109400
1993-05-11,5.517625,5.592187,5.480344,5.592187,0.884607,1040700
1993-05-12,5.554906,5.629469,5.480344,5.629469,0.890504,1517100
1993-05-13,5.666750,5.704031,5.554906,5.629469,0.890504,2124300
1993-05-14,5.666750,5.778594,5.666750,5.778594,0.914093,1962400
1993-05-17,5.741313,5.853156,5.704031,5.778594,0.914093,1580800
1993-05-18,5.778594,5.815875,5.666750,5.704031,0.902299,1685400
1993-05-19,5.704031,5.741313,5.554906,5.666750,0.896402,1980200
1993-05-20,5.666750,5.666750,5.592187,5.629469,0.890504,688600
1993-05-21,5.629469,5.629469,5.554906,5.554906,0.878709,932700
1993-05-24,5.554906,5.592187,5.517625,5.592187,0.884607,627900
1993-05-25,5.554906,5.592187,5.517625,5.592187,0.884607,546500
1993-05-26,5.592187,5.704031,5.592187,5.704031,0.902299,2385200
1993-05-27,5.704031,5.741313,5.666750,5.704031,0.902299,1809200
1993-05-28,5.592187,5.629469,5.554906,5.592187,0.884607,1408200
1993-06-01,5.554906,5.629469,5.517625,5.554906,0.878709,1235200
1993-06-02,5.592187,5.629469,5.554906,5.629469,0.890504,1370300
1993-06-03,5.592187,5.592187,5.480344,5.554906,0.878709,3684400
1993-06-04,5.517625,5.592187,5.480344,5.592187,0.884607,842900
1993-06-07,5.629469,5.629469,5.554906,5.554906,0.878709,856300
1993-06-08,5.554906,5.592187,5.480344,5.480344,0.866914,1029600
1993-06-09,5.554906,5.592187,5.480344,5.554906,0.878709,733900
1993-06-10,5.517625,5.554906,5.480344,5.480344,0.866914,1180200
1993-06-11,5.517625,5.517625,5.368500,5.480344,0.866914,2696000
1993-06-14,5.480344,5.480344,5.368500,5.405781,0.855120,2273200
1993-06-15,5.368500,5.368500,5.293938,5.331219,0.843325,1676700
1993-06-16,5.331219,5.405781,5.293938,5.331219,0.843325,2969600
1993-06-17,5.293938,5.331219,5.256656,5.256656,0.831530,3415200
1993-06-18,5.256656,5.293938,5.219375,5.219375,0.825633,1588200
1993-06-21,5.256656,5.331219,5.256656,5.331219,0.843325,835800
1993-06-22,5.331219,5.331219,5.256656,5.293938,0.837428,1032000
1993-06-23,5.219375,5.256656,5.032969,5.032969,0.796146,1877600
1993-06-24,5.032969,5.144813,5.032969,5.070250,0.802043,1711900
1993-06-25,5.107531,5.107531,5.032969,5.032969,0.796146,868700
1993-06-28,5.107531,5.144813,5.032969,5.070250,0.802043,1360600
1993-06-29,5.070250,5.107531,4.995687,5.032969,0.796146,1501000
1993-06-30,5.032969,5.032969,4.958406,5.032969,0.796146,1510400
1993-07-01,5.032969,5.032969,4.921125,4.958406,0.784351,1437300
1993-07-02,4.921125,5.107531,4.921125,5.032969,0.796146,1693800
1993-07-06,5.032969,5.070250,4.958406,4.958406,0.784351,1154400
1993-07-07,4.995687,5.070250,4.958406,4.995687,0.790248,1228100
1993-07-08,5.032969,5.032969,4.921125,4.958406,0.784351,1546600
1993-07-09,4.921125,4.995687,4.921125,4.921125,0.778454,1339100
1993-07-12,4.958406,4.995687,4.921125,4.958406,0.784351,887800
1993-07-13,4.958406,5.107531,4.921125,5.070250,0.802043,2459600
1993-07-14,5.107531,5.107531,5.032969,5.107531,0.807940,1244900
1993-07-15,5.070250,5.070250,4.958406,5.032969,0.796146,1558400
1993-07-16,5.032969,5.070250,4.995687,5.032969,0.796146,1009500
1993-07-19,4.995687,5.331219,4.995687,5.032969,0.796146,1343100
1993-07-20,5.032969,5.107531,4.995687,5.107531,0.807940,1620100
1993-07-21,5.070250,5.182094,5.032969,5.144813,0.813838,2226300
1993-07-22,5.144813,5.256656,5.144813,5.256656,0.831530,1297200
1993-07-23,5.219375,5.331219,5.219375,5.293938,0.837428,1172100
1993-07-26,5.256656,5.368500,5.256656,5.293938,0.837428,1523500
1993-07-27,5.293938,5.293938,5.219375,5.219375,0.825633,1181200
1993-07-28,5.219375,5.331219,5.219375,5.293938,0.837428,1466800
1993-07-29,5.293938,5.331219,5.256656,5.331219,0.843325,869400
1993-07-30,5.293938,5.331219,5.256656,5.256656,0.831530,1859100
1993-08-02,5.219375,5.219375,5.182094,5.219375,0.853226,966900
1993-08-03,5.219375,5.331219,5.182094,5.293938,0.865415,2060000
1993-08-04,5.256656,5.293938,5.219375,5.256656,0.859321,1061800
1993-08-05,5.256656,5.368500,5.256656,5.331219,0.871509,1576800
1993-08-06,5.331219,5.368500,5.256656,5.293938,0.865415,676600
1993-08-09,5.293938,5.331219,5.256656,5.331219,0.871509,943500
1993-08-10,5.331219,5.368500,5.293938,5.331219,0.871509,766800
1993-08-11,5.331219,5.443062,5.331219,5.405781,0.883699,697400
1993-08-12,5.405781,5.405781,5.368500,5.368500,0.877604,724200
1993-08-13,5.405781,5.480344,5.368500,5.443062,0.889793,700400
1993-08-16,5.443062,5.517625,5.405781,5.480344,0.895887,759400
1993-08-17,5.443062,5.554906,5.443062,5.554906,0.908076,2491800
1993-08-18,5.666750,5.890438,5.629469,5.815875,0.950738,4214500
1993-08-19,5.815875,5.853156,5.704031,5.741313,0.938549,4222900
1993-08-20,5.778594,5.778594,5.704031,5.741313,0.938549,2522000
1993-08-23,5.890438,5.927719,5.815875,5.890438,0.962927,2980700
1993-08-24,5.890438,5.927719,5.815875,5.853156,0.956832,3388000
1993-08-25,5.890438,6.002281,5.890438,5.927719,0.969021,2607800
1993-08-26,5.927719,6.076844,5.927719,6.039563,0.987305,2079400
1993-08-27,6.039563,6.039563,5.965000,6.039563,0.987305,1864800
1993-08-30,6.002281,6.076844,6.002281,6.039563,0.987305,2842900
1993-08-31,6.002281,6.076844,6.002281,6.039563,0.987305,2347300
1993-09-01,6.002281,6.039563,5.927719,6.002281,0.981210,1512800
1993-09-02,6.002281,6.076844,5.965000,6.039563,0.987305,1396100
1993-09-03,6.039563,6.076844,6.002281,6.039563,0.987305,824400
1993-09-07,6.002281,6.002281,5.741313,5.741313,0.938549,1877600
1993-09-08,5.778594,5.815875,5.629469,5.741313,0.938549,1895700
1993-09-09,5.741313,5.778594,5.704031,5.704031,0.932454,764700
1993-09-10,5.704031,5.815875,5.704031,5.778594,0.944643,1248600
1993-09-13,5.778594,5.778594,5.704031,5.778594,0.944643,1062500
1993-09-14,5.741313,5.815875,5.741313,5.778594,0.944643,1125900
1993-09-15,5.741313,5.815875,5.704031,5.815875,0.950738,1006500
1993-09-16,5.741313,5.778594,5.666750,5.704031,0.932454,1217400
1993-09-17,5.517625,5.629469,5.517625,5.554906,0.908076,2987700
1993-09-20,5.554906,5.554906,5.480344,5.480344,0.895887,839500
1993-09-21,5.480344,5.629469,5.480344,5.629469,0.920265,2102200
1993-09-22,5.629469,5.629469,5.554906,5.554906,0.908076,1076900
1993-09-23,5.517625,5.554906,5.480344,5.517625,0.901982,1049400
1993-09-24,5.517625,5.592187,5.517625,5.592187,0.914171,624600
1993-09-27,5.592187,5.778594,5.592187,5.741313,0.938549,1146300
1993-09-28,5.778594,5.778594,5.666750,5.666750,0.926360,1094300
1993-09-29,5.666750,5.890438,5.666750,5.853156,0.956832,1602600
1993-09-30,5.853156,6.002281,5.815875,5.965000,0.975116,2050600
1993-10-01,5.890438,6.002281,5.890438,5.965000,0.975116,1666700
1993-10-04,6.039563,6.151406,5.965000,5.965000,0.975116,3443400
1993-10-05,5.965000,5.965000,5.853156,5.927719,0.969021,1177200
1993-10-06,5.890438,5.927719,5.853156,5.890438,0.962927,946100
1993-10-07,5.890438,5.927719,5.815875,5.853156,0.956832,1951300
1993-10-08,5.853156,5.853156,5.704031,5.741313,0.938549,1782700
1993-10-11,5.815875,5.815875,5.704031,5.704031,0.932454,766800
1993-10-12,5.704031,5.815875,5.704031,5.704031,0.932454,1385700
1993-10-13,5.741313,5.778594,5.666750,5.741313,0.938549,2246400
1993-10-14,5.741313,5.778594,5.704031,5.704031,0.932454,1354200
1993-10-15,5.778594,5.815875,5.629469,5.666750,0.926360,2192400
1993-10-18,5.666750,5.666750,5.554906,5.592187,0.914171,908200
1993-10-19,5.554906,5.592187,5.480344,5.480344,0.895887,1428600
1993-10-20,5.517625,5.517625,5.368500,5.405781,0.883699,1439700
1993-10-21,5.368500,5.443062,5.368500,5.405781,0.883699,555900
1993-10-22,5.405781,5.741313,5.405781,5.666750,0.926360,2257500
1993-10-25,5.629469,5.704031,5.592187,5.629469,0.920265,946100
1993-10-26,5.629469,5.666750,5.554906,5.629469,0.920265,1075200
1993-10-27,5.666750,5.666750,5.592187,5.666750,0.926360,1001800
1993-10-28,5.666750,5.741313,5.629469,5.704031,0.932454,1376600
1993-10-29,5.741313,5.741313,5.480344,5.517625,0.901982,1608000
1993-11-01,5.405781,5.405781,5.256656,5.293938,0.892926,5037700
1993-11-02,5.293938,5.443062,5.256656,5.405781,0.911791,1882900
1993-11-03,5.405781,5.405781,5.293938,5.368500,0.905503,1018600
1993-11-04,5.331219,5.405781,5.293938,5.331219,0.899215,1023300
1993-11-05,5.293938,5.405781,5.293938,5.331219,0.899215,766100
1993-11-08,5.331219,5.405781,5.293938,5.331219,0.899215,685300
1993-11-09,5.368500,5.405781,5.331219,5.331219,0.899215,1329700
1993-11-10,5.293938,5.368500,5.293938,5.293938,0.892926,1091300
1993-11-11,5.293938,5.331219,5.256656,5.256656,0.886638,900900
1993-11-12,5.256656,5.368500,5.256656,5.368500,0.905503,1044700
1993-11-15,5.368500,5.368500,5.293938,5.331219,0.899215,928000
1993-11-16,5.331219,5.368500,5.293938,5.293938,0.892926,721800
1993-11-17,5.256656,5.443062,5.256656,5.405781,0.911791,1861800
1993-11-18,5.331219,5.405781,5.293938,5.293938,0.892926,1214700
1993-11-19,5.331219,5.368500,5.293938,5.331219,0.899215,1557700
1993-11-22,5.256656,5.331219,5.219375,5.293938,0.892926,1632100
1993-11-23,5.293938,5.331219,5.144813,5.144813,0.867774,4311400
1993-11-24,5.182094,5.219375,5.144813,5.144813,0.867774,1399100
1993-11-26,5.144813,5.144813,5.107531,5.107531,0.861486,1063200
1993-11-29,5.107531,5.107531,4.958406,5.032969,0.848909,4402600
1993-11-30,5.032969,5.107531,5.032969,5.032969,0.848909,1500400
1993-12-01,5.032969,5.182094,5.032969,5.070250,0.855197,1938900
1993-12-02,5.107531,5.182094,5.032969,5.107531,0.861486,2346600
1993-12-03,5.070250,5.107531,5.032969,5.070250,0.855197,1336400
1993-12-06,5.070250,5.144813,5.032969,5.032969,0.848909,1697900
1993-12-07,5.032969,5.144813,5.032969,5.107531,0.861486,1469200
1993-12-08,5.144813,5.293938,5.107531,5.182094,0.874061,1860100
1993-12-09,5.182094,5.219375,5.070250,5.144813,0.867774,1579200
1993-12-10,5.107531,5.219375,5.107531,5.182094,0.874061,1336400
1993-12-13,5.144813,5.293938,5.107531,5.219375,0.880350,1305900
1993-12-14,5.219375,5.256656,5.144813,5.182094,0.874061,1787000
1993-12-15,5.107531,5.144813,5.070250,5.107531,0.861486,1741400
1993-12-16,5.070250,5.182094,5.070250,5.144813,0.867774,1848100
1993-12-17,5.107531,5.144813,5.032969,5.070250,0.855197,2735200
1993-12-20,5.032969,5.070250,4.958406,4.995687,0.842621,2952200
1993-12-21,4.995687,5.032969,4.921125,4.958406,0.836333,2836800
1993-12-22,4.958406,5.032969,4.921125,4.995687,0.842621,2139400
1993-12-23,4.921125,4.958406,4.883844,4.883844,0.823756,3328000
1993-12-27,4.921125,5.032969,4.921125,5.032969,0.848909,2308100
1993-12-28,4.958406,5.070250,4.921125,4.921125,0.830044,2538100
1993-12-29,4.921125,4.995687,4.921125,4.958406,0.836333,2249100
1993-12-30,4.958406,4.995687,4.921125,4.921125,0.830044,2516300
1993-12-31,4.958406,4.958406,4.883844,4.921125,0.830044,2500200
1994-01-03,4.958406,5.070250,4.921125,4.921125,0.830044,4553200
1994-01-04,4.921125,4.995687,4.883844,4.958406,0.836333,2603500
1994-01-05,4.958406,5.144813,4.958406,5.070250,0.855197,4307100
1994-01-06,5.182094,5.219375,5.107531,5.182094,0.874061,3920500
1994-01-07,5.256656,5.256656,5.182094,5.219375,0.880350,1430000
1994-01-10,5.219375,5.256656,5.182094,5.219375,0.880350,1258000
1994-01-11,5.182094,5.219375,5.107531,5.107531,0.861486,1494000
1994-01-12,5.107531,5.144813,5.032969,5.070250,0.855197,85100
1994-01-13,5.032969,5.070250,4.958406,4.958406,0.836333,1852800
1994-01-14,4.995687,5.107531,4.958406,5.032969,0.848909,1673000
1994-01-17,5.070250,5.144813,5.070250,5.070250,0.855197,1029600
1994-01-18,5.107531,5.107531,4.995687,4.995687,0.842621,1222400
1994-01-19,4.995687,5.070250,4.995687,5.070250,0.855197,1266300
1994-01-20,5.070250,5.107531,5.032969,5.070250,0.855197,995400
1994-01-21,5.070250,5.070250,4.958406,4.958406,0.836333,1451400
1994-01-24,5.032969,5.182094,5.032969,5.070250,0.855197,1885600
1994-01-25,5.070250,5.331219,5.032969,5.293938,0.892926,3400800
1994-01-26,5.331219,5.405781,5.219375,5.293938,0.892926,2876700
1994-01-27,5.331219,5.405781,5.331219,5.368500,0.905503,2203100
1994-01-28,5.368500,5.517625,5.368500,5.517625,0.930656,1915800
1994-01-31,5.517625,5.554906,5.405781,5.517625,0.960241,1588200
1994-02-01,5.517625,5.554906,5.405781,5.443062,0.947265,2012000
1994-02-02,5.480344,5.517625,5.405781,5.517625,0.960241,1131200
1994-02-03,5.480344,5.517625,5.368500,5.405781,0.940778,1010800
1994-02-04,5.405781,5.405781,5.219375,5.219375,0.908336,1300200
1994-02-07,5.219375,5.405781,5.182094,5.405781,0.940778,1279400
1994-02-08,5.405781,5.405781,5.219375,5.256656,0.914824,537400
1994-02-09,5.256656,5.331219,5.219375,5.219375,0.908336,1013900
1994-02-10,5.219375,5.256656,5.107531,5.107531,0.888872,1280400
1994-02-11,5.107531,5.182094,5.107531,5.182094,0.901848,986700
1994-02-14,5.219375,5.256656,5.144813,5.144813,0.895360,1033000
1994-02-15,5.144813,5.144813,5.070250,5.070250,0.882384,850200
1994-02-16,5.070250,5.182094,5.070250,5.182094,0.901848,1161100
1994-02-17,5.144813,5.182094,5.070250,5.107531,0.888872,1342400
1994-02-18,5.070250,5.107531,5.032969,5.070250,0.882384,1044000
1994-02-22,5.107531,5.144813,5.070250,5.070250,0.882384,939100
1994-02-23,5.107531,5.107531,5.032969,5.107531,0.888872,988000
1994-02-24,5.070250,5.144813,5.032969,5.144813,0.895360,1440000
1994-02-25,5.144813,5.182094,5.107531,5.144813,0.895360,630300
1994-02-28,5.144813,5.219375,5.144813,5.144813,0.895360,2536700
1994-03-01,5.107531,5.144813,5.070250,5.107531,0.888872,828800
1994-03-02,5.070250,5.219375,5.032969,5.107531,0.888872,1940300
1994-03-03,5.107531,5.107531,4.995687,5.032969,0.875896,1116800
1994-03-04,5.070250,5.070250,4.995687,4.995687,0.869408,793200
1994-03-07,5.070250,5.070250,4.958406,4.958406,0.862919,695300
1994-03-08,4.958406,5.032969,4.921125,4.921125,0.856431,1343500
1994-03-09,4.921125,4.995687,4.921125,4.995687,0.869408,1944000
1994-03-10,4.958406,4.958406,4.883844,4.958406,0.862919,1588900
1994-03-11,4.921125,5.144813,4.921125,5.107531,0.888872,1614000
1994-03-14,5.107531,5.144813,5.032969,5.107531,0.888872,1079900
1994-03-15,5.144813,5.144813,4.995687,4.995687,0.869408,704400
1994-03-16,4.995687,5.182094,4.958406,5.144813,0.895360,1712600
1994-03-17,5.293938,5.405781,5.293938,5.368500,0.934289,2994400
1994-03-18,5.405781,5.405781,5.256656,5.293938,0.921312,2869700
1994-03-21,5.219375,5.293938,5.219375,5.219375,0.908336,959200
1994-03-22,5.182094,5.331219,5.182094,5.256656,0.914824,1276700
1994-03-23,5.256656,5.293938,5.219375,5.256656,0.914824,893500
1994-03-24,5.219375,5.256656,5.107531,5.107531,0.888872,1328000
1994-03-25,5.144813,5.293938,5.107531,5.219375,0.908336,1478600
1994-03-28,5.144813,5.144813,4.958406,4.958406,0.862919,2230000
1994-03-29,4.995687,5.032969,4.921125,4.958406,0.862919,1696800
1994-03-30,4.958406,5.032969,4.921125,4.921125,0.856431,1481900
1994-03-31,4.921125,4.958406,4.883844,4.921125,0.856431,1749500
1994-04-04,4.846562,4.883844,4.660156,4.697437,0.817503,1306900
1994-04-05,4.809281,4.995687,4.660156,4.995687,0.869408,1786400
1994-04-06,4.995687,5.032969,4.921125,5.032969,0.875896,1284800
1994-04-07,4.958406,4.958406,4.809281,4.883844,0.849943,2112900
1994-04-08,4.846562,4.921125,4.809281,4.883844,0.849943,2319100
1994-04-11,4.921125,4.958406,4.883844,4.883844,0.849943,1083300
1994-04-12,4.883844,4.958406,4.883844,4.921125,0.856431,673200
1994-04-13,4.958406,4.995687,4.883844,4.921125,0.856431,797900
1994-04-14,4.958406,5.107531,4.921125,5.032969,0.875896,2546800
1994-04-15,5.070250,5.256656,5.032969,5.182094,0.901848,8268900
1994-04-18,5.219375,5.219375,5.032969,5.070250,0.882384,1757500
1994-04-19,5.070250,5.107531,5.032969,5.070250,0.882384,1722300
1994-04-20,5.070250,5.107531,4.995687,5.032969,0.875896,1362900
1994-04-21,4.995687,5.219375,4.995687,5.219375,0.908336,2231600
1994-04-22,5.182094,5.293938,5.182094,5.293938,0.921312,2800000
1994-04-25,5.293938,5.368500,5.219375,5.368500,0.934289,3766900
1994-04-26,5.293938,5.331219,5.219375,5.219375,0.908336,1359900
1994-04-28,5.144813,5.182094,5.032969,5.107531,0.888872,3375600
1994-04-29,5.070250,5.070250,4.995687,5.032969,0.875896,1074900
1994-05-02,5.070250,5.144813,5.032969,5.144813,0.926660,1555700
1994-05-03,5.107531,5.144813,5.032969,5.070250,0.913230,1504100
1994-05-04,5.070250,5.219375,5.070250,5.219375,0.940090,1432300
1994-05-05,5.182094,5.256656,5.107531,5.107531,0.919945,3561400
1994-05-06,5.107531,5.219375,5.070250,5.182094,0.933375,4208200
1994-05-09,5.219375,5.219375,5.032969,5.070250,0.913230,3041000
1994-05-10,5.070250,5.107531,5.032969,5.032969,0.906515,724500
1994-05-11,5.032969,5.070250,5.032969,5.032969,0.906515,575000
1994-05-12,5.070250,5.182094,5.032969,5.182094,0.933375,1017200
1994-05-13,5.144813,5.219375,5.070250,5.107531,0.919945,611500
1994-05-16,5.107531,5.219375,5.107531,5.219375,0.940090,940400
1994-05-17,5.182094,5.182094,5.070250,5.070250,0.913230,850600
1994-05-18,5.144813,5.182094,5.070250,5.144813,0.926660,742600
1994-05-19,5.107531,5.219375,5.107531,5.144813,0.926660,1076900
1994-05-20,5.219375,5.293938,5.182094,5.182094,0.933375,1651600
1994-05-23,5.219375,5.219375,5.107531,5.144813,0.926660,913900
1994-05-24,5.144813,5.182094,5.107531,5.144813,0.926660,815700
1994-05-25,5.144813,5.256656,5.107531,5.256656,0.946805,1060100
1994-05-26,5.219375,5.256656,5.070250,5.070250,0.913230,1693200
1994-05-27,5.070250,5.070250,4.995687,5.070250,0.913230,1361900
1994-05-31,5.032969,5.144813,4.995687,5.107531,0.919945,980700
1994-06-01,5.107531,5.107531,5.070250,5.070250,0.913230,694000
1994-06-02,5.070250,5.107531,5.032969,5.070250,0.913230,1295500
1994-06-03,5.032969,5.107531,5.032969,5.070250,0.913230,1448700
1994-06-06,5.070250,5.070250,4.958406,5.070250,0.913230,2390200
1994-06-07,5.032969,5.070250,4.995687,4.995687,0.899800,946100
1994-06-08,4.995687,5.070250,4.995687,5.032969,0.906515,1565100
1994-06-09,5.070250,5.107531,5.032969,5.070250,0.913230,1394400
1994-06-10,5.070250,5.144813,5.070250,5.144813,0.926660,1934200
1994-06-13,5.182094,5.182094,5.144813,5.182094,0.933375,1713900
1994-06-14,5.182094,5.219375,5.144813,5.219375,0.940090,1112400
1994-06-15,5.219375,5.256656,5.144813,5.219375,0.940090,1473200
1994-06-16,5.219375,5.256656,5.182094,5.219375,0.940090,958500
1994-06-17,5.219375,5.219375,5.182094,5.219375,0.940090,2164600
1994-06-20,5.182094,5.219375,5.107531,5.219375,0.940090,1545000
1994-06-21,5.182094,5.219375,5.144813,5.144813,0.926660,868300
1994-06-22,5.182094,5.293938,5.182094,5.293938,0.953520,1672400
1994-06-23,5.256656,5.256656,5.144813,5.182094,0.933375,795300
1994-06-24,5.107531,5.107531,4.995687,5.032969,0.906515,841900
1994-06-27,4.995687,5.032969,4.995687,4.995687,0.899800,956900
1994-06-28,4.995687,4.995687,4.921125,4.958406,0.893086,1124800
1994-06-29,4.921125,5.032969,4.921125,4.995687,0.899800,1327700
1994-06-30,4.995687,5.032969,4.958406,4.995687,0.899800,1208000
1994-07-01,5.070250,5.144813,4.995687,5.107531,0.919945,1563400
1994-07-05,5.070250,5.107531,5.070250,5.070250,0.913230,630600
1994-07-06,5.070250,5.219375,5.032969,5.219375,0.940090,968600
1994-07-07,5.219375,5.256656,5.107531,5.107531,0.919945,1398400
1994-07-08,5.182094,5.219375,5.144813,5.219375,0.940090,1582200
1994-07-11,5.219375,5.256656,5.144813,5.219375,0.940090,1918800
1994-07-12,5.219375,5.219375,5.182094,5.182094,0.933375,975300
1994-07-13,5.182094,5.219375,5.144813,5.144813,0.926660,771800
1994-07-14,5.219375,5.293938,5.182094,5.293938,0.953520,2680600
1994-07-15,5.293938,5.331219,5.256656,5.293938,0.953520,1512100
1994-07-18,5.293938,5.331219,5.256656,5.331219,0.960235,1213400
1994-07-19,5.293938,5.331219,5.256656,5.256656,0.946805,596100
1994-07-20,5.256656,5.293938,5.219375,5.219375,0.940090,432800
1994-07-21,5.182094,5.256656,5.182094,5.219375,0.940090,1074200
1994-07-22,5.256656,5.293938,5.182094,5.182094,0.933375,1278700
1994-07-25,5.182094,5.182094,5.107531,5.144813,0.926660,1562400
1994-07-26,5.144813,5.219375,5.107531,5.219375,0.940090,1316600
1994-07-27,5.182094,5.219375,5.182094,5.182094,0.933375,999100
1994-07-28,5.182094,5.219375,5.182094,5.219375,0.940090,996100
1994-07-29,5.219375,5.256656,5.182094,5.182094,0.933375,827100
1994-08-01,5.219375,5.219375,5.182094,5.182094,0.965033,1134900
1994-08-02,5.182094,5.293938,5.182094,5.256656,0.978919,1316600
1994-08-03,5.256656,5.368500,5.256656,5.368500,0.999747,3079900
1994-08-04,5.331219,5.368500,5.293938,5.331219,0.992804,1248900
1994-08-05,5.293938,5.293938,5.219375,5.256656,0.978919,1239200
1994-08-08,5.256656,5.256656,5.182094,5.182094,0.965033,1151700
1994-08-09,5.219375,5.293938,5.182094,5.293938,0.985862,1315000
1994-08-10,5.293938,5.293938,5.256656,5.256656,0.978919,925300
1994-08-11,5.293938,5.293938,5.219375,5.219375,0.971976,675600
1994-08-12,5.219375,5.256656,5.182094,5.219375,0.971976,1199600
1994-08-15,5.256656,5.256656,5.182094,5.182094,0.965033,718500
1994-08-16,5.182094,5.256656,5.182094,5.182094,0.965033,1370900
1994-08-17,5.219375,5.256656,5.144813,5.219375,0.971976,1243500
1994-08-18,5.182094,5.219375,5.144813,5.144813,0.958091,614500
1994-08-19,5.182094,5.182094,5.070250,5.070250,0.944205,2288000
1994-08-22,5.070250,5.144813,5.070250,5.144813,0.958091,1423300
1994-08-23,5.144813,5.144813,5.107531,5.107531,0.951148,1053400
1994-08-24,5.144813,5.331219,5.107531,5.331219,0.992804,2316500
1994-08-25,5.256656,5.293938,5.182094,5.182094,0.965033,1257300
1994-08-26,5.219375,5.256656,5.144813,5.144813,0.958091,1418900
1994-08-29,5.182094,5.182094,5.107531,5.144813,0.958091,2463000
1994-08-30,5.182094,5.182094,5.107531,5.144813,0.958091,1790700
1994-08-31,5.144813,5.182094,5.107531,5.144813,0.958091,3538300
1994-09-01,5.144813,5.182094,5.107531,5.107531,0.951148,1907100
1994-09-02,5.144813,5.182094,5.107531,5.107531,0.951148,2033500
1994-09-06,5.144813,5.182094,5.144813,5.144813,0.958091,757400
1994-09-07,5.144813,5.368500,5.144813,5.331219,0.992804,2361700
1994-09-08,5.331219,5.480344,5.331219,5.368500,0.999747,4746000
1994-09-09,5.331219,5.331219,5.219375,5.256656,0.978919,1378700
1994-09-12,5.293938,5.331219,5.219375,5.293938,0.985862,1628100
1994-09-13,5.293938,5.331219,5.219375,5.219375,0.971976,978000
1994-09-14,5.219375,5.256656,5.182094,5.256656,0.978919,1471200
1994-09-15,5.219375,5.293938,5.219375,5.293938,0.985862,564900
1994-09-16,5.219375,5.293938,5.219375,5.256656,0.978919,2584700
1994-09-19,5.256656,5.368500,5.219375,5.368500,0.999747,2163900
1994-09-20,5.293938,5.331219,5.256656,5.256656,0.978919,1514800
1994-09-21,5.256656,5.293938,5.219375,5.219375,0.971976,1618400
1994-09-22,5.256656,5.443062,5.256656,5.331219,0.992804,3703600
1994-09-23,5.293938,5.331219,5.182094,5.256656,0.978919,1871500
1994-09-26,5.219375,5.293938,5.182094,5.293938,0.985862,1052100
1994-09-27,5.256656,5.331219,5.256656,5.331219,0.992804,1047400
1994-09-28,5.293938,5.331219,5.256656,5.331219,0.992804,858000
1994-09-29,5.293938,5.293938,5.219375,5.256656,0.978919,1190900
1994-09-30,5.256656,5.368500,5.219375,5.293938,0.985862,1281100
1994-10-03,5.256656,5.331219,5.219375,5.293938,0.985862,1118100
1994-10-04,5.331219,5.331219,5.182094,5.182094,0.965033,1885300
1994-10-05,5.182094,5.256656,5.107531,5.219375,0.971976,1055400
1994-10-06,5.219375,5.219375,5.144813,5.144813,0.958091,1900000
1994-10-07,5.144813,5.331219,5.144813,5.293938,0.985862,2807700
1994-10-10,5.331219,5.368500,5.293938,5.293938,0.985862,4184000
1994-10-11,5.293938,5.331219,5.256656,5.293938,0.985862,1347100
1994-10-12,5.293938,5.293938,5.219375,5.219375,0.971976,787900
1994-10-13,5.256656,5.293938,5.219375,5.219375,0.971976,682900
1994-10-14,5.219375,5.293938,5.182094,5.256656,0.978919,1689100
1994-10-17,5.219375,5.368500,5.219375,5.293938,0.985862,4094500
1994-10-18,5.331219,5.331219,5.293938,5.331219,0.992804,2070700
1994-10-19,5.293938,5.331219,5.293938,5.331219,0.992804,593400
1994-10-20,5.256656,5.256656,5.182094,5.182094,0.965033,1122500
1994-10-21,5.182094,5.182094,5.144813,5.144813,0.958091,1133600
1994-10-24,5.144813,5.219375,5.144813,5.144813,0.958091,1597600
1994-10-25,5.144813,5.256656,5.144813,5.144813,0.958091,3904400
1994-10-26,5.182094,5.256656,5.144813,5.182094,0.965033,3106100
1994-10-27,5.219375,5.331219,5.219375,5.293938,0.985862,4633300
1994-10-28,5.293938,5.592187,5.256656,5.480344,1.020574,10852600
1994-10-31,5.480344,5.666750,5.480344,5.629469,1.081906,8290300
1994-11-01,5.554906,5.592187,5.480344,5.554906,1.067576,4350000
1994-11-02,5.592187,5.629469,5.480344,5.480344,1.053246,3055100
1994-11-03,5.517625,5.666750,5.480344,5.629469,1.081906,4583400
1994-11-04,5.629469,5.629469,5.554906,5.554906,1.067576,2414400
1994-11-07,5.554906,5.554906,5.443062,5.517625,1.060411,1271000
1994-11-08,5.517625,5.554906,5.480344,5.554906,1.067576,976600
1994-11-09,5.592187,5.629469,5.554906,5.629469,1.081906,2210200
1994-11-10,5.592187,5.704031,5.592187,5.629469,1.081906,2593100
1994-11-11,5.554906,5.592187,5.554906,5.554906,1.067576,1540300
1994-11-14,5.554906,5.554906,5.517625,5.517625,1.060411,1932600
1994-11-15,5.480344,5.554906,5.443062,5.554906,1.067576,4659100
1994-11-16,5.517625,5.554906,5.480344,5.517625,1.060411,1379000
1994-11-17,5.554906,5.554906,5.443062,5.480344,1.053246,2680900
1994-11-18,5.480344,5.554906,5.480344,5.517625,1.060411,3482900
1994-11-21,5.480344,5.666750,5.480344,5.666750,1.089071,3384700
1994-11-22,5.629469,5.629469,5.554906,5.554906,1.067576,4026100
1994-11-23,5.517625,5.554906,5.368500,5.480344,1.053246,2479700
1994-11-25,5.443062,5.480344,5.368500,5.405781,1.038917,759700
1994-11-28,5.368500,5.480344,5.368500,5.443062,1.046082,1467200
1994-11-29,5.443062,5.480344,5.405781,5.443062,1.046082,1671000
1994-11-30,5.405781,5.480344,5.368500,5.368500,1.031752,2044500
1994-12-01,5.405781,5.405781,5.256656,5.293938,1.017421,1642500
1994-12-02,5.293938,5.331219,5.219375,5.256656,1.010257,1073200
1994-12-05,5.256656,5.293938,5.219375,5.219375,1.003092,952500
1994-12-06,5.219375,5.256656,5.144813,5.182094,0.995927,1823300
1994-12-07,5.144813,5.182094,5.107531,5.144813,0.988762,1513800
1994-12-08,5.107531,5.219375,5.070250,5.107531,0.981597,2307700
1994-12-09,5.144813,5.144813,5.032969,5.070250,0.974432,2036800
1994-12-12,5.070250,5.107531,5.032969,5.032969,0.967267,2495500
1994-12-13,5.070250,5.107531,5.032969,5.032969,0.967267,2726500
1994-12-14,5.070250,5.070250,5.032969,5.032969,0.967267,1941300
1994-12-15,5.032969,5.070250,5.032969,5.032969,0.967267,2235000
1994-12-16,5.070250,5.070250,4.995687,5.032969,0.967267,3399400
1994-12-19,5.032969,5.032969,4.995687,4.995687,0.960102,1548700
1994-12-20,4.995687,4.995687,4.921125,4.921125,0.945772,2574600
1994-12-21,4.921125,5.014328,4.883844,4.995687,0.960102,2326200
1994-12-22,5.032969,5.032969,4.921125,4.958406,0.952937,2639300
1994-12-23,4.958406,4.995687,4.921125,4.958406,0.952937,965900
1994-12-27,4.995687,4.995687,4.921125,4.921125,0.945772,892500
1994-12-28,4.958406,4.995687,4.883844,4.995687,0.960102,2431100
1994-12-29,4.958406,4.995687,4.921125,4.958406,0.952937,1390400
1994-12-30,4.958406,4.995687,4.883844,4.883844,0.938607,2228300
1995-01-03,4.921125,4.958406,4.883844,4.958406,0.952937,1676100
1995-01-04,4.921125,4.958406,4.883844,4.958406,0.952937,1069200
1995-01-05,4.921125,4.995687,4.921125,4.995687,0.960102,1267000
1995-01-06,4.958406,5.032969,4.958406,4.958406,0.952937,1279400
1995-01-09,4.995687,4.995687,4.921125,4.921125,0.945772,823800
1995-01-10,4.921125,4.958406,4.883844,4.883844,0.938607,2195100
1995-01-11,4.883844,4.958406,4.883844,4.958406,0.952937,1533900
1995-01-12,4.921125,4.958406,4.921125,4.958406,0.952937,894500
1995-01-13,4.958406,4.995687,4.958406,4.958406,0.952937,906600
1995-01-16,4.995687,4.995687,4.921125,4.958406,0.952937,737900
1995-01-17,4.921125,4.995687,4.883844,4.921125,0.945772,6658500
1995-01-18,4.921125,4.995687,4.883844,4.921125,0.945772,2964200
1995-01-19,4.921125,4.958406,4.883844,4.921125,0.945772,2070000
1995-01-20,4.921125,4.995687,4.883844,4.958406,0.952937,2182300
1995-01-23,4.921125,4.958406,4.846562,4.921125,0.945772,1995600
1995-01-24,4.883844,4.958406,4.846562,4.921125,0.945772,2890800
1995-01-25,4.958406,5.032969,4.921125,4.958406,0.952937,2325500
1995-01-26,4.921125,4.995687,4.921125,4.995687,0.960102,1272400
1995-01-27,4.995687,4.995687,4.883844,4.921125,0.945772,3588900
1995-01-30,4.921125,4.921125,4.734719,4.772000,0.917112,3241200
1995-01-31,4.734719,4.772000,4.734719,4.772000,0.917112,2823800
1995-02-01,4.772000,4.809281,4.697437,4.734719,0.909948,2071000
1995-02-02,4.734719,4.772000,4.734719,4.734719,0.909948,1846700
1995-02-03,4.772000,4.809281,4.697437,4.734719,0.909948,3928200
1995-02-06,4.772000,4.772000,4.734719,4.772000,0.917112,1530500
1995-02-07,4.734719,4.809281,4.734719,4.772000,0.917112,4511900
1995-02-08,4.734719,4.772000,4.697437,4.734719,0.909948,2046200
1995-02-09,4.697437,4.772000,4.697437,4.734719,0.909948,2544500
1995-02-10,4.697437,4.772000,4.697437,4.734719,0.943836,1526500
1995-02-13,4.734719,4.809281,4.734719,4.772000,0.951268,1326000
1995-02-14,4.772000,4.772000,4.734719,4.734719,0.943836,765400
1995-02-15,4.772000,4.809281,4.734719,4.734719,0.943836,1101700
1995-02-16,4.734719,4.772000,4.734719,4.734719,0.943836,918600
1995-02-17,4.772000,4.809281,4.734719,4.809281,0.958699,1460800
1995-02-21,4.809281,4.921125,4.772000,4.921125,0.980994,2113900
1995-02-22,4.921125,4.958406,4.846562,4.846562,0.966131,2541100
1995-02-23,4.883844,4.921125,4.809281,4.846562,0.966131,1577200
1995-02-24,4.883844,4.883844,4.846562,4.846562,0.966131,374500
1995-02-27,4.846562,4.883844,4.809281,4.809281,0.958699,720800
1995-02-28,4.846562,4.883844,4.809281,4.846562,0.966131,1230500
1995-03-01,4.809281,4.846562,4.809281,4.809281,0.958699,536700
1995-03-02,4.809281,4.846562,4.772000,4.809281,0.958699,678900
1995-03-03,4.809281,4.846562,4.772000,4.809281,0.958699,576000
1995-03-06,4.846562,4.958406,4.809281,4.921125,0.980994,1632100
1995-03-07,4.995687,5.144813,4.995687,5.070250,1.010722,4784200
1995-03-08,5.107531,5.182094,5.107531,5.144813,1.025585,2892800
1995-03-09,5.144813,5.182094,5.070250,5.107531,1.018154,1310900
1995-03-10,5.144813,5.182094,5.107531,5.144813,1.025585,1199600
1995-03-13,5.182094,5.219375,5.107531,5.144813,1.025585,933100
1995-03-14,5.107531,5.144813,4.995687,4.995687,0.995858,1297500
1995-03-15,5.032969,5.032969,4.995687,4.995687,0.995858,1083600
1995-03-16,5.032969,5.032969,4.921125,4.921125,0.980994,2779800
1995-03-17,4.958406,4.995687,4.921125,4.921125,0.980994,2247100
1995-03-20,4.921125,4.995687,4.921125,4.958406,0.988427,986400
1995-03-21,4.958406,4.995687,4.921125,4.921125,0.980994,1111400
1995-03-22,4.958406,5.032969,4.921125,5.032969,1.003290,1683400
1995-03-23,5.032969,5.070250,4.995687,5.032969,1.003290,1401800
1995-03-24,4.995687,5.070250,4.995687,5.032969,1.003290,2032800
1995-03-27,5.070250,5.107531,5.032969,5.032969,1.003290,1491700
1995-03-28,5.032969,5.032969,4.958406,4.995687,0.995858,1132600
1995-03-29,4.995687,5.032969,4.958406,4.995687,0.995858,1157700
1995-03-30,4.995687,5.107531,4.995687,5.070250,1.010722,1992200
1995-03-31,5.070250,5.256656,5.032969,5.219375,1.040449,3288800
1995-04-03,5.182094,5.219375,5.107531,5.219375,1.040449,2200500
1995-04-04,5.219375,5.331219,5.182094,5.293938,1.055312,4617600
1995-04-05,5.331219,5.517625,5.331219,5.443062,1.085039,9643200
1995-04-06,5.405781,5.480344,5.368500,5.368500,1.070176,4381500
1995-04-07,5.368500,5.368500,5.256656,5.293938,1.055312,4312400
1995-04-10,5.256656,5.293938,5.182094,5.219375,1.040449,2167600
1995-04-11,5.219375,5.293938,5.182094,5.293938,1.055312,2027400
1995-04-12,5.293938,5.293938,5.182094,5.219375,1.040449,1019200
1995-04-13,5.256656,5.256656,5.182094,5.219375,1.040449,881400
1995-04-17,5.256656,5.293938,5.182094,5.182094,1.033018,1370900
1995-04-18,5.219375,5.256656,5.182094,5.256656,1.047881,1786400
1995-04-19,5.256656,5.405781,5.256656,5.368500,1.070176,5698500
1995-04-20,5.331219,5.517625,5.331219,5.480344,1.092471,2999400
1995-04-21,5.517625,5.554906,5.443062,5.480344,1.092471,2507900
1995-04-24,5.443062,5.592187,5.443062,5.554906,1.107335,2305700
1995-04-25,5.592187,5.629469,5.554906,5.629469,1.122199,2389900
1995-04-26,5.629469,5.704031,5.592187,5.629469,1.122199,4272500
1995-04-27,5.517625,5.554906,5.443062,5.517625,1.099903,3642200
1995-04-28,5.517625,5.592187,5.480344,5.592187,1.114767,2827800
1995-05-01,5.629469,5.778594,5.592187,5.704031,1.137062,3857800
1995-05-02,5.741313,5.778594,5.629469,5.666750,1.129630,2403600
1995-05-03,5.666750,5.666750,5.592187,5.666750,1.129630,3191200
1995-05-04,5.629469,5.704031,5.592187,5.629469,1.122199,3184500
1995-05-05,5.629469,5.629469,5.554906,5.629469,1.122199,1941600
1995-05-08,5.629469,5.778594,5.629469,5.778594,1.151926,2188400
1995-05-09,5.778594,5.815875,5.704031,5.741313,1.144494,3236500
1995-05-10,5.741313,5.778594,5.666750,5.741313,1.144494,2663800
1995-05-11,5.666750,5.666750,5.517625,5.666750,1.139694,2587000
1995-05-12,5.629469,5.666750,5.629469,5.666750,1.174942,1132600
1995-05-15,5.666750,5.704031,5.629469,5.704031,1.182673,1239800
1995-05-16,5.704031,5.815875,5.666750,5.778594,1.198132,1534900
1995-05-17,5.778594,5.815875,5.704031,5.704031,1.182673,1689800
1995-05-18,5.704031,5.741313,5.517625,5.554906,1.151753,2307400
1995-05-19,5.517625,5.517625,5.368500,5.405781,1.120833,2492200
1995-05-22,5.405781,5.554906,5.405781,5.480344,1.136293,1352500
1995-05-23,5.480344,5.592187,5.480344,5.592187,1.159483,2172300
1995-05-24,5.592187,5.778594,5.592187,5.778594,1.198132,2867000
1995-05-25,5.741313,5.853156,5.741313,5.815875,1.205862,3590900
1995-05-26,5.815875,5.853156,5.741313,5.815875,1.205862,4136400
1995-05-30,5.815875,5.853156,5.741313,5.815875,1.205862,2310800
1995-05-31,5.815875,5.927719,5.778594,5.927719,1.229051,2168300
1995-06-01,5.927719,6.039563,5.927719,5.965000,1.236781,3890600
1995-06-02,5.927719,6.002281,5.853156,5.853156,1.213592,2185000
1995-06-05,5.890438,5.965000,5.853156,5.965000,1.236781,1442700
1995-06-06,5.927719,6.002281,5.927719,5.927719,1.229051,1230800
1995-06-07,5.927719,5.927719,5.815875,5.853156,1.213592,2139100
1995-06-08,5.778594,5.815875,5.666750,5.815875,1.205862,3042700
1995-06-09,5.815875,5.853156,5.741313,5.853156,1.213592,3636200
1995-06-12,5.853156,5.890438,5.815875,5.853156,1.213592,2821100
1995-06-13,5.890438,5.890438,5.853156,5.890438,1.221322,802000
1995-06-14,5.890438,5.927719,5.815875,5.890438,1.221322,2967300
1995-06-15,5.853156,5.965000,5.815875,5.965000,1.236781,2076700
1995-06-16,5.965000,5.965000,5.927719,5.927719,1.229051,2876100
1995-06-19,5.890438,5.965000,5.853156,5.890438,1.221322,3395800
1995-06-20,5.890438,5.927719,5.853156,5.890438,1.221322,4104900
1995-06-21,5.853156,5.890438,5.778594,5.815875,1.205862,3538900
1995-06-22,5.853156,5.927719,5.815875,5.927719,1.229051,2579700
1995-06-23,5.927719,6.002281,5.890438,5.927719,1.229051,2165600
1995-06-26,5.927719,5.965000,5.741313,5.778594,1.198132,2829800
1995-06-27,5.778594,5.815875,5.741313,5.741313,1.190403,893800
1995-06-28,5.778594,5.890438,5.741313,5.815875,1.205862,1734700
1995-06-29,5.853156,5.853156,5.778594,5.853156,1.213592,1083300
1995-06-30,5.890438,5.965000,5.853156,5.890438,1.221322,1019600
1995-07-03,5.815875,5.890438,5.815875,5.890438,1.221322,547500
1995-07-05,5.853156,5.927719,5.741313,5.778594,1.198132,2234300
1995-07-06,5.741313,5.890438,5.741313,5.890438,1.221322,2206500
1995-07-07,5.890438,5.927719,5.815875,5.853156,1.213592,1509800
1995-07-10,5.853156,5.927719,5.815875,5.853156,1.213592,1089600
1995-07-11,5.890438,5.890438,5.853156,5.890438,1.221322,1272700
1995-07-12,5.815875,5.853156,5.778594,5.815875,1.205862,1854800
1995-07-13,5.815875,5.890438,5.778594,5.853156,1.213592,1834700
1995-07-14,5.853156,5.890438,5.815875,5.853156,1.213592,1310900
1995-07-17,5.853156,5.853156,5.778594,5.815875,1.205862,2088100
1995-07-18,5.815875,5.815875,5.778594,5.778594,1.198132,1182500
1995-07-19,5.778594,5.965000,5.778594,5.853156,1.213592,3738800
1995-07-20,5.853156,5.853156,5.778594,5.853156,1.213592,833100
1995-07-21,5.815875,5.853156,5.778594,5.853156,1.213592,1198300
1995-07-24,5.815875,5.890438,5.778594,5.815875,1.205862,1151700
1995-07-25,5.815875,5.890438,5.741313,5.853156,1.213592,2493500
1995-07-26,5.890438,5.890438,5.815875,5.853156,1.213592,1007500
1995-07-27,5.890438,6.002281,5.890438,5.965000,1.236781,2403300
1995-07-28,5.965000,5.965000,5.853156,5.927719,1.229051,3521200
1995-07-31,5.927719,6.039563,5.890438,6.002281,1.244512,2369400
1995-08-01,6.002281,6.039563,5.927719,6.002281,1.244512,2644000
1995-08-02,5.965000,6.002281,5.890438,5.927719,1.229051,2618600
1995-08-03,5.853156,5.890438,5.815875,5.890438,1.221322,1134200
1995-08-04,5.890438,5.965000,5.853156,5.965000,1.236781,1315600
1995-08-07,6.002281,6.039563,5.965000,5.965000,1.236781,690600
1995-08-08,5.965000,6.114125,5.965000,6.114125,1.267702,2874400
1995-08-09,6.076844,6.188687,6.076844,6.188687,1.283161,2024100
1995-08-10,6.151406,6.188687,6.151406,6.188687,1.319404,1183900
1995-08-11,6.151406,6.188687,6.002281,6.039563,1.287611,2107900
1995-08-14,6.039563,6.076844,5.965000,6.002281,1.290496,1401800
1995-08-15,5.965000,6.002281,5.965000,5.965000,1.282481,1214400
1995-08-16,6.002281,6.002281,5.890438,5.965000,1.282481,1358200
1995-08-17,5.927719,6.076844,5.890438,6.039563,1.298512,2243700
1995-08-18,6.076844,6.076844,6.002281,6.002281,1.290496,1602600
1995-08-21,6.002281,6.114125,6.002281,6.076844,1.306527,1158700
1995-08-22,6.076844,6.114125,6.002281,6.114125,1.314543,2054600
1995-08-23,6.151406,6.225969,6.114125,6.151406,1.322559,1260600
1995-08-24,6.188687,6.188687,6.076844,6.076844,1.306527,1311600
1995-08-25,6.114125,6.151406,6.076844,6.114125,1.314543,1552000
1995-08-28,6.151406,6.225969,6.151406,6.188687,1.330573,1201300
1995-08-29,6.151406,6.188687,6.039563,6.039563,1.298512,957500
1995-08-30,6.076844,6.076844,6.002281,6.076844,1.306527,2463000
1995-08-31,6.039563,6.225969,6.039563,6.151406,1.322559,1645900
1995-09-01,6.114125,6.263250,6.114125,6.225969,1.338590,1474200
1995-09-05,6.225969,6.263250,6.114125,6.225969,1.338590,1990600
1995-09-06,6.263250,6.263250,6.114125,6.151406,1.322559,2488500
1995-09-07,6.188687,6.188687,6.076844,6.114125,1.314543,1815200
1995-09-08,6.151406,6.263250,6.151406,6.225969,1.338590,1295800
1995-09-11,6.263250,6.300531,6.188687,6.300531,1.354620,1492300
1995-09-12,6.300531,6.337812,6.263250,6.337812,1.362636,1529200
1995-09-13,6.300531,6.337812,6.225969,6.300531,1.354620,1128900
1995-09-14,6.337812,6.375094,6.225969,6.375094,1.370651,1900700
1995-09-15,6.412375,6.412375,6.114125,6.188687,1.330573,4208500
1995-09-18,6.225969,6.263250,6.151406,6.188687,1.330573,958500
1995-09-19,6.188687,6.337812,6.188687,6.300531,1.354620,1393400
1995-09-20,6.300531,6.375094,6.300531,6.337812,1.362636,1109100
1995-09-21,6.337812,6.375094,6.300531,6.337812,1.362636,1567400
1995-09-22,6.114125,6.188687,6.114125,6.151406,1.322559,2041900
1995-09-25,6.151406,6.188687,6.039563,6.076844,1.306527,671500
1995-09-26,6.114125,6.114125,5.890438,5.965000,1.282481,1875200
1995-09-27,5.890438,5.965000,5.815875,5.927719,1.274465,2020400
1995-09-28,5.890438,5.965000,5.890438,5.965000,1.282481,1097400
1995-09-29,5.965000,5.965000,5.890438,5.890438,1.266450,834100
1995-10-02,5.890438,5.890438,5.666750,5.704031,1.226373,4704400
1995-10-03,5.704031,5.741313,5.592187,5.592187,1.202326,2739600
1995-10-04,5.629469,5.741313,5.629469,5.741313,1.234389,2158200
1995-10-05,5.741313,5.741313,5.666750,5.704031,1.226373,1616400
1995-10-06,5.704031,5.741313,5.592187,5.629469,1.210341,1980800
1995-10-09,5.666750,5.704031,5.629469,5.666750,1.218357,2417400
1995-10-10,5.666750,5.704031,5.592187,5.666750,1.218357,1439300
1995-10-11,5.666750,5.704031,5.592187,5.592187,1.202326,2075700
1995-10-12,5.629469,5.666750,5.592187,5.629469,1.210341,1073200
1995-10-13,5.666750,5.704031,5.629469,5.629469,1.210341,923300
1995-10-16,5.629469,5.666750,5.554906,5.554906,1.194311,1134200
1995-10-17,5.592187,5.704031,5.554906,5.704031,1.226373,957500
1995-10-18,5.666750,5.704031,5.629469,5.666750,1.218357,1286800
1995-10-19,5.666750,5.704031,5.592187,5.666750,1.218357,1846700
1995-10-20,5.629469,5.741313,5.629469,5.629469,1.210341,1524800
1995-10-23,5.629469,5.629469,5.517625,5.517625,1.186295,1388400
1995-10-24,5.554906,5.554906,5.368500,5.405781,1.162248,3632100
1995-10-25,5.405781,5.405781,5.331219,5.405781,1.162248,4332200
1995-10-26,5.368500,5.405781,5.293938,5.293938,1.138201,1702500
1995-10-27,5.368500,5.368500,5.219375,5.368500,1.154233,3573100
1995-10-30,5.405781,5.443062,5.331219,5.405781,1.162248,2916600
1995-10-31,5.405781,5.405781,5.293938,5.293938,1.138201,3064200
1995-11-01,5.331219,5.405781,5.293938,5.368500,1.154233,2480800
1995-11-02,5.368500,5.480344,5.293938,5.405781,1.162248,12070700
1995-11-03,5.480344,5.554906,5.443062,5.554906,1.194311,6110900
1995-11-06,5.592187,5.629469,5.443062,5.443062,1.170264,5276100
1995-11-07,5.480344,5.517625,5.443062,5.480344,1.178280,1388400
1995-11-08,5.480344,5.554906,5.443062,5.517625,1.186295,2466700
1995-11-09,5.517625,5.554906,5.368500,5.368500,1.154233,2082100
1995-11-10,5.405781,5.405781,5.368500,5.368500,1.154233,1600000
1995-11-13,5.443062,5.480344,5.368500,5.443062,1.208534,2553200
1995-11-14,5.368500,5.368500,5.293938,5.331219,1.194830,1983200
1995-11-15,5.331219,5.368500,5.293938,5.368500,1.203185,5249900
1995-11-16,5.331219,5.517625,5.293938,5.517625,1.236607,3920200
1995-11-17,5.517625,5.629469,5.480344,5.629469,1.261673,2135400
1995-11-20,5.629469,5.666750,5.592187,5.592187,1.253319,887500
1995-11-21,5.554906,5.666750,5.554906,5.592187,1.253319,1523500
1995-11-22,5.592187,5.666750,5.480344,5.592187,1.253319,1113800
1995-11-24,5.592187,5.629469,5.517625,5.592187,1.253319,378800
1995-11-27,5.592187,5.629469,5.517625,5.554906,1.244963,1416500
1995-11-28,5.517625,5.592187,5.443062,5.554906,1.244963,1643200
1995-11-29,5.592187,5.592187,5.480344,5.517625,1.236607,978000
1995-11-30,5.517625,5.592187,5.443062,5.480344,1.228252,2005300
1995-12-01,5.517625,5.554906,5.480344,5.517625,1.236607,1405100
1995-12-04,5.517625,5.592187,5.517625,5.517625,1.236607,1110400
1995-12-05,5.517625,5.592187,5.517625,5.554906,1.244963,5572100
1995-12-06,5.592187,5.629469,5.517625,5.554906,1.244963,3061500
1995-12-07,5.554906,5.629469,5.554906,5.592187,1.253319,2159500
1995-12-08,5.629469,5.666750,5.592187,5.592187,1.253319,1351500
1995-12-11,5.666750,5.890438,5.629469,5.815875,1.303451,3676100
1995-12-12,5.853156,5.965000,5.704031,5.704031,1.278385,3715600
1995-12-13,5.741313,5.890438,5.704031,5.890438,1.320162,2440200
1995-12-14,5.965000,6.002281,5.741313,5.890438,1.320162,5562400
1995-12-15,5.927719,5.927719,5.815875,5.815875,1.303451,3653600
1995-12-18,5.778594,5.778594,5.666750,5.666750,1.270029,1246200
1995-12-19,5.666750,5.741313,5.629469,5.741313,1.286741,1682100
1995-12-20,5.741313,5.890438,5.741313,5.741313,1.286741,2778500
1995-12-21,5.741313,5.778594,5.666750,5.741313,1.286741,1744800
1995-12-22,5.666750,5.704031,5.592187,5.629469,1.261673,2552200
1995-12-26,5.629469,5.778594,5.629469,5.741313,1.286741,3261300
1995-12-27,5.778594,5.815875,5.741313,5.778594,1.295095,1391700
1995-12-28,5.778594,5.778594,5.741313,5.778594,1.295095,1108800
1995-12-29,5.778594,5.815875,5.704031,5.815875,1.303451,2031800
1996-01-02,5.778594,5.815875,5.741313,5.741313,1.286741,1952000
1996-01-03,5.778594,5.853156,5.778594,5.853156,1.311806,2385200
1996-01-04,5.853156,6.002281,5.853156,5.927719,1.328517,4347600
1996-01-05,5.965000,6.114125,5.965000,6.076844,1.361939,5293200
1996-01-08,6.076844,6.114125,6.039563,6.076844,1.361939,902900
1996-01-09,6.039563,6.076844,5.965000,6.002281,1.345228,1505700
1996-01-10,5.927719,5.927719,5.704031,5.853156,1.311806,3577200
1996-01-11,5.890438,5.890438,5.778594,5.853156,1.311806,1595300
1996-01-12,5.853156,5.853156,5.778594,5.778594,1.295095,2072000
1996-01-15,5.778594,5.853156,5.778594,5.815875,1.303451,1034000
1996-01-16,5.815875,5.853156,5.778594,5.853156,1.311806,1760200
1996-01-17,5.853156,5.890438,5.778594,5.853156,1.311806,1173500
1996-01-18,5.815875,5.853156,5.704031,5.704031,1.278385,1504100
1996-01-19,5.704031,5.741313,5.666750,5.741313,1.286741,1445700
1996-01-22,5.741313,5.741313,5.629469,5.704031,1.278385,1394800
1996-01-23,5.666750,5.666750,5.480344,5.592187,1.253319,2294000
1996-01-24,5.629469,5.853156,5.517625,5.517625,1.236607,1394400
1996-01-25,5.368500,5.629469,5.144813,5.629469,1.261673,7482300
1996-01-26,5.554906,5.741313,5.480344,5.741313,1.286741,2943500
1996-01-29,5.666750,5.704031,5.554906,5.629469,1.261673,1535600
1996-01-30,5.554906,5.629469,5.554906,5.592187,1.253319,1426300
1996-01-31,5.592187,5.629469,5.517625,5.592187,1.253319,1660600
1996-02-01,5.629469,5.778594,5.592187,5.778594,1.295095,2317100
1996-02-02,5.778594,5.778594,5.666750,5.704031,1.278385,1620400
1996-02-05,5.666750,5.965000,5.592187,5.666750,1.270029,543800
1996-02-06,5.629469,5.629469,5.517625,5.592187,1.253319,2078700
1996-02-07,5.592187,5.629469,5.554906,5.592187,1.253319,1200000
1996-02-08,5.554906,5.629469,5.517625,5.592187,1.253319,2835500
1996-02-09,5.554906,5.704031,5.517625,5.666750,1.270029,3866200
1996-02-12,5.666750,5.704031,5.592187,5.666750,1.270029,4674600
1996-02-13,5.629469,5.666750,5.554906,5.554906,1.283466,2157900
1996-02-14,5.592187,5.592187,5.405781,5.517625,1.274852,3763900
1996-02-15,5.517625,5.629469,5.480344,5.592187,1.292080,2264800
1996-02-16,5.554906,5.648109,5.554906,5.592187,1.303902,2106200
1996-02-20,5.517625,5.592187,5.443062,5.554906,1.295209,9234500
1996-02-21,5.554906,5.666750,5.554906,5.629469,1.312594,2991100
1996-02-22,5.704031,5.778594,5.666750,5.666750,1.321286,1983200
1996-02-23,5.778594,5.778594,5.629469,5.666750,1.321286,1650600
1996-02-26,5.629469,5.666750,5.592187,5.592187,1.303902,2447600
1996-02-27,5.592187,5.592187,5.517625,5.592187,1.303902,1373600
1996-02-28,5.554906,5.592187,5.443062,5.443062,1.269130,3118100
1996-02-29,5.443062,5.554906,5.443062,5.517625,1.286516,2309400
1996-03-01,5.480344,5.517625,5.443062,5.443062,1.269130,4981000
1996-03-04,5.443062,5.443062,5.331219,5.405781,1.260438,5038000
1996-03-05,5.368500,5.592187,5.368500,5.592187,1.303902,1153300
1996-03-06,5.554906,5.704031,5.554906,5.666750,1.321286,2158200
1996-03-07,5.704031,5.704031,5.554906,5.592187,1.303902,1434300
1996-03-08,5.480344,5.554906,5.443062,5.480344,1.277823,2079400
1996-03-11,5.443062,5.554906,5.405781,5.517625,1.286516,1521200
1996-03-12,5.517625,5.554906,5.443062,5.480344,1.277823,1094300
1996-03-13,5.554906,5.629469,5.480344,5.592187,1.303902,1628800
1996-03-14,5.704031,5.778594,5.666750,5.741313,1.338672,3095700
1996-03-15,5.741313,5.815875,5.666750,5.704031,1.329979,3111400
1996-03-18,5.741313,5.890438,5.704031,5.890438,1.373443,2559200
1996-03-19,5.890438,5.927719,5.815875,5.815875,1.356057,1306200
1996-03-20,5.890438,5.927719,5.778594,5.778594,1.347365,2259500
1996-03-21,5.815875,5.853156,5.666750,5.741313,1.338672,1296200
1996-03-22,5.741313,5.741313,5.629469,5.704031,1.329979,2030100
1996-03-25,5.741313,5.853156,5.704031,5.815875,1.356057,1582200
1996-03-26,5.778594,5.927719,5.778594,5.927719,1.382136,1793700
1996-03-27,5.927719,6.002281,5.890438,5.927719,1.382136,3471200
1996-03-28,5.890438,5.927719,5.815875,5.815875,1.356057,1355200
1996-03-29,5.815875,5.853156,5.741313,5.741313,1.338672,2405600
1996-04-01,5.741313,5.815875,5.685390,5.704031,1.329979,1961400
1996-04-02,5.741313,5.927719,5.704031,5.927719,1.382136,3193900
1996-04-03,5.890438,5.890438,5.853156,5.890438,1.373443,1032300
1996-04-04,5.965000,6.151406,5.927719,6.151406,1.434292,4049900
1996-04-08,6.002281,6.002281,5.890438,5.927719,1.382136,2258100
1996-04-09,5.927719,6.151406,5.927719,5.965000,1.390828,3388700
1996-04-10,5.965000,6.076844,5.965000,6.039563,1.408214,2181000
1996-04-11,6.039563,6.039563,5.927719,6.002281,1.399520,3461100
1996-04-12,5.965000,6.002281,5.890438,5.927719,1.382136,3295200
1996-04-15,5.927719,6.039563,5.927719,6.002281,1.399520,2222600
1996-04-16,6.002281,6.114125,6.002281,6.114125,1.425599,2729500
1996-04-17,5.965000,6.076844,5.927719,5.927719,1.382136,1753800
1996-04-18,6.002281,6.095484,5.965000,5.965000,1.390828,1810200
1996-04-19,6.002281,6.076844,5.965000,6.039563,1.408214,1641900
1996-04-22,6.039563,6.076844,6.002281,6.039563,1.408214,1405500
1996-04-23,6.039563,6.225969,6.002281,6.188687,1.442985,2420700
1996-04-24,6.225969,6.337812,6.188687,6.263250,1.460370,5642500
1996-04-25,6.263250,6.263250,6.188687,6.263250,1.460370,3117500
1996-04-26,6.263250,6.636063,6.263250,6.561500,1.529911,9915500
1996-04-29,6.486938,6.561500,6.486938,6.561500,1.529911,5131200
1996-04-30,6.412375,6.561500,6.375094,6.561500,1.529911,3573100
1996-05-01,6.449656,6.505578,6.412375,6.449656,1.503833,3851100
1996-05-02,6.337812,6.412375,6.263250,6.300531,1.469062,2179000
1996-05-03,6.337812,6.412375,6.225969,6.263250,1.460370,3150000
1996-05-06,6.263250,6.449656,6.263250,6.449656,1.503833,3034700
1996-05-07,6.412375,6.449656,6.263250,6.263250,1.460370,2871400
1996-05-08,6.188687,6.561500,6.188687,6.561500,1.529911,5762200
1996-05-09,6.524219,6.561500,6.449656,6.486938,1.512525,4681600
1996-05-10,6.486938,6.561500,6.449656,6.561500,1.529911,2176600
1996-05-13,6.524219,6.598781,6.524219,6.561500,1.529911,1831000
1996-05-14,6.524219,6.673344,6.524219,6.524219,1.561679,3919100
1996-05-15,6.561500,6.598781,6.412375,6.524219,1.561679,3901700
1996-05-16,6.524219,6.636063,6.486938,6.561500,1.570603,4967600
1996-05-17,6.561500,6.598781,6.561500,6.598781,1.579527,2404300
1996-05-20,6.561500,6.673344,6.524219,6.673344,1.597375,5793700
1996-05-21,6.636063,6.673344,6.598781,6.673344,1.597375,4346300
1996-05-22,6.673344,6.822469,6.636063,6.785188,1.624146,4166600
1996-05-23,6.747906,6.747906,6.561500,6.673344,1.597375,3059800
1996-05-24,6.673344,6.747906,6.673344,6.747906,1.615223,1011500
1996-05-28,6.747906,6.747906,6.598781,6.598781,1.579527,1920200
1996-05-29,6.598781,6.673344,6.524219,6.636063,1.588450,1865200
1996-05-30,6.598781,6.636063,6.449656,6.561500,1.570603,1896300
1996-05-31,6.524219,6.561500,6.449656,6.524219,1.561679,2153200
1996-06-03,6.486938,6.524219,6.375094,6.449656,1.543832,3765900
1996-06-04,6.449656,6.449656,6.375094,6.449656,1.543832,2244400
1996-06-05,6.449656,6.449656,6.375094,6.449656,1.543832,2165200
1996-06-06,6.412375,6.412375,6.263250,6.263250,1.499212,1753500
1996-06-07,6.114125,6.375094,6.114125,6.375094,1.525984,2237000
1996-06-10,6.375094,6.375094,6.225969,6.263250,1.499212,2368800
1996-06-11,6.337812,6.449656,6.337812,6.337812,1.517060,2614900
1996-06-12,6.300531,6.337812,6.225969,6.300531,1.508136,1831600
1996-06-13,6.263250,6.300531,6.188687,6.225969,1.490289,2408700
1996-06-14,6.188687,6.225969,6.039563,6.039563,1.445670,2903600
1996-06-17,6.039563,6.188687,6.039563,6.114125,1.463516,3121200
1996-06-18,6.076844,6.114125,6.039563,6.076844,1.454593,1391700
1996-06-19,6.002281,6.039563,5.927719,6.039563,1.445670,3850700
1996-06-20,6.039563,6.039563,5.965000,6.039563,1.445670,1752800
1996-06-21,6.076844,6.151406,6.039563,6.114125,1.463516,4375500
1996-06-24,6.076844,6.132766,6.076844,6.114125,1.463516,2828800
1996-06-25,6.076844,6.114125,5.965000,6.039563,1.445670,2867300
1996-06-26,6.076844,6.114125,6.039563,6.076844,1.454593,2616200
1996-06-27,6.039563,6.076844,5.965000,5.965000,1.427821,4048900
1996-06-28,6.002281,6.058203,5.927719,6.002281,1.436745,3297500
1996-07-01,6.002281,6.114125,5.965000,6.114125,1.463516,2510300
1996-07-02,6.151406,6.263250,6.151406,6.263250,1.499212,2232000
1996-07-03,6.225969,6.412375,6.188687,6.337812,1.517060,2972600
1996-07-05,6.225969,6.263250,6.114125,6.114125,1.463516,986000
1996-07-08,6.114125,6.263250,6.114125,6.151406,1.472441,1041000
1996-07-09,6.225969,6.300531,6.188687,6.300531,1.508136,1309300
1996-07-10,6.337812,6.412375,6.263250,6.337812,1.517060,2125700
1996-07-11,6.337812,6.337812,6.151406,6.188687,1.481365,3163100
1996-07-12,6.225969,6.412375,6.188687,6.412375,1.534908,3007500
1996-07-15,6.375094,6.375094,6.225969,6.225969,1.490289,2872400
1996-07-16,6.188687,6.225969,6.039563,6.188687,1.481365,3377300
1996-07-17,6.263250,6.263250,6.188687,6.263250,1.499212,1176100
1996-07-18,6.263250,6.412375,6.263250,6.300531,1.508136,3785000
1996-07-19,6.263250,6.300531,6.188687,6.300531,1.508136,1787400
1996-07-22,6.263250,6.300531,6.188687,6.263250,1.499212,959900
1996-07-23,6.263250,6.300531,6.188687,6.225969,1.490289,1333700
1996-07-24,6.076844,6.225969,6.039563,6.188687,1.481365,1618100
1996-07-25,6.188687,6.188687,6.039563,6.076844,1.454593,966600
1996-07-26,6.076844,6.188687,6.039563,6.151406,1.472441,1399800
1996-07-29,6.114125,6.151406,6.002281,6.039563,1.445670,1291800
1996-07-30,6.039563,6.076844,5.983641,6.039563,1.445670,2051900
1996-07-31,6.002281,6.114125,5.965000,6.114125,1.463516,2037500
1996-08-01,6.076844,6.114125,6.002281,6.039563,1.445670,2406300
1996-08-02,6.039563,6.114125,6.002281,6.114125,1.463516,1606700
1996-08-05,6.114125,6.225969,6.076844,6.188687,1.481365,1110100
1996-08-06,6.188687,6.188687,6.114125,6.188687,1.481365,625300
1996-08-07,6.300531,6.300531,6.151406,6.188687,1.481365,1988900
1996-08-08,6.151406,6.188687,6.114125,6.114125,1.463516,1042000
1996-08-09,6.151406,6.235289,6.114125,6.225969,1.490289,1389100
1996-08-12,6.188687,6.263250,6.188687,6.263250,1.499212,1282100
1996-08-13,6.225969,6.225969,6.114125,6.188687,1.481365,736200
1996-08-14,6.151406,6.225969,6.151406,6.188687,1.481365,1850100
1996-08-15,6.188687,6.225969,6.151406,6.188687,1.481365,2387500
1996-08-16,6.225969,6.300531,6.151406,6.225969,1.490289,2494500
1996-08-19,6.188687,6.263250,6.151406,6.225969,1.532123,2366100
1996-08-20,6.263250,6.300531,6.188687,6.225969,1.532123,3587500
1996-08-21,6.225969,6.225969,6.188687,6.188687,1.522949,1801800
1996-08-22,6.188687,6.263250,6.151406,6.151406,1.513774,4039800
1996-08-23,6.151406,6.188687,6.002281,6.076844,1.495426,3095700
1996-08-26,6.039563,6.114125,6.002281,6.076844,1.495426,1969800
1996-08-27,6.114125,6.337812,6.114125,6.300531,1.550472,3452100
1996-08-28,6.263250,6.300531,6.225969,6.263250,1.541297,1586200
1996-08-29,6.225969,6.300531,6.188687,6.263250,1.541297,1418900
1996-08-30,6.225969,6.263250,6.225969,6.225969,1.532123,983700
1996-09-03,6.375094,6.486938,6.337812,6.486938,1.596343,4475700
1996-09-04,6.412375,6.486938,6.412375,6.486938,1.596343,6084800
1996-09-05,6.412375,6.449656,6.263250,6.263250,1.541297,1796800
1996-09-06,6.263250,6.375094,6.263250,6.375094,1.568821,2183400
1996-09-09,6.375094,6.486938,6.337812,6.486938,1.596343,1996900
1996-09-10,6.449656,6.486938,6.449656,6.449656,1.587170,1995600
1996-09-11,6.449656,6.598781,6.431015,6.561500,1.614692,9761200
1996-09-12,6.524219,6.561500,6.486938,6.561500,1.614692,2887800
1996-09-13,6.561500,6.561500,6.486938,6.486938,1.596343,2342300
1996-09-16,6.486938,6.486938,6.375094,6.375094,1.568821,1949700
1996-09-17,6.412375,6.449656,6.300531,6.412375,1.577995,2104900
1996-09-18,6.449656,6.561500,6.412375,6.561500,1.614692,4345600
1996-09-19,6.561500,6.561500,6.524219,6.561500,1.614692,2905200
1996-09-20,6.561500,6.561500,6.524219,6.561500,1.614692,2580300
1996-09-23,6.486938,6.524219,6.412375,6.449656,1.587170,1085300
1996-09-24,6.449656,6.468297,6.375094,6.449656,1.587170,4354700
1996-09-25,6.486938,6.486938,6.300531,6.300531,1.550472,4955200
1996-09-26,6.375094,6.431015,6.300531,6.375094,1.568821,1973500
1996-09-27,6.375094,6.412375,6.337812,6.375094,1.568821,890100
1996-09-30,6.412375,6.449656,6.375094,6.449656,1.587170,2531700
1996-10-01,6.412375,6.524219,6.412375,6.449656,1.587170,2414700
1996-10-02,6.486938,6.542860,6.486938,6.524219,1.605518,2700700
1996-10-03,6.486938,6.524219,6.412375,6.449656,1.587170,1812200
1996-10-04,6.486938,6.636063,6.449656,6.636063,1.633041,7375300
1996-10-07,6.561500,6.710625,6.561500,6.710625,1.651390,3062800
1996-10-08,6.710625,6.747906,6.636063,6.636063,1.633041,2000300
1996-10-09,6.785188,6.822469,6.636063,6.673344,1.642216,2036200
1996-10-10,6.710625,6.710625,6.598781,6.636063,1.633041,766400
1996-10-11,6.598781,6.710625,6.598781,6.673344,1.642216,1046400
1996-10-14,6.710625,6.859750,6.673344,6.785188,1.669738,3580500
1996-10-15,6.822469,6.897031,6.822469,6.897031,1.697262,8276900
1996-10-16,6.822469,6.897031,6.822469,6.859750,1.688087,6180000
1996-10-17,6.859750,6.897031,6.785188,6.822469,1.678913,2021700
1996-10-18,6.822469,6.934312,6.785188,6.934312,1.706436,4256800
1996-10-21,6.934312,7.046156,6.934312,6.934312,1.706436,5128900
1996-10-22,6.934312,7.008875,6.897031,6.971594,1.715611,3820600
1996-10-23,6.971594,7.046156,6.971594,7.046156,1.733960,3282400
1996-10-24,7.008875,7.046156,6.934312,7.008875,1.724785,1929900
1996-10-25,6.971594,7.083437,6.971594,7.083437,1.743134,2566600
1996-10-28,7.083437,7.083437,6.822469,6.822469,1.678913,2548500
1996-10-29,6.822469,6.971594,6.710625,6.934312,1.706436,3238800
1996-10-30,6.822469,6.859750,6.524219,6.561500,1.614692,5012200
1996-10-31,6.561500,6.636063,6.524219,6.524219,1.605518,3959000
1996-11-01,6.561500,6.561500,6.300531,6.375094,1.568821,8438500
1996-11-04,6.412375,6.486938,6.375094,6.486938,1.596343,5030600
1996-11-05,6.486938,6.710625,6.486938,6.673344,1.642216,4846600
1996-11-06,6.524219,6.747906,6.449656,6.747906,1.660564,6778800
1996-11-07,6.673344,6.971594,6.673344,6.747906,1.660564,2740600
1996-11-08,6.710625,6.785188,6.636063,6.710625,1.651390,1827600
1996-11-11,6.710625,6.747906,6.673344,6.710625,1.651390,1454800
1996-11-12,6.710625,6.710625,6.598781,6.636063,1.633041,2534400
1996-11-13,6.636063,6.636063,6.449656,6.524219,1.605518,5721300
1996-11-14,6.486938,6.598781,6.449656,6.598781,1.623867,2255100
1996-11-15,6.598781,6.710625,6.561500,6.636063,1.633041,2554500
1996-11-18,6.598781,6.710625,6.598781,6.710625,1.694807,1556000
1996-11-19,6.710625,6.785188,6.673344,6.785188,1.713638,2295000
1996-11-20,6.785188,6.785188,6.636063,6.636063,1.675976,1195600
1996-11-21,6.673344,6.747906,6.636063,6.710625,1.694807,2156200
1996-11-22,6.710625,6.971594,6.710625,6.971594,1.760717,4090500
1996-11-25,6.971594,7.046156,6.859750,6.897031,1.741885,2528400
1996-11-26,6.859750,6.934312,6.710625,6.822469,1.723054,3583200
1996-11-27,6.897031,6.934312,6.822469,6.859750,1.732469,4290600
1996-11-29,6.934312,6.934312,6.822469,6.822469,1.723054,901500
1996-12-02,6.897031,7.158000,6.859750,7.120719,1.798378,4108900
1996-12-03,7.083437,7.176641,7.008875,7.158000,1.807794,4800000
1996-12-04,7.120719,7.269844,7.046156,7.120719,1.798378,5532900
1996-12-05,7.083437,7.307125,7.083437,7.269844,1.836041,2953200
1996-12-06,7.083437,7.195281,7.046156,7.195281,1.817210,3338400
1996-12-09,7.158000,7.418969,7.158000,7.381688,1.864287,4828100
1996-12-10,7.381688,7.568094,7.381688,7.493531,1.892535,5279400
1996-12-11,7.456250,7.493531,7.046156,7.269844,1.836041,5578800
1996-12-12,7.307125,7.418969,7.195281,7.344406,1.854872,2864300
1996-12-13,7.344406,7.381688,7.083437,7.232563,1.826625,6409300
1996-12-16,7.269844,7.381688,7.232563,7.232563,1.826625,2730500
1996-12-17,7.232563,7.269844,7.158000,7.158000,1.807794,4076700
1996-12-18,7.232563,7.269844,7.195281,7.232563,1.826625,4371500
1996-12-19,7.232563,7.232563,7.195281,7.195281,1.817210,2669500
1996-12-20,7.269844,7.269844,7.120719,7.158000,1.807794,5750500
1996-12-23,7.232563,7.493531,7.232563,7.456250,1.883118,7030600
1996-12-24,7.456250,7.530812,7.418969,7.493531,1.892535,3538600
1996-12-26,7.456250,7.605375,7.307125,7.344406,1.854872,2600500
1996-12-27,7.418969,7.456250,7.381688,7.418969,1.873704,1766300
1996-12-30,7.418969,7.437609,7.269844,7.269844,1.836041,2010700
1996-12-31,7.307125,7.307125,7.083437,7.120719,1.798378,1699500
1997-01-02,7.195281,7.344406,7.120719,7.307125,1.845456,2336900
1997-01-03,7.381688,7.381688,7.083437,7.120719,1.798378,2202100
1997-01-06,7.232563,7.493531,7.232563,7.381688,1.864287,7845000
1997-01-07,7.344406,7.493531,7.344406,7.456250,1.883118,5702500
1997-01-08,7.530812,7.605375,7.493531,7.568094,1.911366,4398600
1997-01-09,7.605375,7.978188,7.605375,7.903625,1.996106,5886000
1997-01-10,7.829062,8.015469,7.791781,8.015469,2.024352,3792100
1997-01-13,7.903625,8.052750,7.903625,8.015469,2.024352,4128700
1997-01-14,7.978188,8.015469,7.903625,7.978188,2.014937,2504600
1997-01-15,7.940906,8.127313,7.940906,8.052750,2.033769,2068300
1997-01-16,8.090032,8.276438,8.015469,8.164594,2.062015,4945800
1997-01-17,8.201875,8.239157,8.164594,8.164594,2.062015,4501500
1997-01-20,8.127313,8.164594,8.015469,8.052750,2.033769,1353500
1997-01-21,7.903625,8.127313,7.903625,8.090032,2.043184,2873700
1997-01-22,8.052750,8.090032,7.978188,8.052750,2.033769,1321000
1997-01-23,8.127313,8.313719,8.090032,8.164594,2.062015,3270700
1997-01-24,8.164594,8.164594,7.903625,8.052750,2.033769,3064800
1997-01-27,8.015469,8.127313,8.015469,8.127313,2.052599,2187400
1997-01-28,8.127313,8.127313,7.754500,7.791781,1.967860,2805000
1997-01-29,7.829062,7.978188,7.754500,7.940906,2.005522,2727200
1997-01-30,8.015469,8.127313,7.978188,8.090032,2.043184,3806200
1997-01-31,8.090032,8.127313,7.866344,7.940906,2.005522,4483800
1997-02-03,7.940906,8.090032,7.903625,8.090032,2.043184,2809000
1997-02-04,8.127313,8.201875,8.052750,8.201875,2.071431,3139300
1997-02-05,8.239157,8.313719,8.164594,8.164594,2.062015,2673200
1997-02-06,8.090032,8.164594,8.015469,8.164594,2.062015,2458000
1997-02-07,8.090032,8.201875,8.015469,8.127313,2.052599,2881400
1997-02-10,8.127313,8.201875,8.052750,8.090032,2.043184,5032000
1997-02-11,8.127313,8.239157,8.090032,8.239157,2.080847,1921200
1997-02-12,8.313719,8.500125,8.201875,8.239157,2.080847,3176100
1997-02-13,8.239157,8.239157,8.052750,8.164594,2.062015,3886300
1997-02-14,7.978188,8.090032,7.940906,8.015469,2.072584,1841400
1997-02-18,8.052750,8.276438,8.015469,8.276438,2.140064,2631600
1997-02-19,8.276438,8.276438,8.052750,8.090032,2.091864,3371300
1997-02-20,8.052750,8.090032,7.829062,7.829062,2.024384,2177700
1997-02-21,7.829062,8.052750,7.829062,7.978188,2.062945,2181700
1997-02-24,7.940906,8.090032,7.940906,8.052750,2.082223,2871400
1997-02-25,8.052750,8.164594,8.052750,8.127313,2.101505,2536400
1997-02-26,8.090032,8.090032,7.717219,7.829062,2.024384,3354900
1997-02-27,7.866344,7.866344,7.642656,7.717219,1.995465,3547300
1997-02-28,7.642656,8.015469,7.605375,7.940906,2.053304,4492500
1997-03-03,7.866344,7.903625,7.829062,7.829062,2.024384,1680800
1997-03-04,7.866344,8.090032,7.829062,7.940906,2.053304,3509800
1997-03-05,7.978188,8.127313,7.940906,8.090032,2.091864,5876900
1997-03-06,8.015469,8.164594,8.015469,8.127313,2.101505,4019700
1997-03-07,8.127313,8.164594,8.090032,8.127313,2.101505,2936100
1997-03-10,8.201875,8.351000,8.201875,8.351000,2.159344,3009800
1997-03-11,8.351000,8.351000,8.239157,8.239157,2.130424,3626800
1997-03-12,8.239157,8.276438,8.127313,8.164594,2.111144,2541800
1997-03-13,8.090032,8.127313,7.903625,7.903625,2.043664,3108800
1997-03-14,8.015469,8.052750,7.940906,8.052750,2.082223,1419900
1997-03-17,8.052750,8.090032,7.978188,8.090032,2.091864,1665000
1997-03-18,8.090032,8.090032,7.903625,7.903625,2.043664,3640900
1997-03-19,7.940906,7.978188,7.903625,7.978188,2.062945,5346500
1997-03-20,7.978188,8.090032,7.903625,8.052750,2.082223,3091300
1997-03-21,8.052750,8.313719,8.015469,8.276438,2.140064,5260300
1997-03-24,8.351000,8.388281,8.313719,8.388281,2.168983,2485800
1997-03-25,8.351000,8.388281,8.201875,8.201875,2.120784,1859500
1997-03-26,8.239157,8.462844,8.201875,8.388281,2.168983,3176500
1997-03-27,8.388281,8.388281,8.052750,8.090032,2.091864,1695200
1997-03-31,8.127313,8.388281,8.052750,8.313719,2.149704,4060600
1997-04-01,8.313719,8.313719,8.127313,8.201875,2.120784,2161600
1997-04-02,8.201875,8.388281,8.164594,8.276438,2.140064,4899500
1997-04-03,8.239157,8.239157,7.940906,8.052750,2.082223,4578700
1997-04-04,7.940906,8.015469,7.940906,7.978188,2.062945,2241400
1997-04-07,8.052750,8.164594,7.978188,8.127313,2.101505,2453300
1997-04-08,8.127313,8.201875,8.090032,8.164594,2.111144,1884600
1997-04-09,8.164594,8.201875,8.127313,8.164594,2.111144,1515100
1997-04-10,8.164594,8.164594,8.015469,8.052750,2.082223,2614500
1997-04-11,7.978188,8.015469,7.717219,7.829062,2.024384,2474700
1997-04-14,7.791781,7.866344,7.717219,7.866344,2.034025,2656100
1997-04-15,7.866344,7.940906,7.829062,7.903625,2.043664,4761100
1997-04-16,7.940906,7.978188,7.866344,7.903625,2.043664,3171100
1997-04-17,7.903625,8.015469,7.866344,7.903625,2.043664,1794400
1997-04-18,7.978188,7.978188,7.866344,7.978188,2.062945,1705900
1997-04-21,7.978188,8.015469,7.829062,7.903625,2.043664,1407800
1997-04-22,7.978188,8.052750,7.940906,8.052750,2.082223,2172600
1997-04-23,8.090032,8.201875,7.940906,8.201875,2.120784,2493800
1997-04-24,8.201875,8.201875,7.940906,7.978188,2.062945,1764600
1997-04-25,7.829062,7.866344,7.717219,7.754500,2.005104,2199100
1997-04-28,7.754500,7.829062,7.642656,7.791781,2.014745,3460500
1997-04-29,7.866344,7.978188,7.829062,7.903625,2.043664,3117100
1997-04-30,7.903625,8.239157,7.903625,8.239157,2.130424,3468900
1997-05-01,8.201875,8.239157,7.903625,7.978188,2.062945,1502400
1997-05-02,7.940906,8.276438,7.940906,8.276438,2.140064,2019400
1997-05-05,8.239157,8.276438,8.127313,8.239157,2.130424,1576800
1997-05-06,8.201875,8.388281,8.201875,8.313719,2.149704,2929400
1997-05-07,8.313719,8.425563,8.313719,8.313719,2.149704,1992900
1997-05-08,8.276438,8.388281,8.239157,8.313719,2.149704,1142600
1997-05-09,8.351000,8.351000,8.243816,8.276438,2.140064,2273900
1997-05-12,8.351000,8.649250,8.351000,8.574688,2.217183,3523800
1997-05-13,8.611969,8.611969,8.425563,8.500125,2.197903,2955500
1997-05-14,8.574688,8.611969,8.388281,8.388281,2.168983,1671000
1997-05-15,8.798375,8.798375,8.500125,8.537406,2.207543,2837500
1997-05-16,8.574688,8.686531,8.537406,8.649250,2.236463,3549000
1997-05-19,8.611969,8.723812,8.611969,8.649250,2.286696,1641900
1997-05-20,8.574688,8.761094,8.574688,8.723812,2.306408,3314300
1997-05-21,8.761094,8.761094,8.649250,8.686531,2.296551,2080800
1997-05-22,8.686531,8.686531,8.649250,8.649250,2.286696,1214400
1997-05-23,8.649250,8.798375,8.649250,8.723812,2.306408,943500
1997-05-27,8.686531,8.872937,8.649250,8.835656,2.335978,1993900
1997-05-28,8.798375,8.835656,8.649250,8.686531,2.296551,5010500
1997-05-29,8.686531,8.686531,8.611969,8.649250,2.286696,1014900
1997-05-30,8.611969,8.910219,8.574688,8.910219,2.355690,6870400
1997-06-02,8.835656,9.059343,8.835656,9.059343,2.395116,2500500
1997-06-03,9.059343,9.133906,8.984781,9.096625,2.404972,2768800
1997-06-04,9.096625,9.283031,9.022062,9.171187,2.424685,7659000
1997-06-05,9.171187,9.171187,8.910219,9.022062,2.385260,2241000
1997-06-06,8.984781,9.208468,8.984781,9.096625,2.404972,2469700
1997-06-09,9.059343,9.096625,8.947500,8.984781,2.375403,1147000
1997-06-10,8.947500,9.022062,8.835656,8.910219,2.355690,1867500
1997-06-11,8.910219,9.022062,8.872937,8.947500,2.365547,1583500
1997-06-12,9.022062,9.022062,8.761094,8.872937,2.345833,3143600
1997-06-13,8.947500,9.059343,8.910219,8.984781,2.375403,2855600
1997-06-16,9.022062,9.133906,8.984781,9.096625,2.404972,1919800
1997-06-17,9.022062,9.133906,9.022062,9.059343,2.395116,2221200
1997-06-18,9.022062,9.096625,8.947500,8.984781,2.375403,2470400
1997-06-19,9.022062,9.059343,8.910219,8.947500,2.365547,2678900
1997-06-20,8.910219,8.947500,8.798375,8.798375,2.326121,3148300
1997-06-23,8.835656,8.910219,8.574688,8.649250,2.286696,2653400
1997-06-24,8.686531,8.798375,8.686531,8.798375,2.326121,3716600
1997-06-25,8.761094,8.947500,8.761094,8.872937,2.345833,2404600
1997-06-26,8.872937,8.966141,8.723812,8.742454,2.311336,1911400
1997-06-27,8.742454,8.872937,8.667891,8.667891,2.291624,2024400
1997-06-30,8.705172,8.817016,8.593328,8.611969,2.276839,2859000
1997-07-01,8.686531,8.872937,8.686531,8.835656,2.335978,2528000
1997-07-02,8.872937,8.984781,8.798375,8.984781,2.375403,1887000
1997-07-03,9.003422,9.208468,8.984781,9.133906,2.414829,1594300
1997-07-07,9.152547,9.171187,8.817016,8.854297,2.340905,2133100
1997-07-08,8.872937,9.003422,8.835656,8.947500,2.365547,4019100
1997-07-09,8.928860,8.966141,8.630610,8.667891,2.291624,2010700
1997-07-10,8.723812,8.872937,8.667891,8.835656,2.335978,1358200
1997-07-11,8.817016,8.947500,8.779735,8.947500,2.365547,976600
1997-07-14,8.947500,8.947500,8.705172,8.723812,2.306408,1114800
1997-07-15,8.742454,8.966141,8.742454,8.854297,2.340905,1940300
1997-07-16,8.947500,9.003422,8.817016,8.966141,2.370476,2683600
1997-07-17,8.947500,9.022062,8.910219,8.984781,2.375403,2252400
1997-07-18,8.966141,9.003422,8.835656,8.872937,2.345833,1655600
1997-07-21,8.854297,8.872937,8.723812,8.835656,2.335978,1654900
1997-07-22,9.022062,9.059343,8.928860,9.022062,2.385260,2518300
1997-07-23,9.133906,9.152547,9.059343,9.096625,2.404972,3227400
1997-07-24,9.171187,9.208468,9.059343,9.077985,2.400044,2912900
1997-07-25,9.022062,9.133906,8.761094,8.872937,2.345833,1762200
1997-07-28,8.872937,9.301672,8.872937,9.245750,2.444398,3366300
1997-07-29,9.245750,9.413516,9.208468,9.376234,2.478896,2357400
1997-07-30,9.320313,9.488078,9.320313,9.450797,2.498609,1547300
1997-07-31,9.413516,9.637203,9.301672,9.599922,2.538034,1985900
1997-08-01,9.562640,9.599922,9.320313,9.338953,2.469039,1499400
1997-08-04,9.283031,9.562640,9.283031,9.525359,2.518322,3352500
1997-08-05,9.525359,9.581282,9.432157,9.544000,2.523249,4738900
1997-08-06,9.525359,9.823609,9.525359,9.749047,2.577461,2095800
1997-08-07,9.711765,9.749047,9.525359,9.544000,2.523249,2023800
1997-08-08,9.488078,9.506719,9.152547,9.357594,2.473967,1447100
1997-08-11,9.376234,9.599922,9.376234,9.525359,2.518322,2700000
1997-08-12,9.544000,9.544000,9.338953,9.357594,2.473967,1629800
1997-08-13,9.394875,9.469438,9.227109,9.338953,2.469039,3025300
1997-08-14,9.413516,9.469438,9.357594,9.432157,2.493680,2670200
1997-08-15,9.338953,9.488078,9.301672,9.394875,2.483824,3402500
1997-08-18,9.357594,9.618563,9.320313,9.618563,2.595453,3170100
1997-08-19,9.618563,9.711765,9.581282,9.693125,2.615573,3338400
1997-08-20,9.711765,9.823609,9.693125,9.767688,2.635691,5557700
1997-08-21,9.786328,9.786328,9.562640,9.599922,2.590423,1172800
1997-08-22,9.469438,9.693125,9.450797,9.693125,2.615573,1395800
1997-08-25,9.823609,9.842250,9.711765,9.767688,2.635691,2594100
1997-08-26,9.711765,9.879531,9.711765,9.842250,2.655812,2809000
1997-08-27,9.823609,9.916813,9.823609,9.860890,2.660842,2580000
1997-08-28,9.879531,9.898171,9.730406,9.823609,2.650782,1300900
1997-08-29,9.749047,9.842250,9.711765,9.711765,2.620603,1176500
1997-09-02,9.786328,9.935453,9.749047,9.916813,2.675932,1947300
1997-09-03,9.972734,10.140500,9.860890,10.010015,2.701082,1552300
1997-09-04,10.010015,10.159141,10.010015,10.140500,2.736292,3896300
1997-09-05,10.159141,10.159141,10.065937,10.103219,2.726230,1413500
1997-09-08,10.140500,10.233703,10.010015,10.010015,2.701082,2438500
1997-09-09,9.954094,10.233703,9.954094,10.065937,2.716172,2609200
1997-09-10,10.028656,10.345547,10.028656,10.196422,2.751381,2936700
1997-09-11,10.196422,10.196422,10.084579,10.084579,2.721203,2467700
1997-09-12,10.103219,10.196422,10.028656,10.196422,2.751381,1746100
1997-09-15,10.215062,10.289625,10.177781,10.196422,2.751381,1625800
1997-09-16,10.401468,10.476031,10.308266,10.382828,2.801680,1812200
1997-09-17,10.382828,10.513312,10.345547,10.457391,2.821800,3522200
1997-09-18,10.494672,11.016609,10.494672,10.681078,2.882159,3870500
1997-09-19,10.662437,10.718359,10.643797,10.681078,2.882159,5224400
1997-09-22,10.718359,10.755641,10.625156,10.699718,2.887189,3434700
1997-09-23,10.737000,11.016609,10.681078,10.960688,2.957608,3422200
1997-09-24,11.035250,11.053890,10.811563,10.867484,2.932460,3177800
1997-09-25,10.886125,11.016609,10.886125,11.016609,2.972699,2608200
1997-09-26,10.960688,11.109813,10.960688,11.053890,2.982758,2015700
1997-09-29,11.035250,11.389421,11.016609,11.333500,3.058208,3418900
1997-09-30,11.333500,11.333500,11.072532,11.091172,2.992819,1971100
1997-10-01,11.053890,11.296219,11.053890,11.296219,3.048148,1708900
1997-10-02,11.258938,11.389421,11.203015,11.352140,3.063238,1386000
1997-10-03,11.352140,11.352140,11.072532,11.221656,3.028028,2032100
1997-10-06,11.296219,11.501266,11.277578,11.463984,3.093418,1481900
1997-10-07,11.463984,11.594469,11.352140,11.557187,3.118566,1374000
1997-10-08,11.594469,11.594469,11.277578,11.352140,3.063238,2305400
1997-10-09,11.240297,11.370781,11.165734,11.277578,3.043118,3037300
1997-10-10,11.109813,11.296219,11.109813,11.296219,3.048148,2071700
1997-10-13,11.333500,11.389421,11.203015,11.203015,3.022997,921700
1997-10-14,11.333500,11.333500,10.792922,10.942047,2.952577,2673500
1997-10-15,10.960688,11.091172,10.942047,11.035250,2.977729,1997300
1997-10-16,11.072532,11.072532,10.513312,10.662437,2.877130,2103900
1997-10-17,10.476031,10.792922,10.476031,10.625156,2.867070,1827300
1997-10-20,10.699718,10.699718,10.420110,10.550593,2.846950,6337600
1997-10-21,10.960688,11.184375,10.886125,11.184375,3.017969,4544500
1997-10-22,11.128453,11.147094,10.904766,10.904766,2.942519,1740400
1997-10-23,10.811563,11.016609,10.811563,10.886125,2.937491,2561900
1997-10-24,10.923407,10.923407,10.755641,10.774282,2.907309,3063200
1997-10-27,10.662437,10.755641,10.028656,10.326906,2.786591,2686300
1997-10-28,8.649250,10.457391,8.649250,10.420110,2.811740,6369400
1997-10-29,9.991375,10.550593,9.991375,10.270985,2.771502,2712400
1997-10-30,10.065937,10.401468,9.991375,10.308266,2.781561,2541100
1997-10-31,10.438750,10.792922,10.438750,10.662437,2.877130,2089800
1997-11-03,10.662437,10.867484,10.662437,10.848844,2.927431,2816000
1997-11-04,10.848844,10.942047,10.737000,10.886125,2.937491,2307700
1997-11-05,10.886125,10.942047,10.737000,10.886125,2.937491,2120000
1997-11-06,10.848844,10.960688,10.774282,10.886125,2.937491,1883900
1997-11-07,10.662437,10.774282,10.550593,10.625156,2.867070,1694500
1997-11-10,10.662437,10.681078,10.550593,10.606516,2.862040,1529500
1997-11-11,10.550593,10.830203,10.494672,10.830203,2.922400,2015400
1997-11-12,10.718359,10.737000,10.494672,10.569235,2.851981,3173500
1997-11-13,10.531953,10.662437,10.382828,10.420110,2.811740,1535200
1997-11-14,10.513312,10.681078,10.457391,10.569235,2.851981,3117100
1997-11-17,10.625156,10.737000,10.606516,10.718359,2.945165,1415200
1997-11-18,10.774282,10.792922,10.662437,10.718359,2.945165,2429800
1997-11-19,10.718359,10.867484,10.606516,10.774282,2.960529,2631000
1997-11-20,10.774282,10.979328,10.774282,10.960688,3.011749,2017400
1997-11-21,10.960688,10.979328,10.848844,10.923407,3.001506,1699200
1997-11-24,10.886125,11.091172,10.848844,10.997969,3.021995,2910600
1997-11-25,11.035250,11.053890,10.699718,10.699718,2.940041,1939300
1997-11-26,10.737000,10.737000,10.401468,10.420110,2.863211,1533600
1997-11-28,10.326906,10.382828,10.215062,10.215062,2.806869,1221700
1997-12-01,10.215062,10.364187,9.972734,9.972734,2.740284,4072000
1997-12-02,10.065937,10.252344,10.028656,10.177781,2.796626,2563900
1997-12-03,10.215062,10.420110,10.177781,10.308266,2.832481,4163600
1997-12-04,10.326906,10.662437,10.326906,10.513312,2.888821,4438200
1997-12-05,10.364187,10.625156,10.345547,10.587875,2.909310,5237800
1997-12-08,10.550593,10.811563,10.513312,10.550593,2.899065,3036700
1997-12-09,10.550593,10.569235,10.401468,10.457391,2.873455,3641200
1997-12-10,10.457391,10.494672,10.233703,10.308266,2.832481,1658300
1997-12-11,10.270985,10.289625,10.028656,10.121860,2.781258,2096200
1997-12-12,10.140500,10.140500,9.637203,10.065937,2.765893,3910800
1997-12-15,10.065937,10.233703,9.972734,10.177781,2.796626,2344300
1997-12-16,10.103219,10.196422,10.065937,10.084579,2.771016,2203100
1997-12-17,9.879531,10.028656,9.879531,9.916813,2.724918,1981500
1997-12-18,9.991375,10.047297,9.749047,9.804969,2.694185,2837800
1997-12-19,9.245750,9.581282,9.245750,9.469438,2.601989,4913900
1997-12-22,9.469438,9.469438,9.245750,9.264391,2.545646,2641400
1997-12-23,9.376234,9.394875,9.245750,9.245750,2.540524,1834700
1997-12-24,9.283031,9.432157,9.245750,9.357594,2.571256,812400
1997-12-26,9.394875,9.469438,9.320313,9.320313,2.561013,341900
1997-12-29,9.376234,9.749047,9.357594,9.711765,2.668574,1839700
1997-12-30,9.693125,9.898171,9.581282,9.879531,2.714672,2189700
1997-12-31,9.898171,10.103219,9.860890,10.065937,2.765893,1852800
1998-01-02,9.991375,10.159141,9.860890,10.121860,2.781258,2092500
1998-01-05,10.289625,10.289625,9.786328,9.842250,2.704428,2214500
1998-01-06,9.320313,9.711765,9.264391,9.618563,2.642965,5827600
1998-01-07,9.655844,9.898171,9.544000,9.823609,2.699307,4177300
1998-01-08,9.693125,9.711765,9.562640,9.637203,2.648086,2487800
1998-01-09,9.544000,9.562640,9.320313,9.488078,2.607111,3650200
1998-01-12,9.245750,9.544000,9.245750,9.469438,2.601989,3296800
1998-01-13,9.394875,9.450797,9.245750,9.338953,2.566134,7974800
1998-01-14,9.357594,9.525359,9.357594,9.525359,2.617354,3505700
1998-01-15,9.525359,9.655844,9.413516,9.618563,2.642965,2671900
1998-01-16,9.767688,9.991375,9.488078,9.749047,2.678820,2391600
1998-01-20,9.804969,10.196422,9.767688,10.196422,2.801748,2369800
1998-01-21,10.121860,10.196422,9.916813,10.103219,2.776136,2665800
1998-01-22,9.767688,9.860890,9.394875,9.525359,2.617354,2551200
1998-01-23,9.618563,9.618563,9.376234,9.432157,2.591746,2927400
1998-01-26,9.450797,9.655844,9.320313,9.394875,2.581500,4184000
1998-01-27,9.413516,9.637203,9.413516,9.618563,2.642965,3533600
1998-01-28,9.693125,9.730406,9.618563,9.711765,2.668574,4536400
1998-01-29,9.730406,10.028656,9.711765,9.991375,2.745405,3417900
1998-01-30,9.954094,10.028656,9.581282,10.010015,2.750528,2581700
1998-02-02,10.084579,10.215062,9.991375,9.991375,2.745405,3669700
1998-02-03,9.544000,9.860890,9.544000,9.767688,2.683939,5008500
1998-02-04,9.767688,10.177781,9.767688,10.159141,2.791503,4311400
1998-02-05,10.159141,10.177781,9.823609,9.842250,2.704428,3064500
1998-02-06,9.991375,10.010015,9.935453,9.972734,2.740284,2147500
1998-02-09,10.010015,10.140500,9.954094,10.103219,2.776136,2136100
1998-02-10,10.177781,10.177781,9.842250,9.860890,2.709549,3263300
1998-02-11,9.898171,10.010015,9.842250,9.898171,2.719795,2353300
1998-02-12,9.860890,9.879531,9.637203,9.804969,2.694185,2630600
1998-02-13,9.674484,9.842250,9.674484,9.786328,2.747916,2228600
1998-02-17,9.711765,9.823609,9.544000,9.711765,2.726980,2947100
1998-02-18,9.693125,10.010015,9.693125,9.935453,2.789789,3069500
1998-02-19,9.916813,9.954094,9.581282,9.618563,2.700810,2395300
1998-02-20,9.637203,9.730406,9.581282,9.674484,2.716513,3414500
1998-02-23,9.637203,9.767688,9.469438,9.581282,2.690342,3125900
1998-02-24,9.599922,9.655844,9.469438,9.562640,2.685107,4383900
1998-02-25,9.544000,9.655844,9.544000,9.544000,2.679874,1433000
1998-02-26,9.655844,10.084579,9.590602,10.065937,2.826430,2717800
1998-02-27,10.065937,10.345547,9.860890,10.308266,2.894474,2821700
1998-03-02,10.308266,10.643797,10.308266,10.643797,2.988687,6029100
1998-03-03,10.625156,10.848844,10.513312,10.848844,3.046264,4433800
1998-03-04,10.811563,10.811563,10.438750,10.625156,2.983454,3392100
1998-03-05,10.587875,10.625156,10.401468,10.457391,2.936345,2784900
1998-03-06,10.494672,10.643797,10.457391,10.569235,2.967750,2223900
1998-03-09,10.513312,10.531953,10.103219,10.177781,2.857834,3168400
1998-03-10,10.438750,10.737000,10.382828,10.681078,2.999154,2922700
1998-03-11,10.737000,10.792922,10.569235,10.681078,2.999154,3424900
1998-03-12,10.699718,10.774282,10.625156,10.774282,3.025326,1500700
1998-03-13,10.830203,10.848844,10.569235,10.587875,2.972986,2514600
1998-03-16,10.662437,10.867484,10.643797,10.848844,3.046264,3191900
1998-03-17,10.737000,10.755641,10.587875,10.699718,3.004388,2674900
1998-03-18,10.625156,10.942047,10.606516,10.848844,3.046264,1779000
1998-03-19,10.830203,11.035250,10.830203,10.960688,3.077666,1541600
1998-03-20,10.942047,11.258938,10.904766,11.221656,3.150944,3984200
1998-03-23,12.079125,12.079125,11.482625,11.501266,3.229457,5787700
1998-03-24,11.370781,11.463984,11.277578,11.408063,3.203286,1986200
1998-03-25,11.389421,11.538547,11.035250,11.072532,3.109072,2741600
1998-03-26,11.035250,11.408063,11.035250,11.389421,3.198053,1979200
1998-03-27,11.519906,11.538547,11.035250,11.184375,3.140476,3620100
1998-03-30,11.240297,11.333500,11.035250,11.109813,3.119539,1914100
1998-03-31,11.184375,11.333500,11.128453,11.221656,3.150944,2291300
1998-04-01,11.221656,11.482625,11.221656,11.333500,3.182350,1748500
1998-04-02,11.333500,11.482625,11.258938,11.482625,3.224223,2027100
1998-04-03,11.519906,11.557187,11.370781,11.370781,3.192818,1695500
1998-04-06,11.482625,11.594469,11.352140,11.370781,3.192818,2044500
1998-04-07,11.370781,11.519906,11.203015,11.370781,3.192818,2702400
1998-04-08,11.333500,11.370781,11.016609,11.091172,3.114306,2258800
1998-04-09,11.165734,11.221656,11.035250,11.072532,3.109072,1284400
1998-04-13,11.053890,11.091172,10.737000,10.960688,3.077666,3151000
1998-04-14,11.016609,11.035250,10.811563,10.960688,3.077666,1304200
1998-04-15,10.886125,11.333500,10.830203,11.184375,3.140476,2144800
1998-04-16,11.333500,11.333500,11.016609,11.221656,3.150944,1390100
1998-04-17,11.258938,11.519906,11.240297,11.445344,3.213755,1897000
1998-04-20,11.445344,11.445344,11.128453,11.277578,3.166647,1437300
1998-04-21,11.277578,11.370781,11.072532,11.352140,3.187583,1827300
1998-04-22,11.296219,11.296219,10.960688,11.072532,3.109072,1851100
1998-04-23,10.997969,11.016609,10.811563,10.886125,3.056733,1706600
1998-04-24,10.848844,10.942047,10.625156,10.625156,2.983454,2141100
1998-04-27,10.606516,10.718359,10.438750,10.587875,2.972986,3111100
1998-04-28,10.699718,10.699718,10.401468,10.550593,2.962517,2624600
1998-04-29,10.662437,10.848844,10.643797,10.830203,3.041029,1971800
1998-04-30,10.997969,11.035250,10.681078,10.681078,2.999154,1617700
1998-05-01,10.755641,11.109813,10.718359,11.072532,3.109072,3170400
1998-05-04,11.072532,11.072532,10.662437,10.774282,3.025326,2838200
1998-05-05,10.755641,10.811563,10.662437,10.662437,2.993921,2647700
1998-05-06,10.737000,10.997969,10.699718,10.979328,3.082900,1787400
1998-05-07,10.904766,10.997969,10.755641,10.774282,3.025326,1937900
1998-05-08,10.699718,10.867484,10.699718,10.718359,3.009625,2832800
1998-05-11,10.737000,10.792922,10.718359,10.737000,3.014858,1478900
1998-05-12,10.737000,10.755641,10.625156,10.662437,2.993921,3041000
1998-05-13,10.737000,10.960688,10.718359,10.737000,3.014858,1728000
1998-05-14,10.755641,10.960688,10.755641,10.942047,3.072431,2352000
1998-05-15,10.923407,10.923407,10.737000,10.848844,3.046264,3154000
1998-05-18,10.755641,10.774282,10.420110,10.550593,3.020994,2037500
1998-05-19,10.625156,10.699718,10.550593,10.550593,3.020994,1611700
1998-05-20,10.587875,10.718359,10.587875,10.606516,3.037005,1333400
1998-05-21,10.643797,10.662437,10.494672,10.513312,3.010318,1247900
1998-05-22,10.513312,10.513312,10.270985,10.345547,2.962282,1837300
1998-05-26,10.382828,10.401468,9.879531,10.065937,2.882220,2650400
1998-05-27,9.991375,10.177781,9.786328,10.084579,2.887558,1511400
1998-05-28,10.103219,10.457391,9.991375,10.438750,2.988967,2272500
1998-05-29,10.513312,10.587875,10.438750,10.438750,2.988967,3469500
1998-06-01,10.289625,10.289625,10.047297,10.084579,2.887558,2966600
1998-06-02,10.121860,10.177781,9.860890,9.935453,2.844857,3977500
1998-06-03,9.916813,10.047297,9.711765,9.954094,2.850195,4233000
1998-06-04,10.010015,10.270985,10.010015,10.215062,2.924918,2453900
1998-06-05,10.270985,10.513312,10.196422,10.476031,2.999644,1727700
1998-06-08,10.476031,10.476031,10.252344,10.326906,2.956945,1231800
1998-06-09,10.289625,10.289625,10.103219,10.121860,2.898231,1883300
1998-06-10,10.103219,10.177781,9.972734,9.972734,2.855532,1448400
1998-06-11,9.991375,10.010015,9.786328,9.954094,2.850195,1830600
1998-06-12,9.954094,9.954094,9.711765,9.916813,2.839520,2425800
1998-06-15,9.842250,10.010015,9.599922,9.599922,2.748785,1789100
1998-06-16,9.767688,9.879531,9.693125,9.860890,2.823506,2917600
1998-06-17,9.898171,10.345547,9.898171,10.252344,2.935595,2132100
1998-06-18,10.103219,10.215062,9.804969,9.954094,2.850195,2957200
1998-06-19,9.972734,10.121860,9.879531,10.010015,2.866209,1641900
1998-06-22,10.010015,10.289625,9.972734,10.215062,2.924918,1376600
1998-06-23,10.177781,10.345547,10.177781,10.270985,2.940932,2651100
1998-06-24,10.308266,10.345547,10.177781,10.289625,2.946269,1971800
1998-06-25,10.270985,10.438750,10.196422,10.270985,2.940932,3107400
1998-06-26,10.308266,10.401468,10.047297,10.215062,2.924918,1332400
1998-06-29,10.252344,10.270985,9.991375,10.215062,2.924918,3272400
1998-06-30,10.270985,10.457391,10.233703,10.233703,2.930258,2813000
1998-07-01,10.401468,10.811563,10.401468,10.811563,3.095718,3221100
1998-07-02,10.960688,10.997969,10.662437,10.718359,3.069031,4178300
1998-07-06,10.718359,10.867484,10.643797,10.737000,3.074369,1421600
1998-07-07,10.737000,10.811563,10.531953,10.550593,3.020994,1343100
1998-07-08,10.587875,10.699718,10.587875,10.625156,3.042343,3181500
1998-07-09,10.550593,10.606516,10.420110,10.606516,3.037005,2575000
1998-07-10,10.531953,10.606516,10.382828,10.550593,3.020994,1440400
1998-07-13,10.513312,10.513312,10.010015,10.103219,2.892893,2856600
1998-07-14,10.140500,10.420110,10.140500,10.364187,2.967619,1587200
1998-07-15,10.382828,10.476031,10.326906,10.457391,2.994306,2756700
1998-07-16,10.438750,10.494672,10.326906,10.420110,2.983631,2482100
1998-07-17,10.382828,10.457391,10.177781,10.420110,2.983631,2459300
1998-07-20,10.364187,10.382828,10.159141,10.215062,2.924918,866000
1998-07-21,10.215062,10.476031,10.215062,10.326906,2.956945,1207000
1998-07-22,10.252344,10.438750,10.196422,10.438750,2.988967,1543300
1998-07-23,10.550593,10.606516,10.308266,10.308266,2.951607,2414400
1998-07-24,10.382828,10.531953,10.345547,10.494672,3.004982,1893000
1998-07-27,10.438750,10.457391,10.140500,10.382828,2.972956,1768600
1998-07-28,10.382828,10.382828,9.916813,10.215062,2.924918,2353000
1998-07-29,10.196422,10.420110,10.177781,10.401468,2.978295,2083800
1998-07-30,10.438750,10.737000,10.420110,10.457391,2.994306,2976300
1998-07-31,10.457391,10.457391,10.103219,10.177781,2.914244,3120800
1998-08-03,10.177781,10.252344,9.842250,9.916813,2.839520,3096000
1998-08-04,9.954094,10.103219,9.618563,9.674484,2.770133,2698400
1998-08-05,9.637203,9.637203,8.928860,9.208468,2.636698,3543300
1998-08-06,9.152547,9.245750,9.040703,9.096625,2.604672,3245200
1998-08-07,9.022062,9.767688,9.003422,9.432157,2.700748,3025600
1998-08-10,9.413516,9.581282,9.264391,9.525359,2.727433,1614700
1998-08-11,9.394875,9.413516,9.022062,9.171187,2.626022,4220200
1998-08-12,9.245750,9.394875,8.928860,8.984781,2.572648,5014900
1998-08-13,9.022062,9.115266,8.910219,8.928860,2.556636,5597900
1998-08-14,8.928860,8.928860,8.667891,8.798375,2.519274,6877700
1998-08-17,8.798375,8.798375,8.686531,8.686531,2.548066,2741300
1998-08-18,8.723812,8.854297,8.686531,8.798375,2.580874,3752800
1998-08-19,8.854297,9.096625,8.854297,8.947500,2.624616,3328400
1998-08-20,9.022062,9.171187,8.947500,9.059343,2.657424,2825800
1998-08-21,8.928860,8.947500,8.574688,8.817016,2.586342,1780700
1998-08-24,8.817016,8.817016,8.630610,8.686531,2.548066,2250100
1998-08-25,8.667891,8.742454,8.556046,8.593328,2.520726,2105900
1998-08-26,8.667891,8.705172,8.537406,8.630610,2.531662,3742400
1998-08-27,8.593328,8.630610,8.090032,8.090032,2.373092,3534900
1998-08-28,8.127313,8.332359,8.071390,8.220515,2.411366,2856300
1998-08-31,8.649250,8.723812,7.605375,7.754500,2.274669,6947800
1998-09-01,7.717219,8.257797,7.456250,8.090032,2.373092,5623400
1998-09-02,8.108672,8.425563,8.052750,8.220515,2.411366,3291500
1998-09-03,8.201875,8.295078,7.754500,8.257797,2.422303,3587200
1998-09-04,8.500125,8.817016,8.462844,8.723812,2.559002,4341600
1998-09-08,9.245750,9.245750,8.723812,8.910219,2.613681,2561200
1998-09-09,8.910219,8.984781,8.817016,8.984781,2.635553,2005300
1998-09-10,8.910219,9.674484,8.835656,9.394875,2.755848,4016700
1998-09-11,9.208468,10.326906,9.189828,10.326906,3.029247,5646600
1998-09-14,10.326906,10.401468,10.028656,10.084579,2.958163,3563400
1998-09-15,10.140500,10.140500,9.767688,9.879531,2.898014,1843700
1998-09-16,9.804969,9.935453,9.432157,9.916813,2.908950,2461600
1998-09-17,9.804969,9.804969,9.525359,9.618563,2.821465,1649600
1998-09-18,9.637203,9.693125,9.469438,9.618563,2.821465,2984700
1998-09-21,9.544000,9.879531,9.450797,9.823609,2.881611,1495300
1998-09-22,9.469438,9.655844,9.320313,9.469438,2.777721,3606700
1998-09-23,9.693125,10.252344,9.693125,10.233703,3.001908,3677400
1998-09-24,10.215062,10.233703,9.898171,10.010015,2.936293,2075100
1998-09-25,10.084579,10.476031,10.084579,10.438750,3.062053,3725300
1998-09-28,10.587875,10.587875,10.289625,10.401468,3.051118,2743000
1998-09-29,10.457391,10.848844,10.457391,10.811563,3.171412,4329200
1998-09-30,10.811563,11.072532,10.569235,10.569235,3.100330,7283800
1998-10-01,10.513312,10.792922,10.438750,10.438750,3.062053,4432500
1998-10-02,10.737000,10.848844,10.681078,10.811563,3.171412,7713300
1998-10-05,10.587875,11.277578,10.531953,11.277578,3.308112,4707400
1998-10-06,11.370781,11.370781,10.848844,11.035250,3.237028,8057300
1998-10-07,10.997969,11.035250,10.587875,10.737000,3.149542,2520700
1998-10-08,10.550593,10.569235,10.326906,10.401468,3.051118,3617700
1998-10-09,10.457391,10.625156,10.326906,10.625156,3.116733,3571800
1998-10-12,10.699718,10.997969,10.681078,10.830203,3.176883,2532700
1998-10-13,10.774282,10.792922,10.457391,10.513312,3.083925,2387900
1998-10-14,10.476031,10.699718,10.401468,10.401468,3.051118,1795800
1998-10-15,10.326906,11.016609,10.177781,10.531953,3.089393,2152200
1998-10-16,10.550593,10.699718,10.513312,10.531953,3.089393,1778300
1998-10-19,10.494672,10.587875,10.028656,10.084579,2.958163,2357700
1998-10-20,10.177781,10.196422,9.860890,10.010015,2.936293,2227900
1998-10-21,9.935453,9.935453,9.488078,9.674484,2.837868,2595100
1998-10-22,9.637203,9.860890,9.469438,9.655844,2.832400,1681400
1998-10-23,9.562640,9.804969,9.376234,9.786328,2.870675,2289000
1998-10-26,9.749047,10.103219,9.637203,9.954094,2.919887,2426400
1998-10-27,9.935453,10.010015,9.693125,9.804969,2.876143,2432500
1998-10-28,9.786328,9.804969,9.245750,9.376234,2.750381,2320800
1998-10-29,9.376234,9.730406,9.376234,9.674484,2.837868,2013000
1998-10-30,9.674484,10.028656,9.674484,9.749047,2.859740,1616700
1998-11-02,9.655844,9.804969,9.544000,9.730406,2.854272,3753800
1998-11-03,9.730406,9.879531,9.674484,9.879531,2.898014,3509100
1998-11-04,9.879531,10.010015,9.693125,9.804969,2.876143,3201600
1998-11-05,9.320313,9.469438,9.320313,9.413516,2.761316,16512300
1998-11-06,9.413516,9.581282,9.413516,9.544000,2.799593,3996900
1998-11-09,9.432157,9.488078,9.357594,9.432157,2.766786,2610500
1998-11-10,9.394875,9.432157,9.077985,9.208468,2.701169,4259500
1998-11-11,9.208468,9.245750,9.096625,9.115266,2.673830,2222200
1998-11-12,9.171187,9.525359,9.171187,9.525359,2.794124,5708200
1998-11-13,9.544000,9.674484,9.506719,9.525359,2.794124,5182500
1998-11-16,9.394875,9.413516,9.115266,9.376234,2.812384,3114500
1998-11-17,9.338953,9.394875,9.189828,9.189828,2.756471,2197400
1998-11-18,9.189828,9.245750,9.022062,9.096625,2.728515,3962700
1998-11-19,9.115266,9.133906,8.910219,8.947500,2.683785,3144300
1998-11-20,9.096625,9.115266,8.984781,9.003422,2.700559,3439700
1998-11-23,9.040703,9.133906,9.022062,9.096625,2.728515,2452300
1998-11-24,9.077985,9.245750,8.910219,8.947500,2.683785,3320700
1998-11-25,8.984781,8.984781,8.705172,8.742454,2.622282,4228300
1998-11-27,8.966141,9.077985,8.817016,8.891578,2.667011,2340600
1998-11-30,8.779735,8.779735,8.276438,8.462844,2.538414,5998900
1998-12-01,8.518765,8.817016,8.351000,8.723812,2.616692,6651100
1998-12-02,8.388281,8.630610,8.388281,8.518765,2.555188,3452400
1998-12-03,8.556046,8.611969,8.257797,8.257797,2.476910,3307200
1998-12-04,8.332359,8.518765,8.332359,8.518765,2.555188,3095000
1998-12-07,8.313719,8.611969,8.276438,8.481484,2.544005,2741300
1998-12-08,8.481484,8.518765,8.425563,8.462844,2.538414,4716500
1998-12-09,8.462844,8.667891,8.388281,8.630610,2.588734,2058000
1998-12-10,8.630610,8.630610,8.369640,8.444203,2.532822,1591200
1998-12-11,8.313719,8.332359,8.127313,8.276438,2.482502,2126400
1998-12-14,8.201875,8.295078,8.164594,8.257797,2.476910,3365600
1998-12-15,8.351000,8.369640,8.127313,8.239157,2.471319,4529400
1998-12-16,8.351000,8.462844,8.164594,8.425563,2.527231,4386200
1998-12-17,8.425563,8.462844,8.108672,8.239157,2.471319,2919000
1998-12-18,8.090032,8.313719,8.052750,8.313719,2.493684,3684400
1998-12-21,8.239157,8.313719,8.090032,8.183234,2.454545,3241500
1998-12-22,8.145953,8.276438,7.959547,8.108672,2.432181,3672000
1998-12-23,8.090032,8.481484,8.015469,8.444203,2.532822,2508900
1998-12-24,8.462844,8.518765,8.276438,8.332359,2.499275,892200
1998-12-28,8.351000,8.761094,8.313719,8.686531,2.605509,3128500
1998-12-29,8.611969,8.872937,8.500125,8.798375,2.639055,3550000
1998-12-30,8.742454,8.891578,8.649250,8.835656,2.650238,3356200
1998-12-31,8.798375,8.984781,8.630610,8.984781,2.694968,2999800
1999-01-04,8.984781,8.984781,8.723812,8.761094,2.627874,4767100
1999-01-05,8.723812,8.761094,8.574688,8.611969,2.583144,2071000
1999-01-06,8.351000,8.928860,8.332359,8.891578,2.667011,3596600
1999-01-07,8.798375,8.984781,8.500125,8.947500,2.683785,3138600
1999-01-08,9.096625,9.208468,9.059343,9.208468,2.762063,5416900
1999-01-11,9.208468,9.357594,9.115266,9.189828,2.756471,3428300
1999-01-12,9.208468,9.227109,8.872937,8.872937,2.661420,2737600
1999-01-13,8.723812,8.817016,8.425563,8.425563,2.527231,3742100
1999-01-14,8.574688,8.649250,8.313719,8.313719,2.493684,3074600
1999-01-15,8.425563,8.686531,8.406922,8.667891,2.599916,2951800
1999-01-19,8.723812,8.723812,8.369640,8.481484,2.544005,2769800
1999-01-20,8.444203,8.947500,8.295078,8.593328,2.577552,4474000
1999-01-21,8.611969,8.761094,8.369640,8.406922,2.521641,2404600
1999-01-22,8.444203,8.537406,8.052750,8.183234,2.454545,2697000
1999-01-25,8.164594,8.164594,7.456250,7.754500,2.325947,12381200
1999-01-26,7.754500,7.754500,7.456250,7.568094,2.270034,7555700
1999-01-27,7.568094,7.605375,7.251203,7.325766,2.197350,6113600
1999-01-28,7.344406,7.400328,7.083437,7.083437,2.124663,2912300
1999-01-29,7.102078,7.102078,6.505578,6.785188,2.035203,10829800
1999-02-01,6.859750,7.008875,6.803828,6.859750,2.057569,9724300
1999-02-02,6.859750,6.952953,6.803828,6.878391,2.063160,7807500
1999-02-03,6.822469,7.027515,6.822469,6.971594,2.091117,8610800
1999-02-04,6.934312,7.027515,6.785188,6.859750,2.057569,5558700
1999-02-05,7.008875,7.232563,6.859750,7.139359,2.141437,9865200
1999-02-08,7.269844,7.381688,7.195281,7.344406,2.202941,3322700
1999-02-09,7.325766,7.344406,7.027515,7.027515,2.107890,3528200
1999-02-10,7.158000,7.307125,7.064797,7.213922,2.163802,2070400
1999-02-11,7.213922,7.288485,6.934312,7.008875,2.102298,3830000
1999-02-12,6.971594,6.990234,6.803828,6.803828,2.103829,5458800
1999-02-16,6.859750,6.878391,6.691984,6.710625,2.075011,3488600
1999-02-17,6.691984,6.710625,6.337812,6.356453,1.965496,9260300
1999-02-18,6.412375,6.431015,6.225969,6.263250,1.936677,5330700
1999-02-19,6.263250,6.431015,6.207328,6.300531,1.948205,4156900
1999-02-22,6.263250,6.431015,6.207328,6.412375,1.982788,3808800
1999-02-23,6.337812,6.542860,6.188687,6.524219,2.017371,3300500
1999-02-24,6.486938,6.542860,6.263250,6.356453,1.965496,4129400
1999-02-25,6.076844,6.151406,5.871797,6.076844,1.879037,7658300
1999-02-26,6.076844,6.263250,6.002281,6.170047,1.907856,5654600
1999-03-01,6.207328,6.207328,6.002281,6.020922,1.861746,3849100
1999-03-02,6.020922,6.095484,5.871797,5.965000,1.844454,6063700
1999-03-03,6.002281,6.114125,5.853156,5.965000,1.844454,8845500
1999-03-04,5.927719,6.002281,5.871797,5.983641,1.850218,11433300
1999-03-05,6.020922,6.132766,5.909078,5.965000,1.844454,13465800
1999-03-08,6.020922,6.468297,6.020922,6.431015,1.988552,9243200
1999-03-09,6.468297,6.598781,6.281890,6.431015,1.988552,6129700
1999-03-10,6.747906,7.046156,6.673344,7.046156,2.178760,6913600
1999-03-11,7.120719,7.232563,6.971594,6.990234,2.161469,8976000
1999-03-12,7.307125,7.344406,7.102078,7.195281,2.224873,6505900
1999-03-15,7.083437,7.083437,6.822469,6.915672,2.138414,4317800
1999-03-16,6.915672,7.120719,6.878391,7.083437,2.190289,3235800
1999-03-17,7.083437,7.493531,7.083437,7.307125,2.259455,5832600
1999-03-18,7.493531,7.679937,7.474891,7.568094,2.340150,8559500
1999-03-19,7.568094,7.586734,7.418969,7.456250,2.305567,4882400
1999-03-22,7.754500,8.034109,7.735859,8.015469,2.478485,6885400
1999-03-23,7.903625,7.922266,7.624016,7.829062,2.420846,5152300
1999-03-24,8.052750,8.183234,8.052750,8.127313,2.513069,8945800
1999-03-25,8.127313,8.145953,7.922266,8.127313,2.513069,4932400
1999-03-26,8.127313,8.201875,7.959547,8.164594,2.524596,3494000
1999-03-29,8.611969,8.723812,8.351000,8.444203,2.611055,6021400
1999-03-30,8.462844,8.556046,8.201875,8.332359,2.576471,4686600
1999-03-31,8.295078,8.332359,8.071390,8.201875,2.536124,2518600
1999-04-01,8.164594,8.369640,8.052750,8.313719,2.570708,2674200
1999-04-05,8.425563,8.500125,8.332359,8.444203,2.611055,4148500
1999-04-06,8.369640,8.500125,8.220515,8.257797,2.553416,2824100
1999-04-07,8.201875,8.295078,8.127313,8.201875,2.536124,3321300
1999-04-08,8.201875,8.462844,8.090032,8.257797,2.553416,3118500
1999-04-09,8.649250,8.649250,8.220515,8.406922,2.599527,2890100
1999-04-12,8.351000,8.388281,8.257797,8.313719,2.570708,1890300
1999-04-13,8.239157,8.425563,8.183234,8.425563,2.605290,3638800
1999-04-14,8.239157,8.239157,7.791781,8.090032,2.501541,4423800
1999-04-15,8.108672,8.332359,8.034109,8.164594,2.524596,5621400
1999-04-16,8.276438,8.630610,8.239157,8.444203,2.611055,4958200
1999-04-19,8.649250,8.984781,8.649250,8.723812,2.697515,10240000
1999-04-20,8.761094,8.854297,8.425563,8.574688,2.651402,6508900
1999-04-21,8.462844,8.649250,8.276438,8.462844,2.616819,3187200
1999-04-22,8.500125,8.537406,8.052750,8.276438,2.559180,4419700
1999-04-23,8.276438,8.276438,7.959547,8.034109,2.484249,4404000
1999-04-26,8.015469,8.034109,7.698578,7.829062,2.420846,4968600
1999-04-27,7.866344,8.127313,7.866344,8.034109,2.484249,4916600
1999-04-28,8.276438,8.817016,8.276438,8.817016,2.726334,7644900
1999-04-29,8.835656,9.394875,8.835656,9.208468,2.847376,13099700
1999-04-30,9.208468,9.320313,8.630610,9.320313,2.881959,6545800
1999-05-03,9.171187,9.245750,9.022062,9.059343,2.801264,3676400
1999-05-04,9.040703,9.171187,8.910219,9.115266,2.818556,3817600
1999-05-05,9.338953,9.357594,8.910219,9.171187,2.835847,4223900
1999-05-06,9.096625,9.357594,9.022062,9.208468,2.847376,3383700
1999-05-07,9.189828,9.208468,8.966141,9.003422,2.783972,2881100
1999-05-10,9.171187,9.320313,8.928860,9.003422,2.783972,2739300
1999-05-11,8.928860,9.115266,8.854297,9.003422,2.783972,4423800
1999-05-12,8.798375,8.798375,8.351000,8.630610,2.668694,3438700
1999-05-13,8.556046,8.891578,8.537406,8.835656,2.732097,2353000
1999-05-14,8.872937,9.040703,8.798375,8.872937,2.743626,2982700
1999-05-17,8.593328,8.761094,8.574688,8.630610,2.733386,1799100
1999-05-18,8.574688,8.798375,8.444203,8.611969,2.727483,4600800
1999-05-19,8.611969,8.910219,8.574688,8.872937,2.810134,2880400
1999-05-20,8.947500,9.003422,8.779735,8.947500,2.833748,4752300
1999-05-21,9.003422,9.320313,8.966141,9.283031,2.940013,5058100
1999-05-24,9.227109,9.320313,8.798375,8.798375,2.786519,5232100
1999-05-25,8.649250,8.947500,8.574688,8.574688,2.715674,4212500
1999-05-26,8.798375,9.115266,8.705172,9.096625,2.880978,7573100
1999-05-27,9.096625,9.096625,8.817016,8.835656,2.798325,6590400
1999-05-28,8.817016,9.059343,8.798375,8.928860,2.827846,5116500
1999-06-01,8.854297,8.854297,8.556046,8.723812,2.762905,4052600
1999-06-02,8.835656,8.928860,8.742454,8.872937,2.810134,2794300
1999-06-03,9.003422,9.208468,8.928860,9.152547,2.898689,3825900
1999-06-04,9.152547,9.189828,8.910219,9.171187,2.904593,3369600
1999-06-07,9.208468,9.320313,9.096625,9.227109,2.922302,2128000
1999-06-08,9.096625,9.320313,8.910219,8.947500,2.833748,1987500
1999-06-09,8.798375,9.264391,8.761094,9.264391,2.934111,4366100
1999-06-10,9.245750,9.618563,9.115266,9.432157,2.987243,4026800
1999-06-11,9.432157,9.637203,9.152547,9.432157,2.987243,3611700
1999-06-14,9.432157,9.618563,9.432157,9.562640,3.028569,4442900
1999-06-15,9.637203,9.674484,9.544000,9.637203,3.052184,3221400
1999-06-16,9.581282,9.711765,9.525359,9.581282,3.034472,3224400
1999-06-17,9.562640,9.618563,9.413516,9.562640,3.028569,3633500
1999-06-18,9.581282,9.674484,9.506719,9.655844,3.058087,4569900
1999-06-21,9.693125,9.693125,9.432157,9.506719,3.010858,6264200
1999-06-22,9.544000,9.544000,9.469438,9.525359,3.016761,4718100
1999-06-23,9.544000,9.767688,9.544000,9.674484,3.063991,3954700
1999-06-24,9.599922,9.730406,9.338953,9.488078,3.004955,3364900
1999-06-25,9.525359,9.599922,9.338953,9.413516,2.981339,5498000
1999-06-28,9.469438,9.525359,9.432157,9.450797,2.993148,4053600
1999-06-29,9.301672,9.525359,9.301672,9.469438,2.999050,2442900
1999-06-30,9.506719,9.749047,9.450797,9.711765,3.075796,4203100
1999-07-01,9.693125,9.749047,9.618563,9.655844,3.058087,5259300
1999-07-02,9.674484,9.674484,9.562640,9.618563,3.046279,2549500
1999-07-06,9.693125,9.842250,9.655844,9.823609,3.111220,4409000
1999-07-07,9.842250,9.842250,9.674484,9.823609,3.111220,3438300
1999-07-08,9.879531,9.954094,9.693125,9.730406,3.081701,4674200
1999-07-09,9.749047,9.749047,9.450797,9.581282,3.034472,3746500
1999-07-12,9.786328,9.935453,9.730406,9.916813,3.140738,3780000
1999-07-13,9.618563,9.786328,9.469438,9.599922,3.040376,2743000
1999-07-14,9.804969,9.823609,9.599922,9.786328,3.099411,2273200
1999-07-15,9.767688,9.860890,9.749047,9.842250,3.117122,5553000
1999-07-16,9.767688,9.823609,9.693125,9.804969,3.105315,1811900
1999-07-19,9.804969,9.804969,9.599922,9.637203,3.052184,1371300
1999-07-20,9.711765,9.711765,9.245750,9.301672,2.945916,4040900
1999-07-21,9.283031,9.488078,9.208468,9.413516,2.981339,1957000
1999-07-22,9.338953,9.394875,8.872937,9.171187,2.904593,3885300
1999-07-23,9.115266,9.320313,9.096625,9.189828,2.910495,2498200
1999-07-26,9.264391,9.357594,9.189828,9.283031,2.940013,3344100
1999-07-27,9.525359,9.525359,9.245750,9.264391,2.934111,2725500
1999-07-28,9.096625,9.357594,9.096625,9.227109,2.922302,1676700
1999-07-29,9.077985,9.171187,8.984781,9.022062,2.857362,2079700
1999-07-30,9.022062,9.171187,8.872937,9.059343,2.869170,3625800
1999-08-02,9.040703,9.171187,8.984781,9.077985,2.875074,2293000
1999-08-03,9.003422,9.115266,8.928860,9.096625,2.880978,1934600
1999-08-04,9.059343,9.264391,8.928860,8.966141,2.839651,2992700
1999-08-05,9.040703,9.096625,8.966141,9.096625,2.880978,1647600
1999-08-06,9.022062,9.525359,9.022062,9.264391,2.934111,2420700
1999-08-09,9.264391,9.544000,9.171187,9.506719,3.010858,2972600
1999-08-10,9.581282,9.599922,9.338953,9.544000,3.022664,3542600
1999-08-11,9.506719,9.618563,9.432157,9.581282,3.034472,3265000
1999-08-12,9.693125,9.749047,9.581282,9.655844,3.058087,1981200
1999-08-13,9.655844,9.711765,9.562640,9.599922,3.040376,2227900
1999-08-16,9.525359,9.562640,9.394875,9.506719,3.078193,1431300
1999-08-17,9.469438,9.469438,9.283031,9.469438,3.066122,1195900
1999-08-18,9.432157,9.450797,9.301672,9.394875,3.041979,2339600
1999-08-19,9.320313,9.450797,9.245750,9.394875,3.041979,1214400
1999-08-20,9.469438,9.506719,9.283031,9.394875,3.041979,1190200
1999-08-23,9.357594,9.599922,9.357594,9.506719,3.078193,2083100
1999-08-24,9.432157,9.432157,9.133906,9.227109,2.987658,1841400
1999-08-25,9.171187,9.189828,8.947500,9.003422,2.915230,4546800
1999-08-26,9.040703,9.059343,8.742454,9.003422,2.915230,3607000
1999-08-27,9.040703,9.059343,8.891578,8.891578,2.879015,2070000
1999-08-30,8.872937,9.152547,8.872937,9.077985,2.939373,2650400
1999-08-31,9.245750,9.357594,9.096625,9.283031,3.005765,2605800
1999-09-01,9.264391,9.488078,9.264391,9.488078,3.072159,3103100
1999-09-02,9.245750,9.320313,9.115266,9.171187,2.969552,1963400
1999-09-03,9.022062,9.357594,8.891578,9.208468,2.981624,2254800
1999-09-07,9.208468,9.544000,9.059343,9.432157,3.054051,2019100
1999-09-08,9.376234,9.674484,9.357594,9.674484,3.132516,4876100
1999-09-09,9.637203,10.103219,9.637203,9.916813,3.210979,5414500
1999-09-10,9.972734,9.972734,9.618563,9.618563,3.114407,2700700
1999-09-13,9.562640,9.655844,9.506719,9.562640,3.096301,3748100
1999-09-14,9.544000,9.637203,9.506719,9.544000,3.090265,2969600
1999-09-15,9.599922,9.599922,9.432157,9.450797,3.060087,2772100
1999-09-16,9.525359,9.655844,9.450797,9.525359,3.084229,1685800
1999-09-17,9.544000,9.674484,9.469438,9.599922,3.108373,1750200
1999-09-20,9.544000,9.618563,9.283031,9.338953,3.023871,1942600
1999-09-21,9.245750,9.301672,9.022062,9.133906,2.957481,1965100
1999-09-22,9.133906,9.469438,9.059343,9.152547,2.963516,1846100
1999-09-23,9.245750,9.283031,8.966141,9.059343,2.933337,1361200
1999-09-24,9.003422,9.059343,8.667891,8.761094,2.836767,1902700
1999-09-27,8.798375,9.059343,8.779735,8.984781,2.909194,1887000
1999-09-28,8.966141,8.984781,8.500125,8.705172,2.818659,2806300
1999-09-29,8.966141,9.040703,8.686531,8.705172,2.818659,3326400
1999-09-30,8.817016,8.891578,8.649250,8.723812,2.824696,3485600
1999-10-01,8.630610,8.667891,8.444203,8.481484,2.746232,4038500
1999-10-04,8.481484,8.518765,8.332359,8.351000,2.703982,4145800
1999-10-05,8.351000,8.388281,8.071390,8.201875,2.655697,4550200
1999-10-06,8.257797,8.425563,8.257797,8.295078,2.685874,4739600
1999-10-07,8.108672,8.239157,8.052750,8.071390,2.613447,4017400
1999-10-08,7.829062,7.996828,7.698578,7.978188,2.583268,5012500
1999-10-11,8.052750,8.127313,7.978188,8.052750,2.607409,4216500
1999-10-12,8.052750,8.276438,8.052750,8.052750,2.607409,3136600
1999-10-13,8.145953,8.425563,8.108672,8.351000,2.703982,5729400
1999-10-14,8.351000,8.406922,8.276438,8.295078,2.685874,3306600
1999-10-15,8.127313,8.183234,7.978188,8.071390,2.613447,5745800
1999-10-18,8.145953,8.257797,8.090032,8.127313,2.631554,2454300
1999-10-19,8.164594,8.257797,8.145953,8.183234,2.649661,2356700
1999-10-20,8.183234,8.313719,8.145953,8.276438,2.679840,1359200
1999-10-21,8.332359,8.705172,8.295078,8.537406,2.764338,4624900
1999-10-22,8.537406,8.928860,8.537406,8.779735,2.842802,3350200
1999-10-25,8.779735,8.779735,8.444203,8.481484,2.746232,1867500
1999-10-26,8.481484,8.574688,8.220515,8.276438,2.679840,2000000
1999-10-27,8.574688,8.817016,8.462844,8.649250,2.800552,3456100
1999-10-28,8.500125,8.686531,8.500125,8.537406,2.764338,2552200
1999-10-29,8.537406,8.761094,8.518765,8.686531,2.812624,2730500
1999-11-01,8.742454,8.817016,8.649250,8.742454,2.830731,1410800
1999-11-02,8.817016,8.854297,8.537406,8.537406,2.764338,2101500
1999-11-03,8.537406,8.537406,8.220515,8.276438,2.679840,2647700
1999-11-04,8.313719,8.351000,8.239157,8.267118,2.676821,5897400
1999-11-05,8.276438,8.425563,8.145953,8.164594,2.643625,5400100
1999-11-08,8.183234,8.351000,8.164594,8.295078,2.685874,5900000
1999-11-09,8.351000,8.462844,8.295078,8.425563,2.728124,4783500
1999-11-10,8.500125,8.742454,8.481484,8.705172,2.818659,3306600
1999-11-11,8.649250,8.761094,8.556046,8.705172,2.818659,2122700
1999-11-12,8.723812,8.947500,8.593328,8.798375,2.848837,2469700
1999-11-15,8.574688,8.779735,8.537406,8.761094,2.906130,1645500
1999-11-16,8.761094,9.096625,8.761094,8.835656,2.930864,3082900
1999-11-17,9.003422,9.133906,8.891578,8.891578,2.949413,3862500
1999-11-18,8.854297,8.966141,8.761094,8.910219,2.955596,2938400
1999-11-19,8.835656,8.928860,8.667891,8.817016,2.924682,2598100
1999-11-22,8.817016,8.910219,8.518765,8.537406,2.831931,3512800
1999-11-23,8.574688,8.574688,8.090032,8.127313,2.695900,2933400
1999-11-24,8.201875,8.313719,8.071390,8.257797,2.739181,3025900
1999-11-26,8.220515,8.257797,8.108672,8.127313,2.695900,606800
1999-11-29,7.978188,8.052750,7.922266,7.959547,2.640250,2650100
1999-11-30,7.978188,8.052750,7.679937,7.884984,2.615518,5007800
1999-12-01,7.884984,8.034109,7.884984,7.959547,2.640250,2684300
1999-12-02,7.884984,7.978188,7.773140,7.810422,2.590785,3489600
1999-12-03,7.717219,7.884984,7.586734,7.717219,2.559868,7959000
1999-12-06,7.735859,7.791781,7.568094,7.568094,2.510402,2235300
1999-12-07,7.456250,7.549453,7.344406,7.474891,2.479485,3174100
1999-12-08,7.456250,7.456250,7.046156,7.288485,2.417653,7052100
1999-12-09,7.456250,7.717219,7.381688,7.605375,2.522769,5172800
1999-12-10,7.903625,7.940906,7.679937,7.735859,2.566051,6873400
1999-12-13,7.698578,7.903625,7.605375,7.735859,2.566051,5921500
1999-12-14,7.661297,7.959547,7.642656,7.791781,2.584600,5365900
1999-12-15,7.829062,8.090032,7.829062,7.978188,2.646434,3868500
1999-12-16,7.978188,8.257797,7.922266,8.090032,2.683533,4061000
1999-12-17,8.351000,8.351000,7.940906,8.332359,2.763916,5878200
1999-12-20,8.201875,8.257797,7.698578,7.754500,2.572234,3378700
1999-12-21,7.754500,8.183234,7.735859,7.735859,2.566051,3884600
1999-12-22,7.810422,7.922266,7.530812,7.549453,2.504219,3835000
1999-12-23,7.735859,7.903625,7.493531,7.903625,2.621700,3757900
1999-12-27,7.847703,7.884984,7.624016,7.698578,2.553685,2397600
1999-12-28,7.773140,7.829062,7.679937,7.698578,2.553685,2609500
1999-12-29,7.829062,7.884984,7.568094,7.642656,2.535135,2489800
1999-12-30,7.642656,7.679937,7.381688,7.437609,2.467119,6818400
1999-12-31,7.456250,7.512172,7.363047,7.363047,2.442386,2996800
2000-01-03,7.437609,7.493531,7.195281,7.232563,2.399103,4841200
2000-01-04,7.083437,7.139359,6.897031,6.952953,2.306355,4847200
2000-01-05,7.064797,7.269844,7.008875,7.139359,2.368186,9528900
2000-01-06,7.363047,8.052750,7.325766,7.903625,2.621700,8595800
2000-01-07,7.456250,8.201875,7.456250,8.127313,2.695900,8239300
2000-01-10,7.866344,7.978188,7.642656,7.717219,2.559868,6339900
2000-01-11,7.661297,7.884984,7.661297,7.810422,2.590785,4509600
2000-01-12,7.735859,7.829062,7.530812,7.735859,2.566051,4478100
2000-01-13,7.661297,7.847703,7.661297,7.754500,2.572234,3421900
2000-01-14,7.810422,7.810422,7.605375,7.754500,2.572234,5511400
2000-01-18,7.829062,7.922266,7.735859,7.884984,2.615518,4965200
2000-01-19,7.847703,7.996828,7.829062,7.959547,2.640250,3985500
2000-01-20,7.922266,7.940906,7.605375,7.679937,2.547502,6054600
2000-01-21,7.829062,8.164594,7.829062,7.940906,2.634066,5331400
2000-01-24,7.754500,7.866344,7.549453,7.568094,2.510402,8331900
2000-01-25,7.586734,7.698578,7.195281,7.400328,2.454752,5558400
2000-01-26,7.158000,7.661297,7.158000,7.456250,2.473302,8023100
2000-01-27,7.679937,7.679937,7.232563,7.269844,2.411469,4621200
2000-01-28,7.363047,7.456250,7.232563,7.344406,2.436203,4898900
2000-01-31,7.269844,7.679937,7.195281,7.661297,2.541318,5180800
2000-02-01,7.586734,7.586734,7.344406,7.363047,2.442386,1668000
2000-02-02,7.437609,7.717219,7.400328,7.624016,2.528952,4311100
2000-02-03,7.549453,7.549453,7.363047,7.474891,2.479485,3947600
2000-02-04,7.829062,7.829062,7.158000,7.307125,2.423836,6032800
2000-02-07,7.213922,7.512172,7.139359,7.456250,2.473302,5583200
2000-02-08,7.530812,7.605375,7.269844,7.288485,2.417653,1634100
2000-02-09,7.213922,7.269844,6.915672,6.971594,2.312538,3774300
2000-02-10,6.990234,7.288485,6.971594,7.139359,2.368186,2837200
2000-02-11,7.139359,7.158000,6.729266,6.859750,2.275439,3240200
2000-02-14,6.859750,7.008875,6.785188,6.971594,2.385568,4503600
2000-02-15,7.027515,7.213922,7.027515,7.139359,2.442974,3679700
2000-02-16,7.158000,7.381688,7.139359,7.288485,2.494003,3693800
2000-02-17,7.363047,7.418969,7.046156,7.251203,2.481246,1962100
2000-02-18,7.102078,7.195281,6.747906,6.934312,2.372811,2315100
2000-02-22,7.008875,7.102078,6.766547,6.859750,2.347297,3241900
2000-02-23,6.580141,6.710625,6.505578,6.542860,2.238863,4776800
2000-02-24,6.505578,6.561500,6.337812,6.431015,2.200591,5824900
2000-02-25,6.561500,6.561500,6.170047,6.337812,2.168699,6611200
2000-02-28,6.281890,6.505578,6.263250,6.356453,2.175076,4665800
2000-02-29,6.393734,6.505578,6.319172,6.449656,2.206970,5210000
2000-03-01,6.524219,6.710625,6.337812,6.654703,2.277133,6313800
2000-03-02,6.542860,7.158000,6.542860,7.027515,2.404703,7253600
2000-03-03,7.213922,7.213922,6.747906,6.915672,2.366433,3461100
2000-03-06,6.934312,7.008875,6.803828,6.897031,2.360054,2652400
2000-03-07,7.158000,7.474891,6.971594,7.381688,2.525896,4950800
2000-03-08,7.344406,7.735859,7.307125,7.325766,2.506761,9734700
2000-03-09,7.158000,7.474891,7.139359,7.400328,2.532274,4527700
2000-03-10,7.418969,7.791781,7.307125,7.456250,2.551409,5997600
2000-03-13,7.307125,7.717219,7.307125,7.456250,2.551409,5181500
2000-03-14,7.437609,7.568094,7.213922,7.363047,2.519517,4467000
2000-03-15,7.288485,7.754500,7.083437,7.586734,2.596059,8573000
2000-03-16,7.418969,7.773140,7.335086,7.735859,2.647088,5519100
2000-03-17,7.381688,7.642656,7.232563,7.251203,2.481246,7174500
2000-03-20,7.325766,7.325766,7.158000,7.195281,2.462111,3382300
2000-03-21,7.195281,7.418969,7.176641,7.307125,2.500381,5141600
2000-03-22,7.139359,7.307125,7.083437,7.139359,2.442974,4861300
2000-03-23,7.120719,7.120719,6.785188,6.785188,2.321782,15102700
2000-03-24,6.785188,7.008875,6.710625,6.785188,2.321782,11454800
2000-03-27,6.747906,6.952953,6.654703,6.934312,2.372811,5477600
2000-03-28,6.841109,7.046156,6.636063,6.822469,2.334539,6656100
2000-03-29,6.747906,7.176641,6.747906,7.120719,2.436596,7336100
2000-03-30,7.307125,7.698578,7.232563,7.530812,2.576924,11062800
2000-03-31,7.605375,7.847703,7.530812,7.773140,2.659844,9825300
2000-04-03,7.791781,7.847703,7.586734,7.698578,2.634331,4258500
2000-04-04,7.624016,7.866344,7.456250,7.530812,2.576924,5890600
2000-04-05,7.568094,7.661297,7.102078,7.251203,2.481246,3404800
2000-04-06,7.325766,7.512172,7.251203,7.363047,2.519517,2653800
2000-04-07,7.288485,7.474891,7.213922,7.325766,2.506761,4375100
2000-04-10,7.251203,7.251203,7.083437,7.120719,2.436596,3727700
2000-04-11,7.120719,7.325766,7.120719,7.232563,2.474867,4530000
2000-04-12,7.232563,7.847703,7.195281,7.624016,2.608816,7647600
2000-04-13,7.679937,7.847703,7.400328,7.512172,2.570545,3763900
2000-04-14,7.381688,7.605375,7.083437,7.251203,2.481246,3311900
2000-04-17,7.456250,7.512172,6.971594,7.046156,2.411080,3688100
2000-04-18,7.046156,7.232563,7.027515,7.139359,2.442974,4194400
2000-04-19,7.213922,7.642656,7.176641,7.586734,2.596059,4539100
2000-04-20,7.120719,7.307125,6.934312,7.064797,2.417461,7029300
2000-04-24,7.120719,7.232563,6.952953,7.046156,2.411080,3789400
2000-04-25,7.046156,7.269844,7.008875,7.269844,2.487624,5287100
2000-04-26,7.158000,7.307125,7.139359,7.176641,2.455731,2484400
2000-04-27,7.158000,7.400328,7.102078,7.232563,2.474867,3641500
2000-04-28,7.195281,7.251203,6.934312,6.934312,2.372811,5672000
2000-05-01,6.878391,7.102078,6.878391,6.897031,2.360054,4760700
2000-05-02,6.952953,7.176641,6.934312,7.120719,2.436596,5610000
2000-05-03,7.083437,7.083437,6.803828,6.859750,2.347297,4855900
2000-05-04,6.915672,7.046156,6.878391,6.952953,2.379190,2772800
2000-05-05,7.008875,7.213922,6.990234,7.064797,2.417461,6798600
2000-05-08,7.083437,7.344406,7.083437,7.195281,2.462111,5567800
2000-05-09,7.288485,7.288485,7.027515,7.046156,2.411080,4356400
2000-05-10,7.046156,7.064797,6.934312,6.971594,2.385568,7675400
2000-05-11,7.120719,7.530812,7.102078,7.381688,2.525896,7728000
2000-05-12,7.363047,7.512172,7.232563,7.456250,2.551409,6482400
2000-05-15,7.437609,7.735859,7.325766,7.642656,2.690986,4442900
2000-05-16,7.791781,7.829062,7.325766,7.474891,2.631913,3948700
2000-05-17,7.418969,7.735859,7.400328,7.717219,2.717238,7357500
2000-05-18,7.717219,7.903625,7.549453,7.568094,2.664731,4682600
2000-05-19,7.437609,7.679937,7.437609,7.568094,2.664731,4865000
2000-05-22,7.642656,7.661297,7.418969,7.474891,2.631913,5069200
2000-05-23,7.530812,7.549453,7.307125,7.474891,2.631913,4145500
2000-05-24,7.549453,7.624016,7.456250,7.530812,2.651604,5665700
2000-05-25,7.400328,7.474891,7.232563,7.325766,2.579407,5445700
2000-05-26,7.325766,7.754500,7.325766,7.717219,2.717238,8315500
2000-05-30,7.642656,7.698578,7.512172,7.679937,2.704112,4991100
2000-05-31,7.754500,8.295078,7.754500,8.108672,2.855069,6716500
2000-06-01,8.015469,8.145953,7.791781,8.090032,2.848506,8364700
2000-06-02,8.164594,8.183234,7.773140,7.847703,2.763181,3540900
2000-06-05,7.829062,7.996828,7.418969,7.717219,2.717238,3034000
2000-06-06,7.773140,8.071390,7.754500,7.987508,2.812407,4034800
2000-06-07,8.015469,8.015469,7.754500,7.829062,2.756618,2846200
2000-06-08,7.866344,8.071390,7.866344,8.034109,2.828815,2699000
2000-06-09,8.108672,8.108672,7.903625,7.940906,2.795998,1610700
2000-06-12,8.034109,8.425563,8.034109,8.313719,2.927265,4191400
2000-06-13,8.351000,8.369640,8.239157,8.276438,2.914140,2959500
2000-06-14,8.276438,8.705172,8.276438,8.500125,2.992900,9657600
2000-06-15,8.500125,8.500125,7.996828,8.052750,2.835378,7256600
2000-06-16,8.052750,8.500125,8.052750,8.351000,2.940393,5917100
2000-06-19,8.313719,8.388281,8.071390,8.108672,2.855069,4022700
2000-06-20,8.127313,8.183234,7.996828,8.108672,2.855069,3984500
2000-06-21,8.164594,8.388281,8.015469,8.239157,2.901012,3396400
2000-06-22,8.276438,8.276438,8.015469,8.108672,2.855069,4510900
2000-06-23,8.034109,8.295078,8.015469,8.108672,2.855069,1768900
2000-06-26,8.052750,8.257797,7.940906,8.034109,2.828815,2995100
2000-06-27,7.959547,7.978188,7.829062,7.884984,2.776309,3383400
2000-06-28,7.847703,7.959547,7.717219,7.819742,2.753336,3256600
2000-06-29,7.810422,8.052750,7.642656,7.922266,2.789436,2392600
2000-06-30,7.847703,7.978188,7.470231,7.474891,2.631913,5288800
2000-07-03,7.605375,7.679937,7.568094,7.679937,2.704112,1410800
2000-07-05,7.754500,7.754500,7.288485,7.307125,2.572842,4889100
2000-07-06,7.437609,7.512172,7.307125,7.325766,2.579407,4133700
2000-07-07,7.363047,7.474891,7.344406,7.344406,2.585970,4101900
2000-07-10,7.437609,7.642656,7.418969,7.530812,2.651604,2253400
2000-07-11,7.605375,7.866344,7.549453,7.754500,2.730364,3825300
2000-07-12,7.754500,7.791781,7.512172,7.586734,2.671294,2675900
2000-07-13,7.549453,7.624016,7.418969,7.549453,2.658167,2846600
2000-07-14,7.605375,7.679937,7.512172,7.679937,2.704112,2953200
2000-07-17,7.754500,7.773140,7.568094,7.586734,2.671294,3226400
2000-07-18,7.586734,7.810422,7.549453,7.624016,2.684421,2150200
2000-07-19,7.679937,7.754500,7.549453,7.624016,2.684421,2360400
2000-07-20,7.586734,7.717219,7.512172,7.586734,2.671294,3027600
2000-07-21,7.829062,7.903625,7.325766,7.325766,2.579407,3146300
2000-07-24,7.344406,7.400328,7.064797,7.158000,2.520336,6634000
2000-07-25,7.232563,7.288485,7.083437,7.102078,2.500646,3310600
2000-07-26,7.176641,7.269844,7.008875,7.064797,2.487518,4570300
2000-07-27,7.139359,7.437609,7.120719,7.381688,2.599098,6332200
2000-07-28,7.456250,7.586734,7.269844,7.325766,2.579407,3996900
2000-07-31,7.344406,7.418969,7.195281,7.288485,2.566280,3864800
2000-08-01,7.213922,7.363047,7.213922,7.307125,2.572842,2779500
2000-08-02,7.307125,7.568094,7.307125,7.493531,2.638478,5341100
2000-08-03,7.810422,7.810422,7.624016,7.679937,2.704112,5565400
2000-08-04,7.624016,7.717219,7.512172,7.698578,2.710675,3180800
2000-08-07,7.624016,7.735859,7.605375,7.703238,2.712315,4768100
2000-08-08,7.717219,7.735859,7.549453,7.624016,2.684421,1741400
2000-08-09,7.735859,7.866344,7.679937,7.773140,2.736928,2943800
2000-08-10,7.847703,7.978188,7.791781,7.964207,2.804203,2910600
2000-08-11,7.829062,7.922266,7.829062,7.884984,2.776309,1815500
2000-08-14,7.866344,7.922266,7.791781,7.922266,2.873246,2261500
2000-08-15,7.978188,8.034109,7.884984,7.922266,2.873246,1936900
2000-08-16,8.034109,8.090032,7.940906,8.090032,2.934091,2646400
2000-08-17,7.922266,8.351000,7.922266,8.257797,2.994936,2816400
2000-08-18,8.239157,8.257797,8.015469,8.169254,2.962824,2930000
2000-08-21,8.071390,8.183234,8.052750,8.127313,2.947612,1172100
2000-08-22,8.071390,8.257797,8.071390,8.239157,2.988175,2186000
2000-08-23,8.313719,8.556046,8.276438,8.369640,3.035499,4946100
2000-08-24,8.276438,8.295078,7.940906,7.959547,2.886768,6145800
2000-08-25,8.052750,8.145953,7.978188,8.127313,2.947612,2631600
2000-08-28,8.071390,8.145953,8.015469,8.015469,2.907049,2532400
2000-08-29,8.034109,8.276438,8.015469,8.262457,2.996626,3534900
2000-08-30,8.220515,8.239157,8.071390,8.141293,2.952683,3224800
2000-08-31,8.164594,8.276438,8.127313,8.178575,2.966204,3521500
2000-09-01,8.164594,8.351000,8.164594,8.220515,2.981414,3155400
2000-09-05,8.295078,8.406922,8.257797,8.327700,3.020290,2946100
2000-09-06,8.462844,8.630610,8.388281,8.556046,3.103106,3638800
2000-09-07,8.500125,8.518765,8.444203,8.462844,3.069303,3198600
2000-09-08,8.481484,8.481484,8.276438,8.462844,3.069303,4504200
2000-09-11,8.537406,8.761094,8.500125,8.714492,3.160571,4297400
2000-09-12,8.649250,8.761094,8.537406,8.630610,3.130147,2854900
2000-09-13,8.611969,8.611969,8.369640,8.406922,3.049021,1984200
2000-09-14,8.444203,8.481484,8.239157,8.369640,3.035499,2341600
2000-09-15,8.481484,8.835656,8.481484,8.686531,3.150429,7299200
2000-09-18,8.761094,8.798375,8.593328,8.672551,3.145360,4649100
2000-09-19,8.537406,8.630610,8.406922,8.425563,3.055781,2914600
2000-09-20,8.649250,8.742454,8.425563,8.462844,3.069303,4664800
2000-09-21,8.462844,8.462844,8.164594,8.295078,3.008458,3493000
2000-09-22,8.295078,8.374301,8.015469,8.085371,2.932402,2397300
2000-09-25,7.903625,7.996828,7.773140,7.922266,2.873246,3744100
2000-09-26,7.959547,8.201875,7.959547,8.183234,2.967894,2820700
2000-09-27,8.257797,8.444203,8.145953,8.425563,3.055781,3135900
2000-09-28,8.425563,8.500125,8.220515,8.430223,3.057471,3875600
2000-09-29,8.500125,8.649250,8.462844,8.462844,3.069303,4846900
2000-10-02,8.649250,8.761094,8.537406,8.667891,3.143669,3630100
2000-10-03,8.705172,8.705172,8.537406,8.593328,3.116626,3813900
2000-10-04,8.518765,8.574688,8.332359,8.351000,3.028739,2191700
2000-10-05,8.369640,8.388281,8.145953,8.257797,2.994936,3450400
2000-10-06,8.239157,8.462844,8.127313,8.145953,2.954373,2506200
2000-10-09,8.201875,8.481484,8.164594,8.462844,3.069303,3066500
2000-10-10,8.481484,8.854297,8.481484,8.686531,3.150429,3307900
2000-10-11,8.649250,8.891578,8.537406,8.649250,3.136908,4904200
2000-10-12,8.723812,9.059343,8.723812,8.891578,3.224795,5433300
2000-10-13,8.798375,8.798375,8.500125,8.537406,3.096344,5136200
2000-10-16,8.593328,8.611969,8.406922,8.518765,3.089585,3761900
2000-10-17,8.593328,8.611969,8.462844,8.500125,3.082824,3480600
2000-10-18,8.518765,8.611969,8.145953,8.201875,2.974656,3182900
2000-10-19,8.145953,8.388281,8.071390,8.295078,3.008458,3560700
2000-10-20,8.351000,8.518765,8.295078,8.481484,3.076063,2561200
2000-10-23,8.425563,8.462844,8.127313,8.257797,2.994936,3639200
2000-10-24,8.052750,8.257797,8.034109,8.108672,2.940852,4996800
2000-10-25,8.183234,8.183234,7.884984,7.884984,2.859725,4749000
2000-10-26,7.959547,8.071390,7.940906,7.940906,2.880006,4162600
2000-10-27,7.940906,7.978188,7.735859,7.829062,2.839443,4270900
2000-10-30,7.940906,8.164594,7.866344,8.090032,2.934091,4552200
2000-10-31,8.201875,8.239157,8.052750,8.108672,2.940852,3593900
2000-11-01,8.108672,8.406922,8.108672,8.388281,3.042261,3194600
2000-11-02,8.332359,8.369640,8.127313,8.201875,2.974656,3879900
2000-11-03,8.015469,8.257797,8.015469,8.201875,2.974656,3558400
2000-11-06,8.220515,8.220515,8.052750,8.127313,2.947612,2734600
2000-11-07,8.183234,8.239157,8.090032,8.145953,2.954373,2651400
2000-11-08,8.127313,8.239157,8.015469,8.052750,2.920569,4264200
2000-11-09,7.978188,8.164594,7.847703,7.922266,2.873246,5117800
2000-11-10,7.996828,8.257797,7.996828,8.108672,2.940852,3530500
2000-11-13,8.183234,8.295078,8.071390,8.071390,2.927330,3054400
2000-11-14,8.127313,8.257797,8.015469,8.145953,3.041028,3626800
2000-11-15,8.145953,8.351000,8.145953,8.201875,3.061907,5445700
2000-11-16,8.239157,8.295078,8.164594,8.276438,3.089743,2641400
2000-11-17,8.276438,8.313719,8.127313,8.276438,3.089743,3034300
2000-11-20,8.332359,8.406922,8.220515,8.239157,3.075825,3558000
2000-11-21,8.239157,8.444203,8.220515,8.313719,3.103659,3892300
2000-11-22,8.276438,8.332359,8.220515,8.332359,3.110617,4816700
2000-11-24,8.332359,8.369640,8.313719,8.332359,3.110617,1344100
2000-11-27,8.332359,8.425563,8.276438,8.406922,3.138452,4458300
2000-11-28,8.239157,8.537406,8.220515,8.481484,3.166289,6569900
2000-11-29,8.425563,8.481484,8.108672,8.201875,3.061907,4850600
2000-11-30,8.090032,8.201875,7.754500,7.866344,2.936647,11455400
2000-12-01,8.611969,8.611969,8.034109,8.052750,3.006234,10925300
2000-12-04,8.127313,8.220515,8.015469,8.015469,2.992318,5225800
2000-12-05,8.015469,8.127313,7.940906,7.959547,2.971440,4841500
2000-12-06,7.996828,8.052750,7.884984,7.959547,2.971440,5084600
2000-12-07,7.978188,8.071390,7.922266,7.959547,2.971440,3672700
2000-12-08,7.884984,7.940906,7.810422,7.884984,2.943605,3842000
2000-12-11,7.866344,7.996828,7.791781,7.810422,2.915769,5034300
2000-12-12,7.884984,7.959547,7.829062,7.866344,2.936647,4694300
2000-12-13,7.903625,7.959547,7.847703,7.866344,2.936647,5622100
2000-12-14,7.829062,7.884984,7.549453,7.586734,2.832263,4326900
2000-12-15,7.530812,7.810422,7.530812,7.717219,2.880975,4790600
2000-12-18,7.661297,7.903625,7.661297,7.847703,2.929686,3526500
2000-12-19,7.884984,8.071390,7.884984,7.959547,2.971440,5909400
2000-12-20,8.034109,8.052750,7.735859,7.791781,2.908810,4863700
2000-12-21,7.791781,8.015469,7.791781,7.959547,2.971440,2756400
2000-12-22,7.959547,8.090032,7.903625,8.071390,3.013194,4953800
2000-12-26,8.127313,8.332359,8.108672,8.332359,3.110617,5176800
2000-12-27,8.351000,8.518765,8.295078,8.481484,3.166289,7220400
2000-12-28,8.500125,8.630610,8.406922,8.574688,3.201083,3940600
2000-12-29,8.462844,8.667891,8.239157,8.276438,3.089743,4665500
2001-01-02,8.462844,8.556046,8.313719,8.332359,3.110617,7162700
2001-01-03,8.332359,8.406922,8.145953,8.145953,3.041028,6248700
2001-01-04,8.090032,8.276438,8.052750,8.183234,3.054947,5508100
2001-01-05,8.145953,8.593328,8.145953,8.425563,3.145410,4879400
2001-01-08,8.444203,8.630610,8.295078,8.332359,3.110617,4957900
2001-01-09,8.462844,8.481484,8.164594,8.220515,3.068864,5436300
2001-01-10,8.257797,8.276438,8.127313,8.201875,3.061907,3702900
2001-01-11,8.201875,8.295078,8.145953,8.183234,3.054947,6098200
2001-01-12,8.239157,8.313719,8.108672,8.257797,3.082783,4099900
2001-01-16,8.201875,8.388281,8.201875,8.351000,3.117578,3571800
2001-01-17,8.406922,8.406922,8.164594,8.183234,3.054947,2936400
2001-01-18,8.090032,8.183234,7.959547,7.996828,2.985358,2611500
2001-01-19,7.922266,8.108672,7.922266,8.052750,3.006234,2677900
2001-01-22,8.015469,8.127313,8.015469,8.052750,3.006234,2960600
2001-01-23,8.071390,8.239157,8.071390,8.201875,3.061907,3364600
2001-01-24,8.201875,8.295078,8.090032,8.145953,3.041028,3044700
2001-01-25,7.903625,8.239157,7.866344,8.164594,3.047988,9816500
2001-01-26,8.183234,8.220515,7.996828,8.108672,3.027111,5548300
2001-01-29,8.169067,8.201875,8.082575,8.189945,3.057452,4629000
2001-01-30,8.115382,8.127313,7.978188,8.058715,3.008461,3234800
2001-01-31,8.425563,8.431527,8.085558,8.160120,3.046318,4137400
2001-02-01,7.951345,8.127313,7.948362,8.052750,3.006234,3044400
2001-02-02,8.186962,8.234682,8.163102,8.231700,3.073041,3090000
2001-02-05,8.351000,8.455387,8.276438,8.342052,3.114235,4508900
2001-02-06,8.416615,8.515038,8.291350,8.461352,3.158774,4254100
2001-02-07,8.470300,8.518020,8.371878,8.428545,3.146526,3059100
2001-02-08,8.410650,8.503107,8.351000,8.422580,3.144299,5419200
2001-02-09,8.336087,8.643285,8.336087,8.571705,3.199970,3398800
2001-02-12,8.589600,8.679075,8.550827,8.634337,3.223352,3445400
2001-02-13,8.351000,8.634337,8.351000,8.500125,3.173248,5735400
2001-02-14,8.500125,8.720830,8.494160,8.565740,3.197743,3621400
2001-02-15,8.485212,8.515038,8.365912,8.500125,3.173248,3689800
2001-02-16,8.431527,8.556792,8.336087,8.401703,3.223734,4442900
2001-02-20,8.649250,8.649250,8.383807,8.443458,3.239756,3930500
2001-02-21,8.470300,8.523985,8.276438,8.351000,3.204280,3428300
2001-02-22,8.410650,8.440475,8.303280,8.327140,3.195124,3837700
2001-02-23,8.306263,8.410650,8.178015,8.306263,3.187113,4014000
2001-02-26,8.306263,8.404685,8.285385,8.339070,3.199702,5146000
2001-02-27,8.339070,8.392755,8.261525,8.318192,3.191692,4421100
2001-02-28,8.351000,8.351000,8.189945,8.237665,3.160794,3562700
2001-03-01,8.267490,8.336087,8.225735,8.231700,3.158505,6033500
2001-03-02,8.172050,8.380825,8.172050,8.362930,3.208857,6813400
2001-03-05,8.485212,8.500125,8.428545,8.491178,3.258066,4832100
2001-03-06,8.461352,8.562757,8.434510,8.550827,3.280954,4250700
2001-03-07,8.589600,8.798375,8.559775,8.777497,3.367926,5680400
2001-03-08,8.798375,8.813288,8.652232,8.810305,3.380516,4043200
2001-03-09,8.792410,8.828200,8.691005,8.753637,3.358773,3689500
2001-03-12,8.944517,8.944517,8.583635,8.640303,3.315285,5023600
2001-03-13,8.649250,8.649250,8.404685,8.488195,3.256922,4003000
2001-03-14,8.529950,8.544863,8.368895,8.416615,3.229455,4198800
2001-03-15,8.416615,8.500125,8.216787,8.288367,3.180247,4030800
2001-03-16,8.309245,8.351000,8.219770,8.264507,3.171092,5464800
2001-03-19,8.574688,8.574688,8.351000,8.428545,3.234034,7082600
2001-03-20,8.443458,8.538898,8.428545,8.470300,3.250054,5714300
2001-03-21,8.351000,8.410650,8.052750,8.201875,3.147061,6794600
2001-03-22,7.933450,8.037837,7.715727,7.876782,3.022322,8590400
2001-03-23,7.876782,7.957310,7.709763,7.903625,3.032622,8032100
2001-03-26,7.948362,8.052750,7.909590,7.987135,3.064663,4971300
2001-03-27,8.052750,8.103453,7.918538,8.052750,3.089840,6440500
2001-03-28,8.037837,8.052750,7.933450,7.993100,3.066953,3281800
2001-03-29,7.933450,8.008013,7.843975,7.957310,3.053221,3448400
2001-03-30,7.951345,8.112400,7.939415,8.037837,3.084119,4439500
2001-04-02,7.996082,8.082575,7.903625,7.957310,3.053221,3523200
2001-04-03,7.882748,7.984152,7.823098,7.861870,3.016600,3843700
2001-04-04,7.843975,8.079593,7.829062,7.966258,3.056654,4502500
2001-04-05,8.022925,8.261525,7.957310,8.243630,3.163082,5510400
2001-04-06,8.231700,8.321175,8.124330,8.288367,3.180247,4247700
2001-04-09,8.327140,8.491178,8.327140,8.482230,3.254632,2947500
2001-04-10,8.559775,8.655215,8.529950,8.589600,3.295831,5232800
2001-04-11,8.574688,8.574688,8.395738,8.455387,3.244333,4219900
2001-04-12,8.455387,8.723812,8.455387,8.667145,3.325583,8501900
2001-04-16,8.550827,8.911710,8.550827,8.881885,3.407980,3754200
2001-04-17,8.783463,8.962413,8.783463,8.923640,3.424001,5297200
2001-04-18,8.926622,9.042940,8.747672,8.825217,3.386237,5761900
2001-04-19,8.768550,8.828200,8.622408,8.688023,3.333594,4385200
2001-04-20,8.688023,8.929605,8.688023,8.858025,3.398824,5811500
2001-04-23,9.096625,9.356103,9.010133,9.356103,3.589939,14923700
2001-04-24,9.678212,9.678212,9.439612,9.526105,3.655167,19969100
2001-04-25,9.544000,9.546983,9.391892,9.499263,3.644869,10119600
2001-04-26,9.484350,9.567860,9.463472,9.463472,3.631135,9224400
2001-04-27,9.484350,9.505227,9.382945,9.424700,3.616258,4922300
2001-04-30,9.499263,9.573825,9.439612,9.532070,3.657457,5798400
2001-05-01,9.529087,9.529087,9.353120,9.439612,3.621981,4576300
2001-05-02,9.227855,9.415752,8.947500,9.022062,3.461766,7742400
2001-05-03,8.992237,8.995220,8.774515,8.986273,3.448034,4055600
2001-05-04,8.962413,9.165222,8.962413,9.153293,3.512120,3247600
2001-05-07,9.245750,9.251715,9.087678,9.239785,3.545305,2948100
2001-05-08,9.230838,9.350138,9.183118,9.266627,3.555607,3746100
2001-05-09,9.245750,9.517158,9.245750,9.517158,3.651735,4791200
2001-05-10,9.544000,9.573825,9.445578,9.505227,3.647157,3273400
2001-05-11,9.499263,9.514175,9.454525,9.487332,3.640292,4312100
2001-05-14,9.544000,9.642423,9.502245,9.636457,3.789376,4392200
2001-05-15,9.827337,9.827337,9.696108,9.743828,3.831597,4699400
2001-05-16,9.743828,9.934708,9.734880,9.934708,3.906657,6599100
2001-05-17,9.860145,9.901900,9.782600,9.833302,3.866780,5466200
2001-05-18,9.827337,9.979445,9.806460,9.955585,3.914866,5852400
2001-05-21,9.976462,10.024182,9.815408,9.973480,3.921904,4527700
2001-05-22,10.059973,10.059973,9.803477,9.821372,3.862089,3656600
2001-05-23,9.800495,9.800495,9.603650,9.633475,3.788206,3643200
2001-05-24,9.588737,9.782600,9.573825,9.761723,3.838633,3659000
2001-05-25,9.812425,9.812425,9.627510,9.654352,3.796411,2920700
2001-05-29,9.693125,9.743828,9.654352,9.681195,3.806967,3329000
2001-05-30,9.708037,9.711020,9.544000,9.618563,3.782339,4072000
2001-05-31,9.618563,9.663300,9.544000,9.648388,3.794069,4977700
2001-06-01,9.678212,9.690143,9.552947,9.588737,3.770611,3159400
2001-06-04,9.663300,9.767688,9.639440,9.758740,3.837461,4052300
2001-06-05,9.755757,9.901900,9.675230,9.866110,3.879681,2645000
2001-06-06,9.767688,9.767688,9.517158,9.526105,3.745981,7041000
2001-06-07,9.573825,9.585755,9.436630,9.451543,3.716661,6516600
2001-06-08,9.499263,9.564878,9.382945,9.535052,3.749500,2541100
2001-06-11,9.544000,9.630492,9.508210,9.529087,3.747155,3775300
2001-06-12,9.535052,9.633475,9.526105,9.621545,3.783512,2896800
2001-06-13,9.603650,9.705055,9.484350,9.499263,3.735425,4314100
2001-06-14,9.454525,9.469438,9.368032,9.403823,3.697897,2289300
2001-06-15,9.335225,9.523123,9.320313,9.442595,3.713142,3533200
2001-06-18,9.603650,9.603650,9.344172,9.347155,3.675612,2360100
2001-06-19,9.409787,9.412770,9.245750,9.373998,3.686167,1778700
2001-06-20,9.373998,9.397858,9.096625,9.132415,3.591170,3948300
2001-06-21,9.162240,9.195047,8.810305,8.887850,3.494997,7148000
2001-06-22,8.858025,9.007150,8.738725,9.004168,3.540738,6934700
2001-06-25,9.036975,9.072765,8.872937,8.947500,3.518454,2864300
2001-06-26,8.947500,9.066800,8.866973,9.007150,3.541910,4443200
2001-06-27,8.917675,9.042940,8.640303,8.679075,3.412900,4375800
2001-06-28,8.500125,8.589600,8.407667,8.407667,3.306173,6041200
2001-06-29,8.529950,8.810305,8.470300,8.801357,3.460986,7204300
2001-07-02,8.798375,8.798375,8.562757,8.613460,3.387097,5580800
2001-07-03,8.649250,8.667145,8.503107,8.526967,3.353087,2378800
2001-07-05,8.470300,8.708900,8.470300,8.661180,3.405863,8098200
2001-07-06,8.798375,8.801357,8.664163,8.795392,3.458640,6229600
2001-07-09,8.768550,8.768550,8.518020,8.565740,3.368333,2758700
2001-07-10,8.661180,8.676092,8.485212,8.541880,3.358950,3640900
2001-07-11,8.470300,8.574688,8.315210,8.419598,3.310865,5955000
2001-07-12,8.440475,8.497143,8.306263,8.398720,3.302655,4999100
2001-07-13,8.321175,8.634337,8.321175,8.521003,3.350741,3365900
2001-07-16,8.649250,8.679075,8.336087,8.380825,3.295619,2987000
2001-07-17,8.410650,8.479247,8.172050,8.395738,3.301482,4505200
2001-07-18,8.351000,8.538898,8.106435,8.157138,3.207657,4696300
2001-07-19,8.261525,8.380825,8.246613,8.351000,3.283889,3314600
2001-07-20,8.395738,8.467318,8.291350,8.413632,3.308520,3933900
2001-07-23,8.500125,8.535915,8.342052,8.425563,3.313210,4056300
2001-07-24,8.470300,8.470300,8.178015,8.243630,3.241670,3979500
2001-07-25,8.288367,8.679075,8.261525,8.604512,3.383579,5914800
2001-07-26,8.529950,8.858025,8.515038,8.852060,3.480925,4741600
2001-07-27,8.947500,8.947500,8.622408,8.899780,3.499688,4487500
2001-07-30,8.977325,8.977325,8.843113,8.875920,3.490306,3453100
2001-07-31,8.932588,8.992237,8.813288,8.849077,3.479751,2612500
2001-08-01,8.872937,8.962413,8.795392,8.828200,3.471542,3182500
2001-08-02,8.872937,8.923640,8.729777,8.917675,3.506726,2140400
2001-08-03,8.917675,8.941535,8.762585,8.828200,3.471542,1839700
2001-08-06,8.834165,8.932588,8.753637,8.804340,3.462159,2573600
2001-08-07,8.878902,8.932588,8.849077,8.887850,3.494997,2641400
2001-08-08,8.917675,8.980308,8.756620,8.801357,3.460986,3086000
2001-08-09,8.825217,8.887850,8.696970,8.846095,3.478578,2400300
2001-08-10,8.834165,8.980308,8.834165,8.947500,3.518454,1932900
2001-08-13,8.947500,9.036975,8.947500,8.974342,3.529010,2487800
2001-08-14,8.992237,9.036975,8.947500,9.004168,3.633868,2399300
2001-08-15,9.031010,9.320313,9.031010,9.254698,3.734977,4511900
2001-08-16,9.230838,9.275575,9.162240,9.239785,3.728957,3454100
2001-08-17,9.221890,9.227855,9.066800,9.117502,3.679608,2593400
2001-08-20,9.117502,9.141362,9.039957,9.081713,3.665164,1891700
2001-08-21,9.195047,9.201013,9.069782,9.087678,3.667571,2452600
2001-08-22,9.215925,9.350138,9.111538,9.132415,3.685627,4024400
2001-08-23,9.201013,9.212942,9.123467,9.123467,3.682014,2702700
2001-08-24,9.171187,9.245750,9.111538,9.215925,3.719329,3155700
2001-08-27,9.260662,9.326278,9.203995,9.203995,3.714515,1598600
2001-08-28,9.260662,9.293470,9.230838,9.257680,3.736180,3096000
2001-08-29,9.379963,9.514175,9.335225,9.379963,3.785531,6176300
2001-08-30,9.436630,9.481367,9.302418,9.397858,3.792754,7437300
2001-08-31,9.379963,9.445578,9.344172,9.397858,3.792754,3865500
2001-09-04,9.400840,9.663300,9.362067,9.397858,3.792754,7801800
2001-09-05,9.454525,9.511192,9.365050,9.466455,3.820437,3801800
2001-09-06,9.439612,9.615580,9.430665,9.573825,3.863770,4791200
2001-09-07,9.657335,9.758740,9.612597,9.663300,3.899878,5258000
2001-09-10,9.573825,9.734880,9.484350,9.511192,3.838490,5518800
2001-09-17,9.767688,9.767688,8.947500,9.186100,3.707294,5489300
2001-09-18,9.245750,9.272593,8.863990,8.872937,3.580908,4586700
2001-09-19,8.679075,8.887850,8.201875,8.321175,3.358228,8382500
2001-09-20,8.267490,8.425563,8.148190,8.291350,3.346194,5847100
2001-09-21,8.112400,8.252578,7.978188,7.978188,3.219807,7972100
2001-09-24,8.276438,8.276438,7.545725,7.605375,3.069349,10202800
2001-09-25,7.635200,7.694850,7.515900,7.575550,3.057312,7263300
2001-09-26,7.569585,7.614323,7.441338,7.539760,3.042869,6453600
2001-09-27,7.575550,7.763447,7.471162,7.739587,3.123515,4640400
2001-09-28,7.799238,8.008013,7.751517,7.978188,3.219807,5986200
2001-10-01,7.939415,7.939415,7.650113,7.873800,3.177679,3665000
2001-10-02,7.897660,8.258542,7.843975,8.258542,3.332952,6422700
2001-10-03,8.201875,8.425563,8.112400,8.368895,3.377488,5800500
2001-10-04,8.425563,8.610477,8.380825,8.544863,3.448504,4167900
2001-10-05,8.589600,8.673110,8.503107,8.661180,3.495447,4338300
2001-10-08,8.634337,8.705917,8.515038,8.604512,3.472578,3753200
2001-10-09,8.610477,8.732760,8.547845,8.711883,3.515909,3143000
2001-10-10,8.708900,8.992237,8.679075,8.950482,3.612203,3464200
2001-10-11,8.977325,9.051888,8.843113,8.914693,3.597759,4767100
2001-10-12,8.798375,8.947500,8.765568,8.858025,3.574889,2502200
2001-10-15,8.855042,8.858025,8.607495,8.646268,3.489429,2726900
2001-10-16,8.646268,8.780480,8.559775,8.756620,3.533965,4851200
2001-10-17,8.768550,8.843113,8.613460,8.649250,3.490632,3231800
2001-10-18,8.541880,8.577670,8.282402,8.333105,3.363045,4517000
2001-10-19,8.321175,8.503107,8.186962,8.407667,3.393135,4482100
2001-10-22,8.440475,8.541880,8.267490,8.413632,3.395543,4311800
2001-10-23,8.380825,8.503107,8.362930,8.404685,3.391932,5503700
2001-10-24,8.404685,8.440475,8.216787,8.312227,3.354617,5654600
2001-10-25,8.297315,8.380825,8.234682,8.362930,3.375081,5767300
2001-10-26,8.327140,8.550827,8.315210,8.512055,3.435264,3580500
2001-10-29,8.500125,8.541880,8.383807,8.440475,3.406376,3227100
2001-10-30,8.351000,8.351000,8.133278,8.133278,3.282398,2814000
2001-10-31,8.231700,8.306263,8.052750,8.228718,3.320915,5145600
2001-11-01,8.172050,8.491178,8.058715,8.458370,3.413597,4586400
2001-11-02,8.336087,8.339070,8.154155,8.154155,3.290824,3261600
2001-11-05,8.216787,8.216787,8.091522,8.160120,3.293231,4842200
2001-11-06,8.085558,8.097487,7.897660,8.037837,3.243880,4443500
2001-11-07,8.022925,8.136260,7.918538,8.082575,3.261935,5601000
2001-11-08,8.157138,8.228718,8.130295,8.198893,3.308879,4699700
2001-11-09,8.336087,8.398720,8.264507,8.383807,3.383506,4073400
2001-11-12,8.276438,8.318192,8.192927,8.279420,3.341379,4680600
2001-11-13,8.321175,8.321175,8.178015,8.288367,3.344989,2828400
2001-11-14,8.213805,8.216787,7.906608,7.930468,3.200548,4498500
2001-11-15,7.840992,7.843975,7.536777,7.626253,3.077775,8295000
2001-11-16,7.739587,7.838010,7.551690,7.784325,3.141568,5256900
2001-11-19,7.829062,7.829062,7.635200,7.754500,3.224816,4986400
2001-11-20,7.873800,8.216787,7.870818,8.127313,3.379855,7369600
2001-11-21,8.112400,8.189945,7.945380,8.061698,3.352567,4693700
2001-11-23,8.061698,8.261525,7.984152,8.255560,3.433187,3169400
2001-11-26,8.255560,8.255560,8.046785,8.133278,3.382335,5464200
2001-11-27,8.058715,8.246613,7.993100,8.189945,3.405902,6145100
2001-11-28,8.052750,8.145207,7.978188,8.049767,3.347605,5679100
2001-11-29,8.052750,8.151173,8.037837,8.112400,3.373652,5038000
2001-11-30,8.154155,8.198893,8.052750,8.172050,3.398459,5922500
2001-12-03,8.097487,8.303280,8.052750,8.252578,3.431946,6152200
2001-12-04,8.252578,8.398720,8.160120,8.365912,3.479078,3171800
2001-12-05,8.604512,8.604512,8.351000,8.479247,3.526211,5275400
2001-12-06,8.482230,8.482230,8.231700,8.231700,3.423265,2708800
2001-12-07,8.142225,8.374860,8.133278,8.368895,3.480320,3098700
2001-12-10,8.201875,8.261525,8.151173,8.207840,3.413342,3576100
2001-12-11,8.261525,8.261525,8.118365,8.180998,3.402179,3790100
2001-12-12,8.198893,8.291350,8.145207,8.279420,3.443112,3892300
2001-12-13,8.231700,8.246613,8.091522,8.136260,3.383574,3423600
2001-12-14,8.172050,8.306263,8.151173,8.306263,3.454274,3227100
2001-12-17,8.231700,8.321175,8.180998,8.222753,3.419545,3034000
2001-12-18,8.306263,8.342052,8.258542,8.315210,3.457994,3216700
2001-12-19,8.246613,8.422580,8.246613,8.419598,3.501404,3663000
2001-12-20,8.380825,8.500125,8.356965,8.434510,3.507606,2423100
2001-12-21,8.440475,8.604512,8.440475,8.604512,3.578302,4176000
2001-12-24,8.649250,8.750655,8.607495,8.655215,3.599391,1603000
2001-12-26,8.753637,8.866973,8.693988,8.831182,3.672569,2494200
2001-12-27,8.768550,8.917675,8.685040,8.914693,3.707298,3673700
2001-12-28,8.932588,9.007150,8.902762,8.980308,3.734585,3253600
2001-12-31,8.935570,8.989255,8.887850,8.947500,3.720939,3403100
2002-01-02,8.947500,8.947500,8.762585,8.872937,3.689933,5655600
2002-01-03,8.798375,8.887850,8.741708,8.756620,3.641562,9641500
2002-01-04,8.783463,8.899780,8.783463,8.875920,3.691172,6619200
2002-01-07,8.875920,8.968377,8.831182,8.953465,3.723421,4736600
2002-01-08,8.968377,8.974342,8.813288,8.929605,3.713498,4270900
2002-01-09,8.828200,9.036975,8.813288,8.944517,3.719700,5254900
2002-01-10,8.756620,8.858025,8.673110,8.705917,3.620474,4529700
2002-01-11,8.738725,8.738725,8.515038,8.580652,3.568381,6391600
2002-01-14,8.380825,8.488195,8.359947,8.440475,3.510088,6015700
2002-01-15,8.515038,8.649250,8.488195,8.592583,3.573343,5012900
2002-01-16,8.443458,8.473283,8.368895,8.425563,3.503883,6767100
2002-01-17,8.425563,8.425563,8.276438,8.336087,3.466676,5748800
2002-01-18,8.142225,8.201875,8.052750,8.192927,3.407140,11663700
2002-01-22,8.186962,8.228718,8.127313,8.166085,3.395979,4312400
2002-01-23,8.195910,8.368895,8.192927,8.351000,3.472877,6904900
2002-01-24,8.380825,8.529950,8.321175,8.529950,3.547296,4760700
2002-01-25,8.515038,8.649250,8.488195,8.488195,3.529932,8280600
2002-01-28,8.574688,8.574688,8.321175,8.351000,3.472877,7935900
2002-01-29,8.306263,8.336087,8.127313,8.172050,3.398459,8004600
2002-01-30,8.219770,8.294333,8.067662,8.264507,3.436909,5593200
2002-01-31,8.216787,8.404685,8.216787,8.365912,3.479078,6431800
2002-02-01,8.351000,8.470300,8.327140,8.461352,3.518770,4104600
2002-02-04,8.461352,8.464335,8.222753,8.246613,3.429466,2917300
2002-02-05,8.201875,8.345035,8.186962,8.279420,3.443112,3802100
2002-02-06,8.351000,8.470300,8.297315,8.362930,3.477839,3344500
2002-02-07,8.362930,8.365912,8.246613,8.246613,3.429466,3926200
2002-02-08,8.201875,8.279420,8.148190,8.195910,3.408381,5285100
2002-02-11,8.216787,8.282402,8.142225,8.225735,3.420784,6992700
2002-02-12,8.225735,8.243630,8.151173,8.198893,3.409621,3945000
2002-02-13,8.186962,8.198893,8.088540,8.157138,3.392257,6561600
2002-02-14,8.157138,8.252578,8.127313,8.228718,3.422025,4827400
2002-02-15,8.169067,8.321175,8.157138,8.300298,3.551047,4784900
2002-02-19,8.300298,8.300298,8.121347,8.133278,3.479593,3864500
2002-02-20,8.136260,8.198893,8.008013,8.076610,3.455348,3066800
2002-02-21,8.052750,8.201875,8.052750,8.163102,3.492352,6944100
2002-02-22,8.136260,8.351000,8.130295,8.279420,3.542116,6731600
2002-02-25,8.318192,8.443458,8.261525,8.401703,3.594429,4027800
2002-02-26,8.336087,8.440475,8.234682,8.261525,3.534460,5160100
2002-02-27,8.285385,8.336087,8.175033,8.213805,3.514045,3766900
2002-02-28,8.258542,8.306263,8.198893,8.201875,3.508940,4482800
2002-03-01,8.246613,8.416615,8.201875,8.410650,3.598259,3835000
2002-03-04,8.416615,8.494160,8.348018,8.494160,3.633983,4192400
2002-03-05,8.485212,8.512055,8.351000,8.351000,3.572738,5234800
2002-03-06,8.336087,8.571705,8.216787,8.523985,3.646745,5316600
2002-03-07,8.589600,8.619425,8.458370,8.485212,3.630156,4697000
2002-03-08,8.488195,8.544863,8.306263,8.410650,3.598259,3703600
2002-03-11,8.440475,8.619425,8.437492,8.580652,3.670990,4969900
2002-03-12,8.583635,8.852060,8.583635,8.789428,3.760306,8395600
2002-03-13,8.944517,8.947500,8.729777,8.765568,3.750100,4751000
2002-03-14,8.729777,8.765568,8.649250,8.708900,3.725857,2888100
2002-03-15,8.825217,8.858025,8.723812,8.819253,3.773068,5463500
2002-03-18,8.828200,8.887850,8.771532,8.884868,3.801139,3252900
2002-03-19,8.887850,8.929605,8.801357,8.810305,3.769240,4855600
2002-03-20,8.780480,8.783463,8.619425,8.649250,3.700335,5804100
2002-03-21,8.604512,8.655215,8.538898,8.637320,3.695232,4983700
2002-03-22,8.592583,8.592583,8.464335,8.476265,3.626330,3550700
2002-03-25,8.476265,8.532932,8.404685,8.482230,3.628882,5486600
2002-03-26,8.515038,8.583635,8.497143,8.503107,3.637813,4591700
2002-03-27,8.559775,8.637320,8.529950,8.586617,3.673539,5750800
2002-03-28,8.589600,8.619425,8.521003,8.589600,3.674817,4408700
2002-04-01,8.589600,8.673110,8.589600,8.634337,3.693956,5275700
2002-04-02,8.646268,8.723812,8.616443,8.631355,3.692681,4087100
2002-04-03,8.559775,8.619425,8.479247,8.568723,3.665884,7376300
2002-04-04,8.574688,8.589600,8.336087,8.419598,3.602085,4603100
2002-04-05,8.449423,8.467318,8.321175,8.368895,3.580396,3335700
2002-04-08,8.470300,8.565740,8.455387,8.553810,3.659505,4242700
2002-04-09,8.544863,8.547845,8.389772,8.422580,3.603363,4896200
2002-04-10,8.419598,8.583635,8.383807,8.574688,3.668436,5615700
2002-04-11,8.529950,8.702935,8.509072,8.598548,3.678646,6525000
2002-04-12,8.601530,8.601530,8.273455,8.291350,3.547220,4759000
2002-04-15,8.491178,8.515038,8.431527,8.464335,3.621225,2768100
2002-04-16,8.509072,8.571705,8.494160,8.541880,3.654401,4063700
2002-04-17,8.643285,8.673110,8.532932,8.664163,3.706715,4281600
2002-04-18,8.780480,8.828200,8.625390,8.804340,3.766687,7278700
2002-04-19,8.872937,8.917675,8.723812,8.893815,3.804967,7397400
2002-04-22,8.887850,8.914693,8.771532,8.783463,3.757756,8239700
2002-04-23,8.693988,8.831182,8.652232,8.774515,3.753927,5343800
2002-04-24,8.708900,8.780480,8.640303,8.658197,3.704165,3503400
2002-04-25,8.604512,8.795392,8.574688,8.714865,3.728408,2829800
2002-04-26,8.652232,8.738725,8.574688,8.628372,3.691404,3045000
2002-04-29,8.553810,8.679075,8.518020,8.625390,3.690130,2794900
2002-04-30,8.628372,8.732760,8.613460,8.667145,3.707992,4755700
2002-05-01,8.667145,8.753637,8.592583,8.753637,3.744994,3711300
2002-05-02,8.708900,8.756620,8.625390,8.664163,3.706715,3468200
2002-05-03,8.753637,8.783463,8.598548,8.708900,3.725857,3149000
2002-05-06,8.649250,8.652232,8.398720,8.413632,3.599535,4076100
2002-05-07,8.437492,8.437492,8.345035,8.389772,3.589327,4048600
2002-05-08,8.595565,8.595565,8.410650,8.547845,3.656954,7440700
2002-05-09,8.544863,8.598548,8.470300,8.491178,3.632710,1930500
2002-05-10,8.559775,8.562757,8.443458,8.452405,3.616122,2620200
2002-05-13,8.395738,8.619425,8.380825,8.601530,3.679920,2541400
2002-05-14,8.619425,8.664163,8.523985,8.628372,3.792822,2957200
2002-05-15,8.628372,8.628372,8.386790,8.410650,3.697118,4957500
2002-05-16,8.494160,8.604512,8.413632,8.523985,3.746936,5033600
2002-05-17,8.523985,8.529950,8.413632,8.476265,3.725960,2662100
2002-05-20,8.446440,8.473283,8.386790,8.410650,3.697118,2046600
2002-05-21,8.395738,8.604512,8.395738,8.461352,3.719405,2674200
2002-05-22,8.535915,8.574688,8.425563,8.529950,3.749559,2602500
2002-05-23,8.529950,8.574688,8.449423,8.550827,3.758734,2263500
2002-05-24,8.547845,8.547845,8.434510,8.461352,3.719405,2224300
2002-05-28,8.440475,8.452405,8.321175,8.389772,3.687940,2187000
2002-05-29,8.389772,8.392755,8.285385,8.351000,3.670896,3281400
2002-05-30,8.231700,8.351000,8.058715,8.118365,3.568636,4611900
2002-05-31,8.157138,8.285385,8.112400,8.178015,3.594855,4739300
2002-06-03,8.246613,8.246613,8.031873,8.031873,3.530616,4836200
2002-06-04,8.034855,8.049767,7.918538,7.975205,3.505705,3884900
2002-06-05,7.975205,7.975205,7.855905,7.933450,3.487352,5239800
2002-06-06,8.022925,8.022925,7.784325,7.820115,3.437532,5520200
2002-06-07,7.820115,7.933450,7.754500,7.873800,3.461130,4232300
2002-06-10,7.870818,7.870818,7.715727,7.736605,3.400823,4124300
2002-06-11,7.811168,7.823098,7.650113,7.668007,3.370672,4233600
2002-06-12,7.736605,7.802220,7.679937,7.724675,3.395579,3461500
2002-06-13,7.679937,7.894678,7.659060,7.817132,3.436221,3310600
2002-06-14,7.858888,7.882748,7.638183,7.876782,3.462441,3779700
2002-06-17,7.978188,8.088540,7.906608,8.076610,3.550281,2735600
2002-06-18,8.052750,8.082575,7.984152,8.013977,3.522749,3269000
2002-06-19,8.037837,8.082575,7.939415,7.996082,3.514883,4760700
2002-06-20,7.978188,8.037837,7.876782,7.918538,3.480797,4618900
2002-06-21,7.843975,7.969240,7.769413,7.852922,3.451954,3929200
2002-06-24,7.879765,7.972222,7.829062,7.903625,3.474241,3104700
2002-06-25,8.008013,8.067662,7.843975,7.846958,3.449332,3947600
2002-06-26,7.784325,7.888712,7.754500,7.867835,3.458507,3473200
2002-06-27,7.918538,7.960292,7.849940,7.933450,3.487352,4119000
2002-06-28,7.876782,8.157138,7.876782,8.088540,3.555525,10285300
2002-07-01,8.052750,8.112400,7.873800,7.948362,3.493905,3686800
2002-07-02,7.945380,8.002048,7.751517,7.787307,3.423112,3410500
2002-07-03,7.787307,7.873800,7.718710,7.760465,3.411312,2925000
2002-07-05,7.814150,7.939415,7.772395,7.921520,3.482107,2928400
2002-07-08,7.924502,7.978188,7.829062,7.915555,3.479484,3626100
2002-07-09,7.796255,7.894678,7.733623,7.733623,3.399512,4679900
2002-07-10,7.784325,7.811168,7.602393,7.632217,3.354937,4138800
2002-07-11,7.605375,7.608357,7.354845,7.408530,3.256609,5290800
2002-07-12,7.432390,7.486075,7.265370,7.333968,3.223834,5335100
2002-07-15,7.247475,7.319055,6.943260,7.238527,3.181879,6071000
2002-07-16,7.184843,7.253440,6.985015,7.131157,3.134683,4748700
2002-07-17,7.202737,7.345898,7.068525,7.181860,3.156971,6138400
2002-07-18,7.247475,7.330985,7.158000,7.190807,3.160904,4795900
2002-07-19,7.068525,7.125193,6.800100,6.800100,2.989158,5343100
2002-07-22,6.803082,6.901505,6.397462,6.433252,2.827901,7104700
2002-07-23,6.507815,6.615185,6.352725,6.352725,2.792503,6302000
2002-07-24,6.293075,6.710625,6.266232,6.645010,2.920985,10291700
2002-07-25,6.645010,6.659923,6.385532,6.477990,2.847567,5724300
2002-07-26,6.477990,6.645010,6.454130,6.609220,2.905253,5758200
2002-07-29,6.680800,6.970102,6.665887,6.961155,3.059956,4957500
2002-07-30,6.800100,7.041683,6.785188,6.955190,3.057333,4524000
2002-07-31,6.993962,7.229580,6.919400,7.229580,3.177947,5174500
2002-08-01,7.187825,7.190807,6.779222,6.800100,2.989158,4439200
2002-08-02,6.844838,6.895540,6.621150,6.650975,2.923607,5218700
2002-08-05,6.650975,6.752380,6.397462,6.424305,2.823969,4277200
2002-08-06,6.457112,6.815012,6.457112,6.692730,2.941961,3273700
2002-08-07,6.755363,6.928348,6.689747,6.919400,3.041600,4647100
2002-08-08,7.038700,7.158000,6.952208,7.128175,3.133373,3158000
2002-08-09,7.131157,7.402565,6.982032,7.333968,3.223834,4113600
2002-08-12,7.217650,7.360810,7.190807,7.268353,3.194990,4018100
2002-08-13,7.360810,7.390635,7.202737,7.202737,3.166147,4698700
2002-08-14,7.322038,7.441338,7.211685,7.438355,3.269720,3078600
2002-08-15,7.453268,7.641165,7.450285,7.602393,3.341826,2469000
2002-08-16,7.459232,7.602393,7.423442,7.575550,3.330028,3109100
2002-08-19,7.530812,7.617305,7.396600,7.444320,3.374801,4817000
2002-08-20,7.447302,7.447302,7.101333,7.166947,3.249059,7348500
2002-08-21,7.247475,7.292212,7.035717,7.244493,3.284213,3664300
2002-08-22,7.244493,7.447302,7.202737,7.411512,3.359931,3266300
2002-08-23,7.411512,7.411512,7.259405,7.292212,3.305847,3362900
2002-08-26,7.277300,7.402565,7.217650,7.366775,3.339651,4130000
2002-08-27,7.515900,7.545725,7.396600,7.471162,3.386971,5949000
2002-08-28,7.381688,7.426425,7.307125,7.378705,3.345058,4361100
2002-08-29,7.262387,7.360810,7.232563,7.307125,3.312608,5868900
2002-08-30,7.292212,7.456250,7.277300,7.381688,3.346410,3962100
2002-09-03,7.235545,7.238527,7.074490,7.155017,3.243652,5111800
2002-09-04,7.143087,7.262387,7.011858,7.238527,3.281508,5695200
2002-09-05,7.166947,7.322038,7.110280,7.256423,3.289621,6951800
2002-09-06,7.328002,7.381688,7.232563,7.351862,3.332889,5523200
2002-09-09,7.381688,7.471162,7.292212,7.447302,3.376155,5955400
2002-09-10,7.456250,7.590463,7.456250,7.554673,3.424831,4545500
2002-09-11,7.694850,7.697833,7.563620,7.569585,3.431589,5846700
2002-09-12,7.569585,7.569585,7.277300,7.304142,3.311255,6454300
2002-09-13,7.304142,7.399582,7.214667,7.345898,3.330184,3388000
2002-09-16,7.417478,7.417478,7.247475,7.372740,3.342353,2300000
2002-09-17,7.372740,7.372740,7.071507,7.098350,3.217961,4656400
2002-09-18,7.086420,7.163965,6.976068,7.059577,3.200386,3255300
2002-09-19,6.999928,7.065543,6.889575,6.895540,3.126020,2811700
2002-09-20,6.898522,6.987998,6.862732,6.937295,3.144949,4779800
2002-09-23,6.910452,6.934312,6.758345,6.835890,3.098979,5007800
2002-09-24,6.776240,6.776240,6.591325,6.624133,3.002980,5454100
2002-09-25,6.650975,6.692730,6.513780,6.627115,3.004332,6921300
2002-09-26,6.740450,6.913435,6.698695,6.880628,3.119259,4446600
2002-09-27,6.880628,6.990980,6.800100,6.829925,3.096274,3782700
2002-09-30,6.770275,6.841855,6.579395,6.764310,3.066528,4103600
2002-10-01,6.764310,6.886592,6.686765,6.874662,3.116555,4038200
2002-10-02,6.829925,6.999928,6.728520,6.740450,3.055712,3037700
2002-10-03,6.815012,6.892558,6.674835,6.755363,3.062472,3973500
2002-10-04,6.800100,6.829925,6.546587,6.588343,2.986755,4051900
2002-10-07,6.588343,6.591325,6.436235,6.442200,2.920503,3906700
2002-10-08,6.412375,6.445182,6.275180,6.328865,2.869123,5335700
2002-10-09,6.281145,6.281145,6.075353,6.093247,2.762309,5025900
2002-10-10,6.123073,6.188687,6.021667,6.185705,2.804224,6686000
2002-10-11,6.263250,6.299040,6.161845,6.299040,2.855603,5930200
2002-10-14,6.299040,6.469042,6.275180,6.466060,2.931320,2515600
2002-10-15,6.695713,6.695713,6.537640,6.633080,3.007036,3349800
2002-10-16,6.633080,6.692730,6.469042,6.501850,2.947544,2849900
2002-10-17,6.710625,6.710625,6.546587,6.665887,3.021909,2807300
2002-10-18,6.695713,6.704660,6.546587,6.639045,3.009740,2845200
2002-10-21,6.564483,6.695713,6.501850,6.501850,2.947544,6798300
2002-10-22,6.501850,6.501850,6.221495,6.316935,2.863716,5150000
2002-10-23,6.284128,6.418340,6.221495,6.379568,2.892109,2665500
2002-10-24,6.266232,6.430270,6.173775,6.215530,2.817744,4151500
2002-10-25,6.170793,6.212547,6.060440,6.126055,2.777182,5282400
2002-10-28,6.185705,6.227460,6.051493,6.096230,2.763660,4113300
2002-10-29,6.066405,6.066405,5.848682,5.967982,2.705522,6691000
2002-10-30,6.033597,6.221495,6.033597,6.200617,2.810983,5060500
2002-10-31,6.287110,6.370620,6.146933,6.233425,2.825858,5539900
2002-11-01,6.188687,6.299040,6.188687,6.218513,2.819097,4477100
2002-11-04,6.221495,6.245355,6.078335,6.096230,2.763660,4543800
2002-11-05,6.096230,6.170793,6.054475,6.132020,2.779886,5846700
2002-11-06,6.284128,6.293075,6.114125,6.254303,2.835322,6240700
2002-11-07,6.382550,6.382550,6.143950,6.158863,2.792055,4031800
2002-11-08,6.188687,6.284128,6.161845,6.179740,2.801520,2824100
2002-11-11,6.114125,6.260268,6.114125,6.143950,2.785295,3632500
2002-11-12,6.158863,6.242373,6.126055,6.185705,2.804224,4686000
2002-11-13,6.170793,6.230443,5.997808,6.084300,2.758253,4830100
2002-11-14,6.084300,6.084300,5.622013,5.836752,2.646030,17130900
2002-11-15,5.786050,5.830788,5.613065,5.666750,2.568961,12590700
2002-11-18,5.636925,5.720435,5.622013,5.720435,2.703007,4749000
2002-11-19,5.696575,5.792015,5.636925,5.699557,2.693142,4853900
2002-11-20,5.702540,5.890438,5.669733,5.890438,2.783337,4946500
2002-11-21,5.920262,6.039563,5.845700,6.006755,2.838299,5257600
2002-11-22,5.950088,6.027633,5.905350,5.991842,2.831253,3757900
2002-11-25,5.965000,6.030615,5.905350,5.979912,2.825614,3699200
2002-11-26,5.982895,5.982895,5.786050,5.824822,2.752333,6082400
2002-11-27,5.839735,5.935175,5.839735,5.899385,2.787564,3043000
2002-11-29,5.959035,5.988860,5.845700,5.965000,2.818569,2685300
2002-12-02,5.994825,6.063423,5.917280,6.063423,2.865074,5623800
2002-12-03,6.048510,6.155880,6.036580,6.105177,2.884806,6892500
2002-12-04,6.054475,6.120090,5.991842,5.997808,2.834070,4855900
2002-12-05,6.069387,6.135003,6.036580,6.105177,2.884806,4419100
2002-12-06,6.084300,6.230443,6.021667,6.206583,2.932720,4057300
2002-12-09,6.182723,6.376585,6.140967,6.287110,2.970771,9797400
2002-12-10,6.143950,6.334830,6.129037,6.325882,2.989092,5672400
2002-12-11,6.328865,6.328865,6.203600,6.305005,2.979227,3758500
2002-12-12,6.233425,6.388515,6.215530,6.373602,3.011640,3895000
2002-12-13,6.370620,6.397462,6.296058,6.373602,3.011640,7314600
2002-12-16,6.397462,6.513780,6.376585,6.501850,3.072239,5536900
2002-12-17,6.472025,6.513780,6.418340,6.424305,3.035599,4587700
2002-12-18,6.352725,6.457112,6.287110,6.337812,2.994729,4063000
2002-12-19,6.293075,6.370620,6.266232,6.305005,2.979227,2937400
2002-12-20,6.379568,6.427288,6.313952,6.427288,3.037007,4377800
2002-12-23,6.427288,6.495885,6.394480,6.486938,3.065193,3533200
2002-12-24,6.486938,6.486938,6.397462,6.436235,3.041235,1169400
2002-12-26,6.442200,6.501850,6.409392,6.439218,3.042645,3023600
2002-12-27,6.439218,6.498868,6.299040,6.316935,2.984864,3733700
2002-12-30,6.379568,6.418340,6.316935,6.355708,3.003185,3484600
2002-12-31,6.322900,6.382550,6.218513,6.349742,3.000366,5254300
2003-01-02,6.412375,6.480972,6.361672,6.480972,3.062375,3526200
2003-01-03,6.480972,6.504832,6.412375,6.418340,3.032780,4175600
2003-01-06,6.469042,6.674835,6.451148,6.659923,3.146932,6345600
2003-01-07,6.564483,6.576413,6.352725,6.379568,3.014459,5777700
2003-01-08,6.379568,6.385532,6.299040,6.331848,2.991912,3082900
2003-01-09,6.418340,6.421322,6.331848,6.367638,3.008822,4850900
2003-01-10,6.370620,6.421322,6.296058,6.367638,3.008822,6604100
2003-01-13,6.528693,6.528693,6.373602,6.403428,3.025733,3411500
2003-01-14,6.400445,6.495885,6.370620,6.460095,3.052510,4657100
2003-01-15,6.445182,6.513780,6.424305,6.475008,3.059557,3035000
2003-01-16,6.561500,6.591325,6.492902,6.516763,3.079286,4047900
2003-01-17,6.519745,6.576413,6.439218,6.445182,3.045463,4527000
2003-01-21,6.448165,6.466060,6.307988,6.316935,2.984864,6533100
2003-01-22,6.307988,6.322900,6.203600,6.245355,2.951041,5853100
2003-01-23,6.352725,6.352725,6.269215,6.293075,2.973591,5380300
2003-01-24,6.281145,6.281145,6.140967,6.167810,2.914400,4377500
2003-01-27,6.170793,6.206583,5.920262,6.024650,2.846754,6074700
2003-01-28,6.024650,6.108160,6.009737,6.054475,2.860847,3704200
2003-01-29,6.173775,6.385532,6.129037,6.346760,2.998957,6144500
2003-01-30,6.406410,6.406410,6.263250,6.263250,2.959498,5472500
2003-01-31,6.266232,6.319918,6.176757,6.233425,2.945404,8340600
2003-02-03,6.319918,6.400445,6.245355,6.382550,3.015868,6905900
2003-02-04,6.370620,6.513780,6.287110,6.513780,3.077877,5817200
2003-02-05,6.606237,6.618167,6.492902,6.564483,3.101835,7501700
2003-02-06,6.567465,6.588343,6.472025,6.549570,3.094788,6182000
2003-02-07,6.612203,6.612203,6.483955,6.489920,3.066603,4365800
2003-02-10,6.555535,6.597290,6.489920,6.594307,3.115927,3938900
2003-02-11,6.636063,6.692730,6.591325,6.639045,3.137066,5541300
2003-02-12,6.642027,6.642027,6.466060,6.469042,3.056737,3698500
2003-02-13,6.480972,6.516763,6.379568,6.436235,3.041235,6691000
2003-02-14,6.403428,6.466060,6.367638,6.394480,3.133482,4574000
2003-02-18,6.427288,6.689747,6.427288,6.686765,3.276711,5111100
2003-02-19,6.665887,6.668870,6.540623,6.585360,3.227019,3935900
2003-02-20,6.621150,6.659923,6.522727,6.579395,3.224095,3857800
2003-02-21,6.591325,6.725537,6.576413,6.692730,3.279633,3588600
2003-02-24,6.692730,6.776240,6.686765,6.725537,3.295709,3033000
2003-02-25,6.716590,6.838872,6.665887,6.716590,3.291325,3530200
2003-02-26,6.716590,6.835890,6.642027,6.758345,3.311785,4230000
2003-02-27,6.773258,6.859750,6.716590,6.764310,3.314707,4301400
2003-02-28,6.761327,6.898522,6.761327,6.886592,3.374632,5196300
2003-03-03,6.916418,6.987998,6.850802,6.868698,3.365860,4985000
2003-03-04,6.871680,6.910452,6.829925,6.829925,3.346862,3791400
2003-03-05,6.859750,6.979050,6.841855,6.973085,3.417014,3847100
2003-03-06,6.955190,6.976068,6.889575,6.955190,3.408246,2941400
2003-03-07,6.955190,7.002910,6.886592,6.993962,3.427245,3730400
2003-03-10,7.053613,7.083437,6.967120,6.982032,3.421400,4049200
2003-03-11,7.017822,7.116245,6.904488,6.904488,3.383399,7336700
2003-03-12,6.904488,6.904488,6.636063,6.704660,3.285478,7335400
2003-03-13,6.770275,6.785188,6.674835,6.710625,3.288401,6798600
2003-03-14,6.656940,6.743433,6.627115,6.636063,3.251863,5617000
2003-03-17,6.665887,6.829925,6.647993,6.826942,3.345400,8427400
2003-03-18,6.826942,6.919400,6.710625,6.895540,3.379015,7793100
2003-03-19,6.919400,6.970102,6.880628,6.958172,3.409706,6162200
2003-03-20,6.958172,7.044665,6.874662,7.014840,3.437475,7347800
2003-03-21,7.053613,7.059577,6.886592,6.913435,3.387786,6261100
2003-03-24,6.964138,6.999928,6.850802,6.934312,3.398015,7543600
2003-03-25,6.979050,7.128175,6.964138,6.996945,3.428707,7025900
2003-03-26,6.999928,7.083437,6.976068,7.020805,3.440398,3591200
2003-03-27,7.005892,7.178877,6.964138,7.122210,3.490089,4428800
2003-03-28,7.125193,7.247475,7.122210,7.169930,3.513474,3799100
2003-03-31,7.038700,7.187825,7.026770,7.149053,3.503243,6963200
2003-04-01,7.149053,7.277300,7.146070,7.274317,3.564628,4377200
2003-04-02,7.322038,7.322038,7.137123,7.202737,3.529550,5047400
2003-04-03,7.187825,7.247475,7.083437,7.089403,3.474014,3860500
2003-04-04,7.089403,7.178877,7.089403,7.155017,3.506167,3114800
2003-04-07,7.217650,7.223615,7.032735,7.068525,3.463783,4008300
2003-04-08,7.038700,7.041683,6.952208,6.970102,3.415552,4665200
2003-04-09,6.990980,7.098350,6.940278,6.949225,3.405323,4673900
2003-04-10,6.934312,6.937295,6.850802,6.895540,3.379015,7276400
2003-04-11,6.898522,6.928348,6.838872,6.871680,3.367325,2968600
2003-04-14,6.889575,6.949225,6.853785,6.919400,3.390708,2671200
2003-04-15,6.874662,7.023787,6.874662,7.008875,3.434554,4988000
2003-04-16,7.008875,7.035717,6.874662,6.895540,3.379015,5666000
2003-04-17,6.844838,6.982032,6.838872,6.922382,3.392168,4921700
2003-04-21,6.934312,6.964138,6.880628,6.898522,3.380476,3393100
2003-04-22,6.898522,6.946242,6.800100,6.925365,3.393629,4584000
2003-04-23,6.895540,6.928348,6.788170,6.841855,3.352708,4318800
2003-04-24,6.800100,6.913435,6.800100,6.815012,3.339553,5953000
2003-04-25,6.815012,6.815012,6.704660,6.761327,3.313247,4517000
2003-04-28,6.820978,6.895540,6.794135,6.844838,3.354168,3795100
2003-04-29,6.844838,6.844838,6.710625,6.728520,3.297171,3968400
2003-04-30,6.758345,6.829925,6.716590,6.791152,3.327863,8492500
2003-05-01,6.806065,6.835890,6.719573,6.806065,3.335170,3899000
2003-05-02,6.817995,6.943260,6.809048,6.916418,3.389246,4388200
2003-05-05,6.898522,6.964138,6.859750,6.919400,3.390708,2420700
2003-05-06,6.970102,7.038700,6.934312,6.985015,3.422862,3662300
2003-05-07,6.993962,7.169930,6.993962,7.113263,3.485705,7006800
2003-05-08,7.026770,7.160983,7.020805,7.047647,3.453553,3817900
2003-05-09,7.131157,7.131157,6.979050,7.008875,3.434554,3504400
2003-05-12,7.008875,7.080455,6.970102,7.032735,3.446245,3969800
2003-05-13,7.032735,7.217650,7.017822,7.166947,3.512012,2785500
2003-05-14,7.187825,7.328002,7.187825,7.247475,3.551473,5201300
2003-05-15,7.307125,7.357828,7.286248,7.330985,3.592397,3050700
2003-05-16,7.330985,7.405548,7.262387,7.360810,3.607011,2678600
2003-05-19,7.262387,7.265370,7.128175,7.134140,3.608696,2497900
2003-05-20,7.163965,7.205720,7.098350,7.140105,3.611712,3454400
2003-05-21,7.140105,7.286248,7.077473,7.262387,3.673567,4382200
2003-05-22,7.262387,7.319055,7.223615,7.307125,3.696197,4306100
2003-05-23,7.307125,7.500988,7.274317,7.471162,3.779174,5354500
2003-05-27,7.465198,7.665025,7.456250,7.641165,3.865166,4668900
2003-05-28,7.647130,7.659060,7.560637,7.572567,3.830466,4167300
2003-05-29,7.751517,7.751517,7.551690,7.563620,3.825942,8428800
2003-05-30,7.620287,7.712745,7.596427,7.673973,3.881761,5347100
2003-06-02,7.682920,7.757483,7.620287,7.715727,3.902883,5019900
2003-06-03,7.733623,7.793272,7.623270,7.793272,3.942106,5917800
2003-06-04,7.781343,7.900642,7.760465,7.840992,3.966246,4436200
2003-06-05,7.679937,7.891695,7.665025,7.891695,3.991892,6106900
2003-06-06,7.978188,8.022925,7.855905,7.900642,3.996420,5103700
2003-06-09,7.846958,7.918538,7.796255,7.826080,3.958701,2908600
2003-06-10,7.873800,7.912572,7.802220,7.864852,3.978314,2589400
2003-06-11,7.888712,8.052750,7.888712,8.052750,4.073359,3259300
2003-06-12,8.037837,8.112400,7.921520,7.948362,4.020556,3646900
2003-06-13,7.948362,7.948362,7.838010,7.927485,4.009997,2731900
2003-06-16,8.002048,8.052750,7.894678,8.052750,4.073359,3100400
2003-06-17,8.049767,8.061698,7.903625,7.957310,4.025084,2748700
2003-06-18,7.975205,8.028890,7.876782,7.927485,4.009997,2613500
2003-06-19,7.927485,7.966258,7.775377,7.894678,3.993402,4454900
2003-06-20,7.963275,8.070645,7.933450,8.002048,4.047714,5551000
2003-06-23,8.005030,8.013977,7.855905,7.897660,3.994909,3667300
2003-06-24,7.897660,7.897660,7.778360,7.793272,3.942106,4406000
2003-06-25,7.843975,7.939415,7.784325,7.808185,3.949650,2995800
2003-06-26,7.769413,7.903625,7.739587,7.799238,3.945126,3983900
2003-06-27,7.799238,7.903625,7.703797,7.823098,3.957193,3591600
2003-06-30,7.855905,7.933450,7.805202,7.858888,3.975297,3497700
2003-07-01,7.858888,7.915555,7.685903,7.906608,3.999435,3260000
2003-07-02,7.906608,7.945380,7.763447,7.933450,4.013015,3752200
2003-07-03,7.930468,7.930468,7.835028,7.909590,4.000944,2297400
2003-07-07,7.912572,7.963275,7.864852,7.888712,3.990384,4033800
2003-07-08,7.903625,7.972222,7.840992,7.966258,4.029607,5519800
2003-07-09,7.975205,8.016960,7.906608,7.963275,4.028100,2512900
2003-07-10,7.963275,7.963275,7.772395,7.799238,3.945126,3230800
2003-07-11,7.802220,7.876782,7.787307,7.835028,3.963230,2121700
2003-07-14,7.894678,7.903625,7.769413,7.799238,3.945126,2594400
2003-07-15,7.799238,7.799238,7.662043,7.665025,3.877234,4330900
2003-07-16,7.679937,7.724675,7.572567,7.656077,3.872709,4579700
2003-07-17,7.656077,7.787307,7.575550,7.751517,3.920986,3335400
2003-07-18,7.826080,7.945380,7.784325,7.918538,4.005471,3540900
2003-07-21,7.918538,7.963275,7.769413,7.775377,3.933055,3182200
2003-07-22,7.775377,7.826080,7.721693,7.793272,3.942106,3181500
2003-07-23,7.814150,7.823098,7.712745,7.757483,3.924006,3129900
2003-07-24,7.739587,7.885730,7.739587,7.781343,3.936073,4358400
2003-07-25,7.781343,7.858888,7.694850,7.843975,3.967755,3356900
2003-07-28,7.840992,7.843975,7.694850,7.760465,3.925512,5959000
2003-07-29,7.784325,7.790290,7.605375,7.662043,3.875727,4598100
2003-07-30,7.724675,7.739587,7.626253,7.673973,3.881761,2772100
2003-07-31,7.724675,7.829062,7.659060,7.676955,3.883270,2841500
2003-08-01,7.659060,7.665025,7.542743,7.587480,3.838009,3503700
2003-08-04,7.599410,7.599410,7.486075,7.527830,3.807838,2825800
2003-08-05,7.471162,7.554673,7.456250,7.459232,3.773138,4654400
2003-08-06,7.456250,7.602393,7.432390,7.569585,3.828958,3775600
2003-08-07,7.551690,7.629235,7.489058,7.602393,3.845553,5208300
2003-08-08,7.694850,7.754500,7.668007,7.739587,3.914953,4358000
2003-08-11,7.739587,7.948362,7.721693,7.948362,4.020556,5625800
2003-08-12,7.948362,7.978188,7.873800,7.978188,4.035645,4315500
2003-08-13,8.082575,8.133278,8.052750,8.127313,4.111076,7099000
2003-08-14,8.127313,8.186962,8.121347,8.178015,4.136724,7877600
2003-08-15,8.207840,8.207840,8.112400,8.163102,4.129181,6405300
2003-08-18,8.082575,8.112400,8.043802,8.073627,4.212945,4105600
2003-08-19,8.008013,8.067662,7.984152,8.052750,4.202049,2825400
2003-08-20,7.978188,8.049767,7.966258,8.022925,4.186488,2752300
2003-08-21,8.037837,8.115382,8.025908,8.112400,4.233178,3733700
2003-08-22,8.088540,8.130295,7.972222,7.999065,4.174036,3081600
2003-08-25,8.064680,8.112400,8.049767,8.088540,4.220727,3169100
2003-08-26,8.067662,8.073627,7.978188,8.034855,4.192714,3634500
2003-08-27,8.052750,8.183980,8.043802,8.180998,4.268972,3356200
2003-08-28,8.201875,8.255560,8.082575,8.255560,4.307879,6538100
2003-08-29,8.255560,8.318192,8.183980,8.318192,4.340562,3209700
2003-09-02,8.327140,8.458370,8.264507,8.455387,4.412153,6240000
2003-09-03,8.482230,8.556792,8.410650,8.541880,4.457285,5410500
2003-09-04,8.541880,8.634337,8.535915,8.589600,4.482187,6110600
2003-09-05,8.565740,8.634337,8.550827,8.571705,4.472850,4851200
2003-09-08,8.708900,8.789428,8.693988,8.774515,4.578678,8004600
2003-09-09,8.747672,8.747672,8.604512,8.628372,4.502419,5712600
2003-09-10,8.679075,8.679075,8.500125,8.541880,4.457285,5051800
2003-09-11,8.550827,8.583635,8.431527,8.482230,4.426160,5449100
2003-09-12,8.529950,8.556792,8.440475,8.541880,4.457285,3403800
2003-09-15,8.500125,8.544863,8.410650,8.544863,4.458841,2353700
2003-09-16,8.482230,8.529950,8.440475,8.473283,4.421491,2456600
2003-09-17,8.515038,8.515038,8.359947,8.377843,4.371689,4235300
2003-09-18,8.377843,8.419598,8.321175,8.419598,4.393477,4234700
2003-09-19,8.419598,8.464335,8.383807,8.455387,4.412153,2784900
2003-09-22,8.440475,8.440475,8.356965,8.413632,4.390363,2601500
2003-09-23,8.473283,8.491178,8.371878,8.413632,4.390363,2367800
2003-09-24,8.470300,8.518020,8.416615,8.455387,4.412153,5494300
2003-09-25,8.470300,8.488195,8.333105,8.365912,4.365463,4229000
2003-09-26,8.351000,8.452405,8.276438,8.404685,4.385696,4937800
2003-09-29,8.440475,8.446440,8.336087,8.404685,4.385696,2086100
2003-09-30,8.407667,8.526967,8.285385,8.500125,4.435498,3161700
2003-10-01,8.500125,8.693988,8.500125,8.685040,4.531990,4708100
2003-10-02,8.643285,8.655215,8.580652,8.622408,4.499307,2842200
2003-10-03,8.643285,8.708900,8.607495,8.640303,4.508642,3605600
2003-10-06,8.640303,8.661180,8.583635,8.658197,4.517982,2654400
2003-10-07,8.619425,8.798375,8.607495,8.783463,4.583348,3784700
2003-10-08,8.798375,8.798375,8.702935,8.798375,4.591129,3310300
2003-10-09,8.825217,8.828200,8.753637,8.822235,4.603578,3123800
2003-10-10,8.846095,9.022062,8.819253,9.010133,4.701629,6152200
2003-10-13,9.007150,9.090660,8.995220,9.051888,4.723415,2723800
2003-10-14,9.051888,9.051888,8.950482,9.022062,4.707852,3356900
2003-10-15,9.042940,9.048905,8.908728,8.983290,4.687620,3284100
2003-10-16,8.971360,9.028028,8.950482,9.007150,4.700071,2979300
2003-10-17,9.111538,9.111538,8.905745,8.971360,4.681396,3048400
2003-10-20,8.947500,8.959430,8.849077,8.935570,4.662719,2508200
2003-10-21,8.935570,8.938553,8.849077,8.911710,4.650268,3429000
2003-10-22,8.887850,8.923640,8.810305,8.837148,4.611362,2067700
2003-10-23,8.837148,8.890833,8.679075,8.813288,4.598911,4201500
2003-10-24,8.813288,8.813288,8.679075,8.729777,4.555333,2257100
2003-10-27,8.786445,8.855042,8.729777,8.807323,4.595798,3871200
2003-10-28,8.828200,8.828200,8.738725,8.744690,4.563116,4259500
2003-10-29,8.747672,8.765568,8.643285,8.705917,4.542882,5055400
2003-10-30,8.723812,8.732760,8.613460,8.696970,4.538216,3985900
2003-10-31,8.726795,8.828200,8.658197,8.819253,4.602024,4147100
2003-11-03,8.858025,8.887850,8.786445,8.855042,4.620698,3305200
2003-11-04,8.813288,8.834165,8.726795,8.753637,4.567785,2547100
2003-11-05,8.753637,8.777497,8.613460,8.762585,4.572454,4023100
2003-11-06,8.765568,8.795392,8.679075,8.774515,4.578678,2908600
2003-11-07,8.798375,8.884868,8.738725,8.872937,4.630038,2998800
2003-11-10,8.869955,8.887850,8.720830,8.735743,4.558447,2560900
2003-11-11,8.702935,8.711883,8.619425,8.682057,4.530434,1918800
2003-11-12,8.682057,8.717848,8.619425,8.708900,4.544440,3089300
2003-11-13,8.708900,8.828200,8.685040,8.828200,4.606692,2699000
2003-11-14,8.846095,8.977325,8.813288,8.899780,4.644044,3964100
2003-11-17,8.798375,8.798375,8.595565,8.753637,4.699804,3357200
2003-11-18,8.738725,8.768550,8.619425,8.634337,4.635752,3866200
2003-11-19,8.664163,8.738725,8.628372,8.702935,4.672583,4279200
2003-11-20,8.691005,8.738725,8.634337,8.679075,4.659772,2904600
2003-11-21,8.753637,8.753637,8.679075,8.720830,4.682190,3951700
2003-11-24,8.720830,8.762585,8.652232,8.735743,4.690196,2740600
2003-11-25,8.750655,8.855042,8.711883,8.846095,4.749444,3227100
2003-11-26,8.846095,8.878902,8.798375,8.849077,4.751045,2707700
2003-11-28,8.789428,8.858025,8.759603,8.831182,4.741439,844900
2003-12-01,8.843113,8.983290,8.828200,8.962413,4.811896,2859000
2003-12-02,8.968377,9.090660,8.938553,9.004168,4.834313,3053100
2003-12-03,9.007150,9.081713,8.884868,8.890833,4.773463,5439000
2003-12-04,8.893815,8.998202,8.893815,8.995220,4.829508,4621900
2003-12-05,8.977325,9.054870,8.965395,9.013115,4.839117,3954400
2003-12-08,9.036975,9.051888,8.983290,9.013115,4.839117,4337900
2003-12-09,9.036975,9.078730,9.019080,9.036975,4.851928,5931600
2003-12-10,9.048905,9.102590,9.028028,9.084695,4.877550,4652100
2003-12-11,9.093642,9.239785,9.042940,9.206978,4.943203,4317100
2003-12-12,9.212942,9.245750,9.171187,9.212942,4.946405,3136200
2003-12-15,9.215925,9.245750,9.084695,9.093642,4.882351,3569800
2003-12-16,9.135398,9.206978,9.081713,9.168205,4.922386,5772000
2003-12-17,9.168205,9.275575,9.168205,9.263645,4.973628,7306200
2003-12-18,9.299435,9.633475,9.278558,9.585755,5.146564,5318300
2003-12-19,9.633475,9.645405,9.552947,9.588737,5.148168,5740100
2003-12-22,9.606632,9.639440,9.570843,9.612597,5.160978,2905900
2003-12-23,9.612597,9.633475,9.526105,9.591720,5.149768,2545100
2003-12-24,9.600668,9.767688,9.597685,9.708037,5.212219,2347600
2003-12-26,9.749792,9.794530,9.708037,9.743828,5.231433,1666000
2003-12-29,9.809443,9.907865,9.770670,9.901900,5.316304,2299700
2003-12-30,9.901900,10.024182,9.889970,9.952602,5.343526,3464200
2003-12-31,9.952602,9.991375,9.827337,9.869093,5.298690,3922200
2004-01-02,9.886988,9.991375,9.869093,9.916813,5.324309,3638500
2004-01-05,9.991375,10.170325,9.967515,10.164360,5.457219,4277900
2004-01-06,10.164360,10.182255,10.101727,10.167342,5.458820,4589100
2004-01-07,10.146465,10.167342,9.985410,10.125587,5.436402,4259500
2004-01-08,10.200150,10.200150,10.051025,10.170325,5.460421,4137100
2004-01-09,10.170325,10.215062,10.056990,10.140500,5.444408,4470400
2004-01-12,10.143482,10.185238,10.107693,10.134535,5.441204,3472200
2004-01-13,10.170325,10.268747,10.158395,10.209098,5.481237,3915100
2004-01-14,10.209098,10.209098,10.077868,10.128570,5.438002,5695500
2004-01-15,10.170325,10.176290,9.979445,9.991375,5.364342,5409200
2004-01-16,10.015235,10.015235,9.916813,9.964533,5.349930,5193900
2004-01-20,10.113658,10.206115,10.036113,10.176290,5.463623,6482800
2004-01-21,10.185238,10.298573,10.140500,10.283660,5.521270,4538800
2004-01-22,10.289625,10.307520,10.122605,10.173307,5.462022,3448700
2004-01-23,10.215062,10.277695,10.140500,10.209098,5.481237,5429000
2004-01-26,10.209098,10.337345,10.104710,10.307520,5.534079,3974100
2004-01-27,10.349275,10.349275,10.045060,10.274713,5.516466,4546500
2004-01-28,10.274713,10.289625,9.976462,9.976462,5.356335,5989200
2004-01-29,9.976462,10.030148,9.708037,9.824355,5.274671,7711600
2004-01-30,9.764705,9.782600,9.621545,9.687160,5.201012,4887500
2004-02-02,9.687160,9.800495,9.582772,9.737863,5.228233,5961700
2004-02-03,9.678212,9.842250,9.588737,9.791548,5.257055,3368600
2004-02-04,9.740845,9.776635,9.508210,9.508210,5.104934,5416900
2004-02-05,9.544000,9.567860,9.439612,9.442595,5.069704,4130400
2004-02-06,9.514175,9.639440,9.439612,9.621545,5.165781,2891100
2004-02-09,9.621545,9.785583,9.588737,9.705055,5.210618,3813900
2004-02-10,9.648388,9.803477,9.633475,9.797512,5.260258,4129000
2004-02-11,9.872075,9.991375,9.749792,9.991375,5.364342,5369900
2004-02-12,9.991375,10.033130,9.872075,9.955585,5.345125,3703600
2004-02-13,9.949620,10.024182,9.830320,9.988393,5.500878,3646600
2004-02-17,9.988393,10.140500,9.988393,10.068920,5.545227,4049600
2004-02-18,10.170325,10.200150,10.089798,10.110675,5.568220,5358200
2004-02-19,10.113658,10.259800,10.113658,10.140500,5.584645,4153800
2004-02-20,10.229975,10.247870,10.036113,10.107693,5.566577,3931600
2004-02-23,10.155413,10.176290,10.086815,10.149447,5.589573,2508200
2004-02-24,10.140500,10.247870,10.110675,10.131553,5.579718,3056400
2004-02-25,10.134535,10.212080,10.089798,10.176290,5.604356,2550200
2004-02-26,10.167342,10.292607,10.158395,10.271730,5.656917,2602100
2004-02-27,10.274713,10.534190,10.253835,10.480505,5.771896,4446600
2004-03-01,10.483487,10.829457,10.477523,10.754895,5.923012,7288500
2004-03-02,10.707175,10.760860,10.441732,10.453663,5.757115,6694300
2004-03-03,10.388047,10.528225,10.355240,10.489452,5.776825,3574500
2004-03-04,10.468575,10.483487,10.373135,10.429803,5.743973,2723800
2004-03-05,10.432785,10.578927,10.408925,10.534190,5.801463,4057600
2004-03-08,10.596823,10.677350,10.558050,10.587875,5.831027,1792700
2004-03-09,10.528225,10.599805,10.510330,10.549103,5.809675,2928400
2004-03-10,10.608752,10.638577,10.394012,10.396995,5.725905,3868500
2004-03-11,10.391030,10.411907,10.161378,10.173307,5.602715,3613700
2004-03-12,10.274713,10.316467,10.137518,10.295590,5.670060,2740900
2004-03-15,10.331380,10.385065,10.262782,10.298573,5.671702,3579200
2004-03-16,10.349275,10.370152,10.244887,10.280678,5.661845,3274400
2004-03-17,10.301555,10.522260,10.274713,10.495418,5.780111,3083600
2004-03-18,10.444715,10.578927,10.414890,10.561032,5.816245,3640200
2004-03-19,10.558050,10.590858,10.125587,10.131553,5.579718,8737600
2004-03-22,9.940673,10.107693,9.898917,9.973480,5.492663,6768400
2004-03-23,9.961550,9.961550,9.731897,9.881022,5.441746,8510300
2004-03-24,9.872075,9.886988,9.591720,9.627510,5.302131,7338100
2004-03-25,9.585755,9.588737,9.153293,9.180135,5.055746,20929400
2004-03-26,9.111538,9.394875,9.036975,9.394875,5.174009,41755900
2004-03-29,9.394875,9.520140,9.320313,9.394875,5.174009,11509100
2004-03-30,9.544000,9.848215,9.442595,9.746810,5.367829,15206700
2004-03-31,9.842250,10.089798,9.842250,10.042077,5.530444,18307400
2004-04-01,10.080850,10.200150,9.746810,9.803477,5.399038,14506900
2004-04-02,9.842250,9.892953,9.663300,9.770670,5.380973,9774600
2004-04-05,9.827337,9.889970,9.758740,9.886988,5.445032,5395800
2004-04-06,9.827337,9.943655,9.752775,9.886988,5.445032,5853800
2004-04-07,9.901900,9.901900,9.693125,9.812425,5.403966,6508200
2004-04-08,9.857162,10.059973,9.845233,10.021200,5.518947,9036000
2004-04-12,10.065937,10.229975,10.045060,10.155413,5.592862,7892700
2004-04-13,10.289625,10.289625,10.000322,10.042077,5.530444,8487100
2004-04-14,10.056990,10.080850,9.857162,9.952602,5.481165,6609200
2004-04-15,10.006288,10.170325,9.949620,10.137518,5.583004,5934200
2004-04-16,10.229975,10.271730,10.125587,10.262782,5.651989,5014200
2004-04-19,10.259800,10.259800,10.104710,10.229975,5.633924,6420400
2004-04-20,10.229975,10.229975,9.922777,9.931725,5.469667,3879900
2004-04-21,9.901900,10.021200,9.767688,9.970497,5.491021,6283900
2004-04-22,9.973480,10.173307,9.895935,10.128570,5.578075,5609000
2004-04-23,10.080850,10.262782,9.991375,10.164360,5.597786,6593400
2004-04-26,10.170325,10.343310,10.170325,10.241905,5.640495,7510800
2004-04-27,10.289625,10.605770,10.241905,10.480505,5.771896,8148500
2004-04-28,10.435767,10.438750,10.152430,10.200150,5.617496,6819100
2004-04-29,10.229975,10.229975,9.809443,9.869093,5.435175,5706600
2004-04-30,9.961550,10.051025,9.949620,10.009270,5.512374,6930400
2004-05-03,10.056990,10.140500,9.946637,10.062955,5.541942,8536100
2004-05-04,10.137518,10.289625,10.080850,10.235940,5.637209,5672700
2004-05-05,10.200150,10.319450,10.110675,10.304538,5.674987,5665700
2004-05-06,10.304538,10.394012,10.185238,10.355240,5.702908,6112900
2004-05-07,10.301555,10.334362,10.018217,10.042077,5.530444,3670000
2004-05-10,9.982428,9.982428,9.654352,9.737863,5.362905,5294500
2004-05-11,9.740845,10.077868,9.737863,10.051025,5.535373,6321200
2004-05-12,10.051025,10.170325,9.925760,10.107693,5.566577,4747000
2004-05-13,10.107693,10.140500,9.812425,9.875057,5.438459,8671200
2004-05-14,9.931725,10.098745,9.860145,10.018217,5.517303,6889800
2004-05-17,9.958568,10.077868,9.860145,9.872075,5.575963,6487800
2004-05-18,9.916813,9.916813,9.716985,9.761723,5.513635,4475700
2004-05-19,9.779617,9.836285,9.544000,9.609615,5.427720,6856300
2004-05-20,9.645405,9.737863,9.612597,9.678212,5.466465,4174000
2004-05-21,9.788565,9.788565,9.597685,9.687160,5.471519,3643900
2004-05-24,9.699090,9.803477,9.612597,9.770670,5.518689,6507200
2004-05-25,9.785583,9.985410,9.767688,9.985410,5.639976,4839800
2004-05-26,10.039095,10.089798,9.958568,10.042077,5.671986,5829600
2004-05-27,10.042077,10.062955,9.773652,9.827337,5.550695,8678900
2004-05-28,9.901900,9.976462,9.833302,9.943655,5.616393,5843700
2004-06-01,10.039095,10.215062,10.039095,10.215062,5.769691,10293700
2004-06-02,10.253835,10.399978,10.200150,10.229975,5.778114,12430500
2004-06-03,10.271730,10.271730,10.009270,10.027165,5.663562,7992900
2004-06-04,10.054008,10.065937,9.872075,9.889970,5.586071,6314800
2004-06-07,9.961550,10.229975,9.916813,10.215062,5.769691,4959500
2004-06-08,10.280678,10.411907,10.161378,10.200150,5.761269,9528200
2004-06-09,10.200150,10.221027,10.098745,10.110675,5.710730,6550500
2004-06-10,10.229975,10.289625,10.170325,10.289625,5.811806,4358400
2004-06-14,10.215062,10.250853,10.146465,10.176290,5.747789,6598800
2004-06-15,10.286642,10.423838,10.265765,10.396995,5.872449,6305100
2004-06-16,10.435767,10.614717,10.435767,10.593840,5.983632,6476100
2004-06-17,10.647525,10.883142,10.617700,10.844370,6.125136,10606500
2004-06-18,10.868230,10.960688,10.850335,10.927880,6.172305,9238200
2004-06-21,11.065075,11.065075,10.889108,10.963670,6.192519,8772500
2004-06-22,10.963670,10.963670,10.781737,10.895073,6.153776,12043500
2004-06-23,10.978582,11.184375,10.898055,11.172445,6.310441,6014700
2004-06-24,11.187358,11.187358,11.008408,11.106830,6.273378,6932100
2004-06-25,11.154550,11.235078,11.103848,11.160515,6.303704,7289100
2004-06-28,11.187358,11.199287,10.984548,11.032268,6.231264,5333400
2004-06-29,10.945775,11.079988,10.936828,11.035250,6.232949,7755900
2004-06-30,11.109813,11.294727,11.047180,11.285780,6.374454,6307100
2004-07-01,11.235078,11.315605,11.115778,11.175427,6.312128,7403500
2004-07-02,11.214200,11.384203,11.136655,11.333500,6.401409,4824400
2004-07-06,11.354378,11.578065,11.261920,11.282798,6.372770,7043000
2004-07-07,10.945775,11.088935,10.787703,11.062093,6.248112,14826400
2004-07-08,11.333500,11.333500,10.960688,11.139638,6.291910,9321700
2004-07-09,11.154550,11.229113,11.077005,11.077005,6.256533,6438800
2004-07-12,11.094900,11.094900,10.892090,10.942793,6.180727,5452400
2004-07-13,10.945775,10.948757,10.838405,10.886125,6.148718,5209000
2004-07-14,10.751912,11.035250,10.751912,11.029285,6.229581,6507200
2004-07-15,11.020337,11.166480,10.993495,11.097882,6.268325,3954400
2004-07-16,11.214200,11.229113,11.166480,11.211218,6.332342,4143100
2004-07-19,11.214200,11.264902,11.097882,11.160515,6.303704,3908400
2004-07-20,11.193322,11.205253,11.079988,11.205253,6.328971,3496000
2004-07-21,11.208235,11.297710,11.008408,11.023320,6.226213,9329700
2004-07-22,11.094900,11.193322,11.005425,11.065075,6.249797,7355900
2004-07-23,11.106830,11.106830,10.904020,10.990513,6.207680,4098900
2004-07-26,11.094900,11.106830,10.844370,10.892090,6.152091,4326900
2004-07-27,10.438750,11.065075,10.438750,10.972617,6.197572,10536700
2004-07-28,10.975600,11.065075,10.886125,10.996477,6.211051,5471900
2004-07-29,11.079988,11.190340,11.002442,11.166480,6.307071,5368600
2004-07-30,11.199287,11.270867,11.151567,11.235078,6.345816,4979000
2004-08-02,11.241042,11.288762,11.047180,11.229113,6.342446,5643900
2004-08-03,11.252973,11.345430,11.211218,11.235078,6.345816,5539600
2004-08-04,11.238060,11.238060,10.868230,10.901037,6.157145,9899700
2004-08-05,10.960688,11.005425,10.671385,10.677350,6.030802,8657800
2004-08-06,10.677350,10.701210,10.489452,10.489452,5.924672,4753700
2004-08-09,10.564015,10.793668,10.531207,10.710157,6.049329,4470000
2004-08-10,10.793668,10.793668,10.572963,10.602788,5.988686,4497200
2004-08-11,10.546120,10.632612,10.355240,10.396995,5.872449,8484100
2004-08-12,10.402960,10.438750,10.304538,10.325415,5.832019,6107600
2004-08-13,10.361205,10.522260,10.328398,10.486470,5.922987,5314300
2004-08-16,10.498400,10.793668,10.408925,10.623665,6.147025,6697400
2004-08-17,10.558050,10.578927,10.265765,10.271730,5.943389,7049700
2004-08-18,10.319450,10.367170,10.152430,10.316467,5.969274,8311400
2004-08-19,10.349275,10.361205,10.244887,10.277695,5.946840,5414500
2004-08-20,10.319450,10.391030,10.224010,10.253835,5.933034,8817000
2004-08-23,10.295590,10.313485,10.125587,10.134535,5.864006,7609300
2004-08-24,10.137518,10.229975,10.006288,10.229975,5.919229,10678600
2004-08-25,10.304538,10.417872,10.265765,10.408925,6.022771,9155700
2004-08-26,10.411907,10.572963,10.331380,10.543138,6.100430,7928500
2004-08-27,10.572963,10.644543,10.543138,10.614717,6.141847,4020100
2004-08-30,10.662437,10.683315,10.507347,10.564015,6.112510,4735600
2004-08-31,10.587875,10.817528,10.566998,10.817528,6.259197,6155200
2004-09-01,10.817528,10.927880,10.766825,10.927880,6.323050,6352000
2004-09-02,11.094900,11.094900,11.005425,11.059110,6.398983,6478100
2004-09-03,11.050162,11.053145,10.880160,11.005425,6.367918,5605600
2004-09-07,11.005425,11.047180,10.886125,11.035250,6.385174,7407800
2004-09-08,11.035250,11.062093,10.987530,11.035250,6.385174,7595300
2004-09-09,11.035250,11.241042,11.026302,11.208235,6.485267,8098500
2004-09-10,11.244025,11.264902,11.127707,11.166480,6.461105,6158200
2004-09-13,11.202270,11.300693,11.202270,11.244025,6.505974,7490300
2004-09-14,11.327535,11.384203,11.241042,11.357360,6.571552,7526900
2004-09-15,11.363325,11.390167,11.273850,11.330518,6.556021,6701700
2004-09-16,11.378238,11.378238,11.276833,11.369290,6.578452,4067700
2004-09-17,11.411045,11.575083,11.393150,11.542275,6.678548,5703900
2004-09-20,11.542275,11.631750,11.530345,11.598943,6.711337,6000600
2004-09-21,11.631750,12.013510,11.607890,11.968773,6.925327,6221200
2004-09-22,11.968773,11.968773,11.798770,11.930000,6.902890,5996300
2004-09-23,11.858420,11.888245,11.709295,11.807717,6.832136,4767400
2004-09-24,11.959825,12.177547,11.900175,12.085090,6.992625,8926400
2004-09-27,12.108950,12.213338,11.974737,12.067195,6.982275,5662600
2004-09-28,12.216320,12.407200,12.144740,12.383340,7.165201,6655800
2004-09-29,12.386323,12.407200,12.076142,12.177547,7.046124,7662600
2004-09-30,12.177547,12.374393,12.171582,12.311760,7.123784,6797300
2004-10-01,12.317725,12.517552,12.296847,12.514570,7.241134,4804300
2004-10-04,12.514570,12.514570,12.389305,12.434043,7.194540,4809000
2004-10-05,12.437025,12.550360,12.287900,12.407200,7.179006,9476900
2004-10-06,12.481763,12.565272,12.419130,12.565272,7.270471,5798100
2004-10-07,12.586150,12.705450,12.225267,12.302813,7.118607,7111100
2004-10-08,12.347550,12.431060,12.168600,12.299830,7.116880,5282400
2004-10-11,12.368427,12.377375,12.156670,12.234215,7.078913,2726900
2004-10-12,12.228250,12.302813,12.088073,12.129827,7.018516,3913800
2004-10-13,12.055265,12.058248,11.503503,11.724208,6.783817,8790600
2004-10-14,11.873332,12.031405,11.849472,12.004562,6.946034,4951200
2004-10-15,12.108950,12.138775,11.932982,11.989650,6.937410,4923700
2004-10-18,12.025440,12.094037,11.834560,11.858420,6.861476,5806200
2004-10-19,11.861403,11.950877,11.721225,11.759997,6.804526,4855600
2004-10-20,11.825612,12.046317,11.774910,12.037370,6.965019,6038800
2004-10-21,12.070177,12.105968,11.912105,11.968773,6.925327,4749000
2004-10-22,12.043335,12.159653,11.956842,12.019475,6.954660,5064200
2004-10-25,12.019475,12.076142,11.870350,11.974737,6.928779,4170600
2004-10-26,11.944913,11.947895,11.661575,11.733155,6.788994,10914600
2004-10-27,11.667540,11.670523,11.112795,11.351395,6.568102,17033300
2004-10-28,11.348413,11.530345,11.196305,11.232095,6.499072,9200300
2004-10-29,11.273850,11.396132,11.130690,11.366307,6.576731,7905100
2004-11-01,11.440870,11.503503,11.187358,11.223147,6.493896,6381500
2004-11-02,11.184375,11.297710,11.032268,11.050162,6.393801,8277600
2004-11-03,11.199287,11.276833,11.044197,11.199287,6.480090,6909900
2004-11-04,11.229113,11.387185,11.229113,11.333500,6.557748,6445200
2004-11-05,11.399115,11.506485,11.345430,11.458765,6.630229,5835700
2004-11-08,11.458765,11.461747,11.160515,11.249990,6.509427,6395900
2004-11-09,11.252973,11.282798,11.109813,11.166480,6.461105,7317300
2004-11-10,11.169462,11.202270,10.972617,11.136655,6.443848,10578700
2004-11-11,11.136655,11.199287,11.103848,11.160515,6.457654,5380700
2004-11-12,11.184375,11.396132,11.124725,11.396132,6.593985,8420100
2004-11-15,11.309640,11.312622,10.948757,10.984548,6.515933,8290300
2004-11-16,11.050162,11.115778,10.996477,11.017355,6.535392,4219200
2004-11-17,11.017355,11.193322,10.978582,11.151567,6.615005,6448200
2004-11-18,11.244025,11.249990,11.136655,11.193322,6.639774,4880400
2004-11-19,11.288762,11.482625,11.264902,11.440870,6.786619,7016200
2004-11-22,11.539292,11.670523,11.497538,11.646663,6.908689,7489300
2004-11-23,11.706312,11.861403,11.667540,11.700348,6.940539,7660600
2004-11-24,11.774910,11.843508,11.655610,11.804735,7.002458,4319500
2004-11-26,11.870350,12.019475,11.819648,11.885262,7.050230,2223600
2004-11-29,11.930000,11.935965,11.691400,11.819648,7.011302,3362900
2004-11-30,11.768945,11.885262,11.739120,11.762980,6.977692,5303200
2004-12-01,11.762980,11.762980,11.333500,11.393150,6.758310,8428800
2004-12-02,11.258938,11.270867,10.966653,11.139638,6.607929,8993100
2004-12-03,11.142620,11.312622,11.106830,11.187358,6.636238,4649100
2004-12-06,11.258938,11.318587,11.094900,11.133673,6.604394,5079900
2004-12-07,11.163498,11.175427,10.924897,10.957705,6.500010,4846200
2004-12-08,10.918933,11.059110,10.745948,11.005425,6.528316,6715800
2004-12-09,11.154550,11.154550,10.844370,11.023320,6.538931,7040000
2004-12-10,11.223147,11.223147,10.883142,10.936828,6.487626,6723200
2004-12-13,10.975600,11.035250,10.930862,11.011390,6.531853,6234000
2004-12-14,11.077005,11.103848,10.954722,11.041215,6.549546,3641500
2004-12-15,11.184375,11.282798,11.023320,11.199287,6.643314,11253300
2004-12-16,11.199287,11.235078,11.044197,11.121742,6.597316,7535600
2004-12-17,11.035250,11.184375,11.035250,11.130690,6.602623,10919300
2004-12-20,11.127707,11.157533,10.990513,11.068057,6.565470,8531000
2004-12-21,11.079988,11.157533,11.050162,11.154550,6.616773,6946500
2004-12-22,11.208235,11.214200,10.972617,11.065075,6.563699,8243000
2004-12-23,11.068057,11.184375,11.068057,11.121742,6.597316,4945100
2004-12-27,11.124725,11.154550,10.972617,10.987530,6.517699,5501400
2004-12-28,11.035250,11.068057,10.972617,10.981565,6.514162,4395600
2004-12-29,11.053145,11.118760,10.921915,11.085953,6.576085,5447400
2004-12-30,11.088935,11.199287,11.038233,11.163498,6.622082,3612700
2004-12-31,11.214200,11.244025,11.163498,11.217182,6.653930,3401500
2005-01-03,11.205253,11.208235,10.847352,10.909985,6.471702,7519500
2005-01-04,10.874195,10.972617,10.772790,10.787703,6.399165,6798600
2005-01-05,10.787703,10.871213,10.641560,10.656472,6.321320,5670400
2005-01-06,10.620683,10.942793,10.593840,10.820510,6.418625,6386200
2005-01-07,10.939810,11.020337,10.796650,10.978582,6.512393,10180000
2005-01-10,11.085953,11.255955,11.035250,11.115778,6.593777,10945500
2005-01-11,11.142620,11.273850,11.088935,11.196305,6.641545,8047600
2005-01-12,11.241042,11.342447,11.175427,11.303675,6.705236,7241500
2005-01-13,11.375255,11.515432,11.312622,11.422975,6.776003,7118100
2005-01-14,11.437887,11.506485,11.372272,11.422975,6.776003,5608000
2005-01-18,11.536310,11.566135,11.434905,11.560170,6.857388,6141100
2005-01-19,11.560170,11.601925,11.449818,11.467712,6.802539,5638200
2005-01-20,11.351395,11.363325,11.169462,11.255955,6.676929,7424900
2005-01-21,11.324553,11.461747,11.321570,11.351395,6.733542,5676700
2005-01-24,11.482625,11.569118,11.467712,11.503503,6.823771,5293800
2005-01-25,11.661575,11.709295,11.563152,11.682452,6.929922,10014700
2005-01-26,11.795788,11.810700,11.622803,11.751050,6.970616,7462100
2005-01-27,11.297710,11.867368,11.297710,11.598943,6.880385,8702000
2005-01-28,11.598943,11.598943,11.357360,11.440870,6.786619,7739100
2005-01-31,11.393150,11.607890,11.357360,11.551223,6.852079,8347000
2005-02-01,11.601925,11.694383,11.598943,11.685435,6.931691,8798900
2005-02-02,11.706312,11.962808,11.661575,11.930000,7.076766,11425600
2005-02-03,11.930000,12.153687,11.822630,12.105968,7.181145,10561600
2005-02-04,12.135793,12.147722,11.959825,12.079125,7.165225,5568100
2005-02-07,12.108950,12.144740,11.971755,12.034388,7.138689,5220400
2005-02-08,12.037370,12.162635,11.977720,12.138775,7.200606,4770100
2005-02-09,12.159653,12.463867,12.079125,12.267022,7.276683,8200100
2005-02-10,12.362462,12.610010,12.290882,12.601063,7.474833,5922800
2005-02-11,12.669660,12.839663,12.559307,12.732292,7.552680,5508400
2005-02-14,12.699485,12.735275,12.556325,12.612992,7.650146,4986700
2005-02-15,12.741240,12.839663,12.675625,12.821768,7.776777,5961400
2005-02-16,12.845628,13.093175,12.762117,13.087210,7.937774,8451900
2005-02-17,13.123000,13.200545,12.950015,12.967910,7.865413,7188600
2005-02-18,13.108088,13.406338,13.048437,13.281073,8.055361,8221900
2005-02-22,13.421250,13.519672,13.131948,13.140895,7.970338,6224900
2005-02-23,13.143877,13.260195,13.111070,13.206510,8.010134,8097500
2005-02-24,13.346687,13.480900,13.221422,13.477918,8.174751,6530400
2005-02-25,13.630025,14.101260,13.597218,13.907397,8.435240,10125000
2005-02-28,14.017750,14.196700,13.570375,14.119155,8.563679,14694300
2005-03-01,14.017750,14.098277,13.758272,13.958100,8.465995,8599800
2005-03-02,13.898450,14.074417,13.817923,13.987925,8.484082,8345600
2005-03-03,14.286175,14.706708,14.247402,14.316000,8.683067,10304400
2005-03-04,14.256350,14.644075,13.981960,14.542670,8.820553,11320300
2005-03-07,14.545652,14.667935,14.381615,14.530740,8.813316,9812200
2005-03-08,14.530740,14.626180,14.438283,14.441265,8.759047,8392600
2005-03-09,14.521792,14.557583,13.916345,13.955117,8.464186,12217600
2005-03-10,13.925293,13.928275,13.448092,13.630025,8.267007,9865500
2005-03-11,13.594235,13.910380,13.528620,13.698623,8.308614,7727400
2005-03-14,13.838800,13.871608,13.454058,13.800028,8.370119,8023400
2005-03-15,13.892485,13.946170,13.615112,13.615112,8.257961,7206300
2005-03-16,13.543532,13.907397,13.465987,13.677745,8.295950,7240500
2005-03-17,13.853712,14.002837,13.728448,13.987925,8.484082,8044900
2005-03-18,14.017750,14.131085,13.820905,13.999855,8.491317,8865300
2005-03-21,13.925293,14.071435,13.859677,14.056522,8.525692,7149700
2005-03-22,14.068453,14.193718,13.627043,13.665815,8.288711,7209300
2005-03-23,13.644938,13.647920,13.298967,13.561427,8.225401,10422100
2005-03-24,13.635990,13.803010,13.451075,13.615112,8.257961,6810700
2005-03-28,13.618095,13.653885,13.457040,13.540550,8.212737,6357700
2005-03-29,13.588270,13.779150,13.394407,13.430198,8.145805,7180500
2005-03-30,13.427215,13.689675,13.182650,13.662832,8.286904,9821900
2005-03-31,13.868625,14.014768,13.758272,13.993890,8.487700,8266800
2005-04-01,14.196700,14.432318,14.137050,14.390562,8.728292,8755700
2005-04-04,14.629163,14.656005,14.241438,14.390562,8.728292,8276900
2005-04-05,14.390562,14.512845,14.154945,14.235473,8.634228,8230600
2005-04-06,14.271262,14.459160,14.137050,14.432318,8.753622,7320700
2005-04-07,14.569512,14.608285,14.247402,14.438283,8.757238,8000000
2005-04-08,14.512845,14.551618,14.217578,14.241438,8.637845,7291500
2005-04-11,14.241438,14.465125,14.169857,14.465125,8.773520,7015200
2005-04-12,14.465125,14.486003,13.922310,14.062488,8.529306,10754000
2005-04-13,13.958100,14.107225,13.561427,13.609147,8.254342,10524700
2005-04-14,13.758272,13.919328,13.656867,13.671780,8.292330,13448400
2005-04-15,13.719500,13.743360,13.078262,13.123000,7.959481,12508600
2005-04-18,13.063350,13.421250,12.970893,13.394407,8.124101,9339100
2005-04-19,13.504760,13.794063,13.480900,13.761255,8.346601,9073500
2005-04-20,13.898450,14.008802,13.677745,13.749325,8.339363,9425600
2005-04-21,13.749325,14.083365,13.677745,14.083365,8.541970,7401100
2005-04-22,14.181787,14.399510,14.050557,14.298105,8.672215,8417700
2005-04-25,14.876710,15.312155,14.390562,14.462143,8.771710,9275400
2005-04-26,14.673900,14.760392,14.244420,14.280210,8.661362,9709300
2005-04-27,14.390562,14.390562,13.868625,14.092313,8.547398,9457800
2005-04-28,13.794063,13.934240,13.630025,13.677745,8.295950,14553200
2005-04-29,13.734412,14.062488,13.689675,13.889503,8.424388,9467200
2005-05-02,13.889503,14.271262,13.841783,14.271262,8.655937,11957700
2005-05-03,14.202665,14.211613,13.859677,13.931257,8.449711,6843200
2005-05-04,14.017750,14.241438,13.913363,14.166875,8.592616,9131200
2005-05-05,14.301087,14.420387,14.157928,14.342842,8.699354,6784900
2005-05-06,14.459160,14.608285,14.384598,14.411440,8.740956,5538900
2005-05-09,14.465125,14.724603,14.456178,14.697760,8.914618,6334200
2005-05-10,14.733550,14.820043,14.468107,14.512845,8.802464,6984700
2005-05-11,14.494950,14.569512,14.369685,14.456178,8.768094,10681600
2005-05-12,14.623198,14.623198,13.600200,13.725465,8.324894,13842700
2005-05-13,13.808975,13.823888,13.412303,13.522655,8.201882,8146800
2005-05-16,13.412303,13.495812,13.066333,13.331775,8.257076,10730900
2005-05-17,13.242300,13.591252,13.242300,13.552480,8.393778,6708400
2005-05-18,13.633007,13.847748,13.498795,13.656867,8.458426,8670900
2005-05-19,13.597218,13.958100,13.582305,13.931257,8.628371,7320000
2005-05-20,13.808975,13.987925,13.740377,13.785115,8.537858,5588600
2005-05-23,13.570375,14.077400,13.570375,14.047575,8.700412,6466000
2005-05-24,14.131085,14.241438,14.035645,14.178805,8.781690,4475700
2005-05-25,14.205647,14.363720,14.056522,14.286175,8.848188,7057500
2005-05-26,14.313018,14.444247,14.265298,14.426353,8.935011,5254300
2005-05-27,14.465125,14.614250,14.375650,14.584425,9.032913,4115000
2005-05-31,14.509863,14.554600,14.226525,14.462143,8.957177,7350500
2005-06-01,14.509863,14.814077,14.509863,14.796183,9.164068,6498200
2005-06-02,14.742497,14.906535,14.614250,14.781270,9.154829,6939100
2005-06-03,14.793200,14.945308,14.766357,14.909517,9.234262,5134600
2005-06-06,14.987062,15.022853,14.787235,14.882675,9.217633,5389700
2005-06-07,14.882675,15.049695,14.823025,14.849868,9.197316,6003000
2005-06-08,14.820043,15.207767,14.802148,15.094433,9.348784,10044900
2005-06-09,15.124257,15.509000,15.097415,15.485140,9.590776,8273500
2005-06-10,15.509000,15.511983,15.312155,15.491105,9.594466,7546600
2005-06-13,15.422507,15.506018,15.315138,15.440402,9.563067,6019700
2005-06-14,15.464263,15.565667,15.285313,15.523912,9.614787,6073000
2005-06-15,15.583563,15.801285,15.509000,15.735670,9.745940,6740600
2005-06-16,15.801285,16.045851,15.646195,16.027954,9.926967,8702700
2005-06-17,16.284451,16.517084,16.203922,16.385855,10.148637,11940900
2005-06-20,16.493225,16.567787,16.197958,16.296379,10.093218,7949700
2005-06-21,16.296379,16.317257,15.747600,15.762512,9.762565,10015700
2005-06-22,16.209887,16.335152,15.822163,16.120413,9.984232,18302400
2005-06-23,16.254625,16.552876,16.075674,16.239712,10.058119,10105200
2005-06-24,16.418663,16.531998,16.239712,16.338135,10.119081,7484300
2005-06-27,16.415680,16.672174,16.415680,16.576735,10.266856,7413900
2005-06-28,16.576735,16.612526,16.019007,16.093571,9.967606,10504200
2005-06-29,16.036903,16.159185,15.756548,15.944445,9.875244,12787500
2005-06-30,15.935497,16.463400,15.917603,15.917603,9.858621,14029100
2005-07-01,16.105499,16.582701,16.042868,16.564804,10.259468,13315600
2005-07-05,16.639368,16.994286,16.582701,16.946566,10.495914,13387700
2005-07-06,17.015163,17.149376,16.415680,16.445505,10.185585,18247700
2005-07-07,16.284451,16.806387,16.221817,16.761650,10.381385,15030000
2005-07-08,16.940599,16.985338,16.529015,16.740772,10.368456,11265000
2005-07-11,16.403749,16.848143,16.397785,16.830248,10.423873,10982000
2005-07-12,16.940599,17.322359,16.863054,17.209024,10.658470,11115500
2005-07-13,17.358150,17.435696,17.134462,17.200077,10.652924,9578500
2005-07-14,17.528152,17.528152,16.388838,16.606560,10.285330,13451100
2005-07-15,16.687088,16.743755,16.376907,16.472347,10.202208,9992200
2005-07-18,16.314276,16.397785,16.186028,16.311293,10.102455,9298200
2005-07-19,16.317257,16.594629,16.218836,16.594629,10.277943,6916600
2005-07-20,16.567787,16.746738,16.376907,16.675158,10.327813,7107100
2005-07-21,16.731825,16.866037,16.451469,16.678141,10.329661,8588700
2005-07-22,16.755686,17.152357,16.749720,17.119551,10.603052,8293300
2005-07-25,17.179199,17.459555,17.095690,17.295517,10.712043,10734600
2005-07-26,17.298500,17.328325,17.074812,17.203060,10.654773,7192600
2005-07-27,17.220955,17.328325,16.779545,17.262711,10.691721,7334100
2005-07-28,17.537100,17.599733,17.271658,17.593767,10.896759,13110100
2005-07-29,17.596750,17.632540,17.349203,17.405870,10.780385,8157900
2005-08-01,17.596750,17.895000,17.569908,17.796577,11.022371,10263200
2005-08-02,17.954651,18.282724,17.912895,18.085880,11.201550,11157000
2005-08-03,18.318516,18.318516,17.883070,17.963598,11.125814,8613500
2005-08-04,17.909912,18.133600,17.895000,17.981493,11.136900,7358500
2005-08-05,17.918859,17.948685,17.590784,17.883070,11.075942,5589200
2005-08-08,18.035177,18.580975,18.035177,18.315533,11.343790,9788000
2005-08-09,18.491501,18.551149,18.267813,18.384130,11.386274,7706200
2005-08-10,18.491501,18.789749,18.366236,18.736065,11.604246,9838700
2005-08-11,18.789749,19.138702,18.768873,18.989578,11.761257,11118800
2005-08-12,19.037298,19.079052,18.789749,18.912033,11.713230,7709900
2005-08-15,18.807646,18.813610,18.446762,18.572027,11.706924,8031800
2005-08-16,18.491501,18.539221,18.124653,18.169390,11.453124,7762200
2005-08-17,18.053072,18.339392,17.462538,17.620609,11.107196,12021400
2005-08-18,17.313412,17.611662,17.209024,17.581837,11.082762,11179500
2005-08-19,17.683243,17.984474,17.665348,17.954651,11.317760,6825800
2005-08-22,18.059038,18.235004,17.757805,17.969563,11.327163,6640000
2005-08-23,18.044125,18.091845,17.578856,17.781666,11.208720,8285300
2005-08-24,17.856228,18.097811,17.695173,17.936754,11.306479,8214200
2005-08-25,17.865175,17.865175,17.751841,17.763769,11.197437,5913400
2005-08-26,17.859209,17.906931,17.656401,17.656401,11.129758,6224600
2005-08-29,18.115705,18.115705,17.590784,17.921843,11.297082,8192400
2005-08-30,17.990440,18.530273,17.963598,18.488518,11.654283,11226100
2005-08-31,18.518343,19.356424,18.506413,19.180458,12.090454,17819900
2005-09-01,19.386250,20.128893,19.180458,19.929066,12.562340,17066500
2005-09-02,19.759062,19.770992,19.302740,19.407127,12.233329,8564900
2005-09-06,19.266951,19.621868,19.219231,19.595024,12.351769,8035200
2005-09-07,19.520462,19.929066,19.398180,19.687483,12.410054,8157500
2005-09-08,19.893274,19.917135,19.517481,19.577129,12.340491,8269200
2005-09-09,19.729237,20.218367,19.708361,20.206438,12.737177,7650900
2005-09-12,20.251175,20.385387,19.756081,19.964855,12.584895,11942300
2005-09-13,20.057312,20.087137,19.744150,19.812748,12.489016,11964700
2005-09-14,19.970819,20.158718,19.726255,20.024506,12.622499,8509600
2005-09-15,20.185560,20.355562,19.803801,20.110998,12.677020,7702500
2005-09-16,20.221350,20.292931,20.006611,20.281000,12.784180,9696200
2005-09-19,20.570303,20.847675,20.564337,20.638901,13.009782,8990400
2005-09-20,20.549425,20.647848,20.194508,20.412230,12.866902,10118600
2005-09-21,20.832762,21.131012,20.591181,21.125048,13.316228,11812900
2005-09-22,21.548563,21.676809,20.424160,21.020660,13.250429,14831100
2005-09-23,20.877501,20.907326,20.307842,20.451002,12.891340,8516600
2005-09-26,20.355562,20.829781,20.281000,20.755217,13.083102,9630100
2005-09-27,20.710480,20.892412,20.504688,20.847675,13.141384,7768900
2005-09-28,21.011713,21.080311,20.582233,20.952063,13.207187,9692800
2005-09-29,21.026625,21.128031,20.638901,20.856623,13.147028,8827100
2005-09-30,20.853640,20.978905,20.522583,20.558372,12.959023,7096300
2005-10-03,20.713463,20.868553,20.439072,20.641882,13.011664,7296500
2005-10-04,20.286964,20.340651,19.284845,19.344496,12.193851,16611900
2005-10-05,19.392216,19.475725,18.169390,18.214127,11.481324,21273400
2005-10-06,18.118687,18.461676,17.492363,17.880087,11.270759,21656900
2005-10-07,18.446762,18.762907,18.276760,18.595888,11.721965,13247600
2005-10-10,18.595888,18.595888,18.157459,18.506413,11.665565,9627100
2005-10-11,18.819574,19.293793,18.715187,18.962734,11.953204,9822200
2005-10-12,18.968700,19.135719,18.360270,18.548168,11.691882,8301000
2005-10-13,18.491501,18.491501,17.480433,17.865175,11.261360,13616000
2005-10-14,17.566925,17.933773,17.313412,17.820438,11.233155,16085400
2005-10-17,18.014299,18.372200,17.772718,18.324480,11.550882,10872700
2005-10-18,18.163425,18.402025,17.554995,17.557978,11.067716,12351000
2005-10-19,18.076933,18.076933,17.027092,17.900965,11.283919,15141300
2005-10-20,17.701138,17.790613,16.526033,16.785509,10.580793,15102000
2005-10-21,17.307447,17.438677,16.657263,17.095690,10.776313,13705200
2005-10-24,17.042006,17.790613,17.003233,17.775700,11.204959,9406800
2005-10-25,17.844297,18.252899,17.557978,18.124653,11.424921,9647200
2005-10-26,18.237988,18.861330,18.020266,18.217110,11.483203,11361600
2005-10-27,18.073950,18.154478,17.074812,17.083759,10.768794,12849900
2005-10-28,17.313412,17.969563,17.033058,17.877106,11.268878,11767300
2005-10-31,17.895000,18.297638,17.674295,17.942720,11.310238,9567400
2005-11-01,17.656401,18.053072,17.644470,17.796577,11.218119,10335900
2005-11-02,17.847281,18.354305,17.760788,18.354305,11.569686,9693500
2005-11-03,18.440798,18.932911,18.396061,18.828522,11.868609,10722200
2005-11-04,18.730101,18.819574,17.999388,18.172373,11.455003,8326900
2005-11-07,18.163425,18.163425,17.504293,17.590784,11.088394,11504400
2005-11-08,17.543064,17.954651,17.516222,17.790613,11.214355,6723800
2005-11-09,17.745874,18.130617,17.325342,17.656401,11.129758,9504700
2005-11-10,17.417801,17.417801,16.731825,16.800423,10.590187,15989900
2005-11-11,16.833229,17.197096,16.830248,17.074812,10.763156,7899700
2005-11-14,17.253763,17.414818,17.155340,17.390957,11.178477,10223900
2005-11-15,17.217972,17.441660,16.988319,17.036039,10.950342,13191900
2005-11-16,17.068848,17.501310,16.967442,17.411835,11.191898,8873700
2005-11-17,17.626575,17.730963,17.238850,17.495344,11.245574,9483900
2005-11-18,17.739910,17.742893,17.283588,17.602715,11.314585,8799300
2005-11-21,17.698154,17.835350,17.429729,17.823420,11.456454,7232500
2005-11-22,17.984474,18.336411,17.930790,18.237988,11.722928,9833000
2005-11-23,18.029213,18.285707,17.883070,18.109739,11.640493,6600800
2005-11-25,18.193251,18.312550,18.088863,18.193251,11.694174,2149500
2005-11-28,17.865175,17.927807,17.238850,17.259727,11.094126,10993100
2005-11-29,17.492363,17.680260,17.382010,17.480433,11.235991,7913100
2005-11-30,17.626575,17.892017,17.510258,17.683243,11.366351,8760700
2005-12-01,17.790613,18.282724,17.784647,18.232023,11.719092,7272700
2005-12-02,18.169390,18.497465,17.862192,18.130617,11.653911,7005500
2005-12-05,18.223076,18.536238,18.187284,18.405008,11.830279,9632800
2005-12-06,18.282724,18.664486,18.202198,18.351322,11.795775,13172800
2005-12-07,18.476587,18.533255,18.118687,18.339392,11.788110,11210300
2005-12-08,18.485535,18.670450,18.273777,18.616764,11.966393,10486500
2005-12-09,18.569044,18.664486,18.312550,18.405008,11.830279,8787900
2005-12-12,18.491501,18.727118,18.312550,18.452728,11.860957,13077200
2005-12-13,18.491501,18.771854,18.422903,18.470623,11.872457,9884900
2005-12-14,18.446762,19.168528,18.446762,19.159580,12.315306,12671900
2005-12-15,19.144667,19.144667,18.592905,18.753960,12.054582,8443500
2005-12-16,18.762907,18.774837,18.342375,18.428867,11.845620,12118000
2005-12-19,18.479570,18.643608,18.246935,18.321497,11.776603,7453400
2005-12-20,18.387112,18.491501,18.282724,18.321497,11.776603,7865500
2005-12-21,18.396061,18.655537,18.333427,18.473604,11.874373,6009700
2005-12-22,18.536238,18.789749,18.473604,18.646589,11.985567,6669200
2005-12-23,18.479570,18.691328,18.187284,18.539221,11.916556,3731000
2005-12-27,18.443781,18.491501,17.760788,17.883070,11.494795,7516500
2005-12-28,18.008335,18.434832,17.954651,18.282724,11.751682,7103400
2005-12-29,18.291672,18.488518,18.062019,18.103775,11.636659,4643700
2005-12-30,18.342375,18.342375,18.026230,18.184303,11.688423,8030100
2006-01-03,18.536238,19.457830,18.494482,19.457830,12.507013,14885100
2006-01-04,19.150633,19.765028,19.114843,19.714325,12.671884,11916500
2006-01-05,19.595024,19.738186,19.204317,19.648710,12.629703,10512900
2006-01-06,19.863449,20.191525,19.815729,19.890293,12.784986,9124800
2006-01-09,19.923100,20.358545,19.785906,20.269070,13.028461,9635800
2006-01-10,20.251175,20.883465,20.251175,20.728374,13.323687,15286500
2006-01-11,20.459949,21.095222,20.301878,20.841709,13.396542,11997900
2006-01-12,21.116100,21.312944,20.585215,20.668724,13.285348,10323500
2006-01-13,20.564337,21.309963,20.561356,21.271191,13.672596,8106900
2006-01-17,21.509790,21.673828,21.175751,21.351717,13.724360,11289800
2006-01-18,21.384525,21.429262,20.958027,21.306980,13.695599,12654800
2006-01-19,21.468035,21.608213,21.220488,21.578388,13.870050,12919300
2006-01-20,21.787163,22.103308,21.450140,21.658915,13.921811,10697700
2006-01-23,21.620142,21.921375,21.474001,21.638037,13.908399,8775100
2006-01-24,21.474001,22.019798,21.444176,21.724529,13.963989,9895300
2006-01-25,21.876638,22.100325,21.116100,21.462070,13.795288,11321000
2006-01-26,21.906462,22.127167,21.238382,21.623125,13.898812,15142300
2006-01-27,21.790146,22.434364,21.772249,22.380680,14.385745,11207300
2006-01-30,22.741562,23.197886,22.628227,22.831038,14.675230,10001000
2006-01-31,22.708755,23.108410,22.580507,22.926477,14.736578,9499400
2006-02-01,22.935425,23.209814,22.526823,22.646122,14.556369,11546300
2006-02-02,22.502962,22.816126,21.524702,21.808041,14.017663,13923200
2006-02-03,21.390490,21.617161,21.047503,21.357683,13.728189,11736700
2006-02-06,21.557510,21.921375,21.536633,21.822952,14.027252,10318100
2006-02-07,21.539616,21.548563,20.722410,20.829781,13.388870,10771800
2006-02-08,21.160837,21.160837,20.236263,20.683638,13.294926,13428300
2006-02-09,20.832762,21.059433,20.191525,20.251175,13.016951,11400800
2006-02-10,20.400299,20.519600,19.356424,19.812748,12.735145,17510400
2006-02-13,19.773975,20.609076,19.773975,20.113979,12.928766,11868900
2006-02-14,19.538357,19.982750,19.535376,19.842573,12.967057,13560400
2006-02-15,20.108015,20.576267,19.881346,20.140823,13.161965,13217000
2006-02-16,20.251175,20.817850,20.248192,20.722410,13.542033,12260500
2006-02-17,21.160837,21.342770,21.065397,21.214523,13.863625,11936600
2006-02-21,21.423298,21.709618,21.175751,21.175751,13.838284,10816400
2006-02-22,21.050486,21.229435,20.862587,21.157854,13.826585,10389200
2006-02-23,21.157854,21.572422,20.984871,21.232418,13.875318,9111800
2006-02-24,21.518738,21.676809,21.509790,21.536633,14.074115,7189200
2006-02-27,21.444176,21.581369,21.250313,21.321892,13.933788,7818200
2006-02-28,21.280138,21.280138,20.871534,21.056450,13.760325,8710100
2006-03-01,21.175751,21.623125,21.089258,21.620142,14.128691,7452100
2006-03-02,21.623125,21.843830,21.512772,21.667862,14.159876,8890800
2006-03-03,21.459087,21.870672,21.450140,21.575405,14.099459,8299400
2006-03-06,21.471018,21.471018,20.752235,20.814867,13.602450,8467000
2006-03-07,20.829781,20.877501,20.304859,20.558372,13.434832,12258500
2006-03-08,20.424160,21.014694,20.233280,20.737322,13.551778,9734700
2006-03-09,20.886448,21.080311,20.468897,20.522583,13.411444,11672700
2006-03-10,20.325737,20.877501,20.152752,20.728374,13.545932,8351700
2006-03-13,20.868553,21.292067,20.868553,21.199610,13.853875,9726000
2006-03-14,21.199610,21.849794,21.059433,21.808041,14.251484,9231500
2006-03-15,21.652950,22.309099,21.599264,22.285240,14.563333,11199600
2006-03-16,22.264362,23.227711,22.264362,23.123323,15.111019,14575600
2006-03-17,23.263500,23.263500,22.699808,22.774370,14.882981,9800800
2006-03-20,22.741562,22.851915,22.249451,22.285240,14.563333,7219400
2006-03-21,22.213659,22.667000,22.031727,22.571560,14.750442,13447400
2006-03-22,22.571560,22.857880,22.389627,22.738581,14.859590,11415500
2006-03-23,23.036831,23.188938,22.920513,22.998058,15.029164,10553200
2006-03-24,23.001040,23.502100,22.974197,23.054726,15.066193,17609000
2006-03-27,23.129288,23.317184,22.875774,23.308237,15.231860,10198100
2006-03-28,23.502100,23.669121,23.150166,23.263500,15.202624,9004500
2006-03-29,23.251570,23.260517,22.771387,22.953320,14.999925,17055400
2006-03-30,22.834021,23.305256,22.804195,22.968233,15.009662,9108800
2006-03-31,22.786301,22.845949,22.350855,22.717703,14.845941,9261600
2006-04-03,22.866827,23.293325,22.726650,22.875774,14.949249,8392900
2006-04-04,22.801212,23.320168,22.729633,23.299290,15.226012,7735700
2006-04-05,23.335079,23.836140,23.251570,23.755613,15.524219,9694500
2006-04-06,23.889826,23.889826,23.320168,23.642277,15.450152,10439500
2006-04-07,23.561750,23.755613,23.123323,23.293325,15.222115,7737800
2006-04-10,23.576662,23.824209,23.519995,23.603504,15.424818,5677400
2006-04-11,23.830175,24.044914,23.502100,23.639296,15.448203,10240000
2006-04-12,23.606487,23.854034,23.293325,23.645260,15.452101,8051600
2006-04-13,23.442450,23.797367,23.335079,23.761578,15.528115,5216700
2006-04-17,24.047897,24.602642,23.907721,24.566853,16.054361,7626100
2006-04-18,24.814400,25.228968,24.644398,25.208090,16.473410,12071700
2006-04-19,25.052999,25.351250,24.814400,25.208090,16.473410,9691500
2006-04-20,25.142475,25.330372,24.537027,25.252827,16.502640,11038700
2006-04-21,25.467567,25.813538,25.136511,25.661430,16.769667,9706600
2006-04-24,25.560024,25.571955,24.888962,25.008263,16.342823,9218700
2006-04-25,25.255810,25.515287,24.378956,24.692118,16.136221,13934200
2006-04-26,24.644398,25.285635,24.220882,24.423693,15.960806,13470200
2006-04-27,23.860001,24.432640,23.290342,23.436485,15.315670,14751700
2006-04-28,23.606487,24.038950,23.487188,23.669121,15.467688,11861500
2006-05-01,23.919649,24.432640,23.895790,24.197023,15.812680,8105600
2006-05-02,24.367025,24.587730,24.012108,24.507202,16.015373,9759200
2006-05-03,24.390884,24.542992,23.842106,24.146320,15.779549,8245000
2006-05-04,24.038950,24.429657,23.546837,24.009125,15.689888,12772800
2006-05-05,24.143337,24.384920,23.979300,24.232813,15.836069,11268000
2006-05-08,23.830175,24.152285,23.666138,24.104565,15.752254,9075600
2006-05-09,24.009125,24.304392,23.824209,24.113512,15.758107,12400600
2006-05-10,24.059828,24.468430,23.916668,24.450535,15.978343,8889500
2006-05-11,24.784575,24.906858,23.940527,24.050880,15.717175,9750500
2006-05-12,23.961405,24.009125,23.326132,23.370871,15.272786,11436000
2006-05-15,22.368750,22.825073,22.034710,22.443312,14.922030,14042500
2006-05-16,22.517876,23.278412,22.473137,22.881741,15.213529,13187200
2006-05-17,22.851915,23.114374,21.936287,22.318047,14.838744,12624900
2006-05-18,22.368750,22.669983,22.177870,22.282257,14.814941,12227300
2006-05-19,22.300152,22.765423,21.894533,22.517876,14.971601,13505100
2006-05-22,21.906462,22.070499,21.065397,21.602247,14.362821,20713800
2006-05-23,22.177870,22.917530,22.052605,22.121202,14.707865,15859100
2006-05-24,21.793127,22.219625,21.324875,21.876638,14.545264,11608300
2006-05-25,22.464190,22.947355,22.261379,22.580507,15.013249,13832600
2006-05-26,22.580507,22.762440,22.395592,22.667000,15.070751,6547800
2006-05-30,22.845949,23.036831,22.142080,22.213659,14.769341,8641700
2006-05-31,22.145063,22.410505,21.843830,22.383663,14.882372,12680600
2006-06-01,22.294188,22.950338,22.165939,22.908583,15.231372,10848600
2006-06-02,23.111393,23.490170,22.801212,23.379818,15.544683,9094300
2006-06-05,23.710875,23.788420,22.837002,22.965250,15.269050,13777000
2006-06-06,22.667000,23.347010,22.667000,22.968233,15.271036,11550000
2006-06-07,22.869810,22.872793,22.079447,22.112255,14.701917,10557500
2006-06-08,21.816988,22.234537,21.178732,22.189800,14.753477,15040400
2006-06-09,22.222607,22.338924,21.572422,21.882603,14.549231,11866200
2006-06-12,22.070499,22.198748,21.503824,21.557510,14.333082,11777700
2006-06-13,21.226452,21.485929,20.692585,20.826797,13.847248,12611200
2006-06-14,20.871534,21.462070,20.871534,21.405403,14.231945,11314300
2006-06-15,21.578388,22.443312,21.509790,22.318047,14.838744,10307400
2006-06-16,22.243484,22.401558,21.748390,22.234537,14.783220,9572800
2006-06-19,22.189800,22.276293,21.262243,21.420315,14.241862,10182000
2006-06-20,21.548563,21.855761,21.339788,21.423298,14.243844,7951000
2006-06-21,21.456104,22.401558,21.456104,22.115238,14.703900,9020200
2006-06-22,22.145063,22.431383,21.912428,22.332960,14.848661,7495300
2006-06-23,22.499981,22.962267,22.434364,22.881741,15.213529,9111800
2006-06-26,22.881741,23.066654,22.625244,22.929461,15.245260,6426800
2006-06-27,23.108410,24.137373,23.072620,23.803333,15.826272,17585900
2006-06-28,23.898773,24.450535,23.877895,24.396851,16.220892,10541800
2006-06-29,24.534044,25.011246,24.483343,24.918787,16.567905,11917500
2006-06-30,24.742821,25.050018,24.584747,24.844225,16.518341,8703700
2006-07-03,25.023174,25.023174,24.781593,24.835278,16.512390,5736700
2006-07-05,24.721943,25.375111,24.489307,25.324408,16.837601,14402000
2006-07-06,25.279671,25.703184,25.172300,25.625641,17.037882,13367900
2006-07-07,25.879152,26.290737,25.503357,25.568972,17.000204,14746300
2006-07-10,25.372128,25.861258,25.240898,25.607744,17.025980,8513300
2006-07-11,25.822485,26.583023,25.709150,26.433897,17.575277,10485100
2006-07-12,26.413019,26.508459,25.735992,25.813538,17.162809,15043700
2006-07-13,25.947750,26.257931,25.577921,25.917925,17.232214,11776300
2006-07-14,26.183367,26.266878,25.628622,26.204245,17.422581,11252300
2006-07-17,26.037226,26.183367,25.029140,25.336338,16.845530,10778500
2006-07-18,25.625641,25.947750,25.223003,25.709150,17.093407,10892500
2006-07-19,25.727045,26.081963,25.554060,25.873188,17.202467,11937600
2006-07-20,26.031260,26.183367,25.443708,25.452656,16.922871,11284100
2006-07-21,25.628622,25.628622,24.972473,25.091772,16.682930,10479100
2006-07-24,25.082825,26.329510,25.011246,26.180386,17.406723,9100000
2006-07-25,26.499512,26.729164,26.019329,26.541267,17.646656,10494200
2006-07-26,26.633724,27.304787,26.383196,27.096012,18.015499,14494500
2006-07-27,27.328648,27.582161,26.574076,26.687410,17.743834,13647900
2006-07-28,26.577057,26.931974,26.183367,26.648638,17.718052,10077400
2006-07-31,26.702322,27.096012,26.347404,27.033381,17.973856,10354700
2006-08-01,27.438999,27.820761,26.696358,27.003555,17.954027,18556200
2006-08-02,26.878290,27.188471,26.183367,26.427933,17.571312,15384700
2006-08-03,26.067051,26.263895,25.774765,25.843363,17.182646,16183000
2006-08-04,25.894066,26.126699,25.548096,26.007401,17.291698,14903200
2006-08-07,26.344423,26.702322,26.025295,26.469688,17.599070,11582500
2006-08-08,26.469688,27.307770,26.413019,26.985661,17.942131,12993400
2006-08-09,27.245138,27.734268,27.036362,27.495668,18.281225,13591600
2006-08-10,27.239172,27.507597,26.776884,27.173557,18.067060,13873900
2006-08-11,27.173557,27.239172,26.472670,26.648638,17.718052,11275100
2006-08-14,26.395124,26.398108,25.560024,25.747923,17.380058,11191200
2006-08-15,26.075998,26.278807,25.574938,26.201263,17.686075,10428100
2006-08-16,26.240034,26.842501,26.102840,26.395124,17.816929,16554900
2006-08-17,26.243017,26.260912,25.560024,25.753887,17.384087,12681900
2006-08-18,25.264757,26.049154,25.264757,26.010382,17.557226,14537400
2006-08-21,26.308632,26.949869,26.251965,26.824606,18.106833,12867300
2006-08-22,26.872326,27.313734,26.806709,27.230225,18.380629,11273400
2006-08-23,27.140751,27.260050,26.723200,26.917063,18.169243,12756000
2006-08-24,26.914080,27.340578,26.693375,27.307770,18.432976,9120800
2006-08-25,27.424088,27.635845,27.125837,27.477772,18.547724,9424300
2006-08-28,26.970747,27.137768,26.675480,26.744078,18.052475,9617400
2006-08-29,26.454775,26.523373,26.046173,26.216175,17.696136,14452600
2006-08-30,26.070032,26.090910,25.055983,25.321424,17.092180,19668000
2006-08-31,25.321424,25.321424,24.799488,24.903875,16.810324,13939900
2006-09-01,25.154406,25.348267,24.918787,25.348267,17.110287,10724200
2006-09-05,25.052999,25.112650,24.513168,24.784575,16.729792,16165900
2006-09-06,24.545975,24.560888,23.531925,23.719822,16.011078,20983400
2006-09-07,23.672102,24.000177,23.382799,23.698944,15.996986,17764900
2006-09-08,23.591576,23.934563,22.989111,23.039812,15.552069,15220400
2006-09-11,22.875774,22.890688,22.001902,22.332960,15.074937,23837300
2006-09-12,22.249451,22.589455,21.897514,22.249451,15.018566,20686600
2006-09-13,22.428400,22.780334,22.297171,22.523840,15.203779,18097500
2006-09-14,22.517876,22.631210,21.927340,21.942253,14.811204,17149000
2006-09-15,21.909445,21.966112,21.605230,21.834883,14.738727,16179300
2006-09-18,21.894533,22.568577,21.894533,22.529804,15.207803,17157000
2006-09-19,22.610332,22.684895,21.632072,21.903481,14.785032,15452800
2006-09-20,21.709618,22.025763,21.068380,21.095222,14.239456,23148300
2006-09-21,21.175751,21.623125,21.175751,21.384525,14.434732,20232600
2006-09-22,21.548563,21.614178,21.056450,21.235399,14.334078,12596100
2006-09-25,20.969957,21.459087,20.528547,21.271191,14.358233,21078600
2006-09-26,21.220488,22.097343,21.175751,22.064535,14.893747,20386900
2006-09-27,22.365768,22.792265,21.989973,22.762440,15.364841,24687300
2006-09-28,22.837002,23.030865,22.491032,22.667000,15.300417,17545300
2006-09-29,22.601385,23.084551,22.535770,22.935425,15.481603,11833000
2006-10-02,22.926477,23.218763,22.523840,22.562613,15.229957,14063700
2006-10-03,22.282257,22.282257,21.411367,21.456104,14.483047,20565600
2006-10-04,21.667862,22.055588,21.071363,22.052605,14.885693,23546000
2006-10-05,22.371733,22.702789,22.258398,22.496998,15.185659,26179000
2006-10-06,22.517876,22.923494,22.192783,22.923494,15.473548,17312300
2006-10-09,23.233675,23.299290,22.717703,22.801212,15.391009,14562900
2006-10-10,22.696825,23.797367,22.672964,23.707893,16.003025,26628300
2006-10-11,23.409643,23.845087,23.344027,23.585609,15.920486,17922200
2006-10-12,23.773508,24.009125,23.466311,23.946493,16.164083,19330700
2006-10-13,24.083687,25.038088,24.059828,24.793522,16.735838,20803300
2006-10-16,24.721943,25.461603,24.721943,25.387039,17.136469,13218100
2006-10-17,25.336338,25.372128,24.996332,25.273705,17.059969,11101000
2006-10-18,25.366163,25.634588,24.778610,25.217037,17.021713,15700500
2006-10-19,25.333355,25.733009,25.017210,25.733009,17.369999,15470200
2006-10-20,25.888100,25.959681,25.577921,25.837397,17.440462,12676200
2006-10-23,25.500376,26.031260,25.500376,26.031260,17.571323,12047600
2006-10-24,25.858274,26.064068,25.750904,25.998453,17.549171,14758000
2006-10-25,25.798626,26.386177,25.771782,26.126699,17.635744,18773500
2006-10-26,26.395124,26.413019,25.858274,25.897047,17.480721,14954500
2006-10-27,25.917925,26.141613,25.679325,25.753887,17.384087,8824400
2006-10-30,25.625641,25.905994,25.384058,25.437742,17.170691,12203100
2006-10-31,25.214054,25.768801,24.629484,25.768801,17.394159,23184900
2006-11-01,25.941786,25.947750,25.211073,25.640553,17.307590,16165600
2006-11-02,25.500376,25.750904,25.217037,25.646517,17.311617,12687300
2006-11-03,25.768801,26.553198,25.765818,26.404072,17.822975,13411500
2006-11-06,26.243017,26.848465,26.034243,26.770920,18.070593,14127400
2006-11-07,26.687410,26.699341,26.096874,26.287754,17.744453,10392200
2006-11-08,26.132666,26.574076,26.090910,26.353371,17.788738,12435800
2006-11-09,26.460739,26.881273,26.371265,26.690393,18.016245,12987000
2006-11-10,26.648638,26.934958,26.213192,26.392143,17.814919,10251100
2006-11-13,26.132666,26.917063,26.019329,26.633724,17.977989,10638000
2006-11-14,26.559162,26.770920,26.389160,26.663549,18.272545,10068000
2006-11-15,26.812675,27.054258,26.586004,26.797762,18.364523,12770100
2006-11-16,26.946888,27.000572,25.813538,25.908978,17.755438,14770100
2006-11-17,25.798626,26.565128,25.604763,26.541267,18.188753,16686300
2006-11-20,26.460739,26.827587,26.416002,26.568110,18.207140,12291300
2006-11-21,26.767937,27.277945,26.735130,27.215313,18.650675,11206000
2006-11-22,27.137768,27.310753,26.720217,27.066187,18.548473,10380500
2006-11-24,27.021450,27.409176,26.997589,27.227243,18.658850,3953700
2006-11-27,27.543388,27.710407,27.254086,27.367420,18.754917,13251600
2006-11-28,27.436018,27.874445,27.271980,27.421104,18.791697,14804000
2006-11-29,27.588125,28.497787,27.564264,28.208485,19.331289,19933600
2006-11-30,28.035500,28.318838,27.859533,28.148834,19.290415,21154700
2006-12-01,28.089186,28.652878,27.671635,28.527613,19.549992,16566900
2006-12-04,28.438137,28.617088,28.232346,28.461998,19.505030,12110900
2006-12-05,28.506735,28.736387,28.074272,28.360592,19.435526,13857100
2006-12-06,28.303925,28.837793,28.244274,28.575333,19.582699,13571800
2006-12-07,28.306908,28.393400,27.907253,27.978832,19.173914,13445000
2006-12-08,28.187607,28.351645,27.898306,27.954973,19.157557,8506900
2006-12-11,27.886375,28.303925,27.776022,28.029535,19.208656,7744800
2006-12-12,27.937077,28.253223,27.713390,27.892340,19.114641,8970900
2006-12-13,27.826725,28.470945,27.826725,28.336733,19.419180,10866000
2006-12-14,28.479893,29.446222,28.181643,29.100252,19.942423,16000600
2006-12-15,29.100252,29.365696,28.482876,28.482876,19.519333,17321000
2006-12-18,28.464979,28.530596,27.576195,27.576195,18.897980,13034700
2006-12-19,27.558300,28.423225,27.179522,28.363575,19.437574,12562200
2006-12-20,28.396383,28.429190,27.811813,27.898306,19.118736,9313600
2006-12-21,28.011641,28.271118,27.161627,27.382332,18.765129,12470400
2006-12-22,27.343559,27.588125,27.027414,27.072153,18.552561,7169800
2006-12-26,27.489702,27.489702,26.931974,27.146715,18.603659,5001800
2006-12-27,27.325665,27.707424,27.143732,27.647776,18.947042,5400100
2006-12-28,27.576195,27.898306,27.367420,27.776022,19.034920,7221400
2006-12-29,27.677601,27.814795,27.474791,27.588125,18.906162,5130200
2007-01-03,27.289875,27.289875,25.905994,26.052137,17.853544,18630600
2007-01-04,25.947750,25.947750,25.067913,25.124580,17.217894,21492300
2007-01-05,25.127562,25.759853,25.052999,25.625641,17.561268,18986400
2007-01-08,25.947750,26.171438,25.375111,25.870205,17.728867,13706200
2007-01-09,25.336338,25.932838,25.073877,25.592833,17.538786,17734700
2007-01-10,25.327391,25.530199,24.903875,25.321424,17.352795,16102200
2007-01-11,25.187212,25.914942,24.754749,24.882998,17.052340,17888300
2007-01-12,25.172300,25.953714,24.963526,25.879152,17.734995,15087000
2007-01-16,25.589849,25.974592,25.264757,25.401953,17.407972,12140100
2007-01-17,25.494410,25.908978,25.401953,25.655464,17.581701,12172000
2007-01-18,25.932838,26.099857,24.987385,25.404936,17.410019,14233000
2007-01-19,25.560024,25.998453,25.393005,25.998453,17.816753,10621600
2007-01-22,26.108805,26.299685,25.810555,26.093893,17.882162,12092800
2007-01-23,26.210211,26.991625,26.210211,26.908115,18.440149,13118500
2007-01-24,26.788815,27.075134,26.275826,27.066187,18.548473,11521500
2007-01-25,27.021450,27.054258,26.275826,26.502495,18.162176,9152700
2007-01-26,26.606882,26.869343,26.371265,26.490564,18.154001,8167300
2007-01-29,26.335476,26.720217,25.920908,26.007401,17.822887,16974000
2007-01-30,26.186350,26.702322,26.186350,26.636707,18.254150,8778200
2007-01-31,26.454775,26.973730,26.246000,26.943905,18.464668,10983700
2007-02-01,26.738113,27.331631,26.505478,27.113907,18.581171,16939400
2007-02-02,27.173557,27.215313,26.499512,26.729164,18.317514,11192900
2007-02-05,26.806709,27.009520,26.729164,26.899168,18.434019,8595800
2007-02-06,27.036362,27.116890,26.469688,26.702322,18.299116,7804500
2007-02-07,26.681444,27.110926,26.448811,26.618813,18.241890,10015400
2007-02-08,26.806709,27.609003,26.717236,27.492685,18.840757,15358900
2007-02-09,27.424088,27.719355,27.093031,27.179522,18.626143,8821700
2007-02-12,27.066187,27.230225,26.708288,26.848465,18.399265,8378200
2007-02-13,27.146715,27.576195,27.036362,27.555317,18.883678,7915800
2007-02-14,27.555317,27.886375,27.441982,27.677601,18.967472,9277700
2007-02-15,27.456896,27.725321,27.045309,27.221277,18.654758,9515500
2007-02-16,27.021450,27.277945,26.994608,27.149698,18.883184,8781500
2007-02-20,26.961800,26.994608,26.645655,26.964783,18.754570,7887300
2007-02-21,26.884254,27.510580,26.863377,27.382332,19.044981,10785900
2007-02-22,27.498650,27.689529,27.197418,27.474791,19.109291,10100900
2007-02-23,27.564264,27.898306,27.519527,27.614967,19.206783,7523500
2007-02-26,27.671635,28.077255,27.617950,27.662687,19.239973,7704600
2007-02-27,27.358473,27.880409,26.478636,26.776884,18.623888,15846100
2007-02-28,26.806709,27.271980,26.797762,27.057240,18.818874,13796100
2007-03-01,26.782850,27.534439,26.424950,27.179522,18.903923,12335900
2007-03-02,27.036362,27.179522,26.544250,26.615829,18.511862,9951300
2007-03-05,26.204245,26.800745,26.111788,26.594952,18.497345,14508900
2007-03-06,26.842501,27.215313,26.788815,27.155663,18.887325,9591600
2007-03-07,27.182505,28.244274,27.072153,27.743216,19.295990,14178000
2007-03-08,27.934095,28.277082,27.752163,28.080238,19.530396,14039500
2007-03-09,28.184626,28.372522,27.996727,28.253223,19.650709,12490500
2007-03-12,27.949007,28.139887,27.740232,27.892340,19.399702,11477200
2007-03-13,27.859533,28.244274,27.331631,27.391279,19.051208,11566100
2007-03-14,27.713390,27.859533,27.030397,27.859533,19.376888,15979200
2007-03-15,28.154800,28.351645,27.886375,28.005674,19.478533,18150500
2007-03-16,28.124975,28.154800,27.635845,27.823742,19.351986,14466700
2007-03-19,28.035500,28.482876,27.960938,28.482876,19.810438,15846100
2007-03-20,28.447084,29.228500,28.330767,29.228500,20.329039,17970100
2007-03-21,29.598330,29.672892,29.052532,29.598330,20.586256,15994300
2007-03-22,29.616224,30.806242,29.601313,30.263428,21.048840,20597100
2007-03-23,30.335007,30.657118,30.060617,30.159040,20.976240,13964700
2007-03-26,30.284306,30.704838,29.977108,30.588520,21.274950,14360100
2007-03-27,30.588520,30.859928,30.376762,30.543783,21.243839,13458100
2007-03-28,30.707821,30.836067,30.346937,30.510975,21.221020,14207800
2007-03-29,30.743610,30.859928,30.314131,30.379745,21.129745,15005500
2007-03-30,30.457291,30.457291,29.452187,29.476048,20.501209,15558400
2007-04-02,29.523767,30.096407,29.517803,29.962194,20.839333,12805000
2007-04-03,29.455170,30.123249,29.228500,30.039740,20.893269,11097000
2007-04-04,29.983072,30.537817,29.738508,30.421499,21.158791,16559900
2007-04-05,30.660101,30.785364,30.421499,30.657118,21.322670,10503200
2007-04-09,30.677996,31.086597,30.287287,30.400623,21.144268,13837700
2007-04-10,30.570625,30.645187,29.884649,30.230619,21.026022,15422600
2007-04-11,30.156057,30.719749,30.033775,30.227638,21.023949,13608300
2007-04-12,30.424482,30.716768,30.141146,30.555712,21.252134,12304100
2007-04-13,30.710802,30.850981,30.218691,30.418518,21.156721,12449600
2007-04-16,30.424482,30.654135,30.078512,30.481150,21.200277,9377300
2007-04-17,30.567642,30.660101,29.553593,29.804123,20.729382,13726700
2007-04-18,29.723595,30.275358,29.652016,30.218691,21.017727,16687000
2007-04-19,30.087460,30.212725,29.771315,29.980089,20.851772,9656300
2007-04-20,29.953247,30.030792,29.496925,29.989037,20.858004,16501200
2007-04-23,29.830965,30.346937,29.810087,29.938335,20.822733,11366600
2007-04-24,29.765350,30.051670,29.616224,29.759384,20.698271,9261300
2007-04-25,30.108337,30.862909,29.801140,30.585537,21.272877,18205100
2007-04-26,30.865892,31.167126,30.522905,30.779400,21.407711,14006000
2007-04-27,30.663082,30.910629,30.451324,30.660101,21.324743,9263000
2007-04-30,30.689924,31.134317,30.287287,30.287287,21.065437,10550500
2007-05-01,30.317112,30.725716,30.048687,30.203777,21.007355,15069900
2007-05-02,30.248514,30.522905,29.968161,30.522905,21.229317,11500400
2007-05-03,30.302200,31.047825,30.102373,30.892735,21.486542,12341600
2007-05-04,31.077650,31.465376,30.779400,31.140282,21.658720,12000000
2007-05-07,30.985193,31.220810,30.830103,31.137300,21.656643,7332700
2007-05-08,31.137300,31.498182,30.904665,31.441515,21.868235,12088800
2007-05-09,31.417656,31.879942,31.137300,31.766607,22.094337,13510800
2007-05-10,31.766607,32.136436,31.110458,31.480288,21.895201,13415500
2007-05-11,31.760643,32.133453,31.554850,32.029068,22.276884,11211300
2007-05-14,32.181175,32.577847,32.061874,32.485390,22.938023,15143600
2007-05-15,33.195225,33.469616,32.548023,33.242947,23.472935,20322200
2007-05-16,33.120663,33.389088,32.756798,33.332420,23.536110,16243000
2007-05-17,33.257858,34.122784,33.216103,33.836464,23.892021,12218600
2007-05-18,33.705231,34.236118,33.624706,34.155590,24.117353,13139900
2007-05-21,34.507526,34.919109,34.268925,34.617878,24.443779,17344500
2007-05-22,34.916126,35.232273,34.692440,34.692440,24.496429,14770400
2007-05-23,34.832619,35.557365,34.746124,35.145779,24.816530,15310600
2007-05-24,35.193501,35.754211,34.764019,34.895248,24.639631,18850900
2007-05-25,35.447014,35.673683,35.256134,35.670700,25.187176,10886800
2007-05-29,35.590172,35.858597,35.178589,35.458942,25.037657,13453800
2007-05-30,35.441048,36.523697,35.306835,36.416325,25.713669,14169600
2007-05-31,36.565449,37.209671,36.472992,36.926334,26.073778,17725000
2007-06-01,36.953175,37.868801,36.944229,37.806171,26.695045,14366400
2007-06-04,37.812134,38.408634,37.534763,38.286354,27.034100,11268700
2007-06-05,38.086525,38.161087,37.582481,37.955296,26.800343,14686300
2007-06-06,37.880733,37.931435,37.027737,37.278267,26.322287,13855800
2007-06-07,37.147038,37.985119,36.804050,36.830891,26.006397,15800800
2007-06-08,36.824928,37.433357,36.595276,37.415462,26.419159,11266000
2007-06-11,37.340900,37.546692,36.983002,37.257389,26.307549,10327500
2007-06-12,37.221600,37.421429,36.651943,36.675804,25.896889,11461100
2007-06-13,37.042648,37.630203,36.833874,37.606342,26.553944,9697900
2007-06-14,37.859856,38.492146,37.773361,38.474251,27.166784,10432500
2007-06-15,38.623375,39.565845,38.596531,39.521107,27.905960,17827900
2007-06-18,39.607601,39.989361,39.154259,39.181103,27.665890,11525200
2007-06-19,38.533901,38.945484,38.325127,38.587585,27.246815,11043700
2007-06-20,38.891800,39.219875,36.851768,36.851768,26.021137,13804000
2007-06-21,37.269321,37.812134,36.983002,37.728626,26.640299,9912400
2007-06-22,37.519852,37.758450,36.756329,37.054581,26.164339,9146300
2007-06-25,36.804050,37.531780,36.493870,37.042648,26.155914,10253400
2007-06-26,37.877750,37.877750,35.986843,36.094215,25.486227,8650100
2007-06-27,34.746124,35.790001,34.620861,35.724384,25.225086,13446700
2007-06-28,36.201584,36.529659,35.622978,35.634911,25.161921,7163900
2007-06-29,36.177727,36.535625,35.569294,35.766140,25.254581,8852300
2007-07-02,36.028599,36.523697,35.831757,36.505798,25.776852,7465200
2007-07-03,37.102299,37.633186,36.923351,37.561604,26.522352,7136200
2007-07-05,37.740555,38.038803,36.941246,37.430374,26.429688,8624300
2007-07-06,37.847923,38.003014,37.501953,37.931435,26.783495,5596100
2007-07-09,38.181965,38.235649,37.579498,38.116348,26.914051,8123700
2007-07-10,37.985119,38.480213,37.430374,38.211788,26.981447,12845000
2007-07-11,37.907574,38.086525,37.221600,37.501953,26.480238,8470000
2007-07-12,37.579498,38.193893,37.501953,38.038803,26.859310,10139100
2007-07-13,38.235649,38.891800,37.961262,38.796360,27.394218,7280400
2007-07-16,38.772499,38.897766,37.317039,37.698799,26.619225,7935600
2007-07-17,37.985119,38.348984,36.965103,37.060547,26.168552,12223800
2007-07-18,36.839840,38.044769,36.595276,37.865822,26.737167,11553200
2007-07-19,37.967224,38.492146,37.490025,37.639149,26.577112,9468700
2007-07-20,37.442307,37.645115,36.314919,36.541592,25.802114,11221200
2007-07-23,37.048615,37.048615,35.461926,36.523697,25.789484,10451800
2007-07-24,35.855614,36.201584,34.447876,34.632790,24.454304,14707700
2007-07-25,35.193501,35.563332,34.149624,35.444031,25.027128,9814500
2007-07-26,35.026482,35.211395,32.956627,33.970676,23.986794,12562600
2007-07-27,34.131729,34.233135,31.960470,32.896976,23.228647,13927900
2007-07-30,33.123646,34.125767,32.908905,34.000500,24.007854,9370400
2007-07-31,34.597000,34.775951,32.568901,32.926800,23.249708,19468900
2007-08-01,32.360126,33.040134,29.974125,32.342232,22.836945,16366100
2007-08-02,32.389950,33.254875,30.421499,30.862909,21.792387,23845900
2007-08-03,31.137300,31.578711,29.628155,29.711664,20.979490,16352000
2007-08-06,29.997986,30.260445,28.017605,29.371660,20.739414,19384400
2007-08-07,29.097269,31.423620,28.632000,31.256599,22.070368,21343600
2007-08-08,31.542919,31.727835,30.510975,31.053789,21.927168,18889300
2007-08-09,30.421499,31.375900,29.371660,29.371660,20.739414,20049400
2007-08-10,29.174814,31.375900,28.632000,30.934490,21.842932,19373100
2007-08-13,31.882925,32.747849,31.375900,32.067841,22.643194,13793400
2007-08-14,32.389950,32.658375,31.047825,31.155195,22.164658,12648400
2007-08-15,31.310286,31.912750,29.663944,29.825001,21.218313,13224400
2007-08-16,28.870600,30.242550,28.482876,29.974125,21.324413,15653400
2007-08-17,30.755541,32.026085,30.326059,31.876961,22.678139,14886600
2007-08-20,31.363970,31.578711,30.302200,30.958349,22.024611,13099400
2007-08-21,30.749575,31.018000,30.200794,30.534836,21.723310,12136100
2007-08-22,30.856945,31.167126,30.326059,30.982210,22.041588,13924000
2007-08-23,31.495199,31.584675,30.230619,30.510975,21.706337,12282900
2007-08-24,30.600451,32.127491,30.540800,32.049946,22.801207,14027900
2007-08-27,31.912750,31.912750,31.465376,31.525024,22.427767,9043200
2007-08-28,31.405725,31.453445,30.117285,30.194830,21.481430,9233500
2007-08-29,30.588520,32.169247,30.534836,32.032051,22.788473,11175100
2007-08-30,31.793449,32.151348,31.340111,31.757660,22.593256,9633600
2007-08-31,32.330299,32.568901,31.942575,32.145386,22.869106,6993600
2007-09-04,32.246792,33.415932,32.175209,33.219086,23.632963,10209800
2007-09-05,33.123646,33.749969,33.123646,33.439789,23.789976,12184900
2007-09-06,34.149624,34.292786,33.415932,33.749969,24.010637,14259000
2007-09-07,33.183296,33.386105,32.270649,32.515217,23.132214,12108400
2007-09-10,32.342232,33.016273,31.018000,31.739765,22.580530,13420200
2007-09-11,31.942575,32.020119,31.071686,31.542919,22.440489,13507600
2007-09-12,31.542919,32.723991,31.542919,32.193104,22.903049,15015500
2007-09-13,32.318371,32.956627,32.270649,32.729954,23.284981,12737600
2007-09-14,32.449600,33.547161,32.366089,33.344349,23.722075,10210500
2007-09-17,33.195225,34.036289,33.111713,33.660496,23.946993,11556200
2007-09-18,33.690319,34.543316,33.654530,34.429981,24.494423,11842400
2007-09-19,34.865425,35.521576,34.686474,34.823669,24.774509,15736200
2007-09-20,34.823669,35.187534,34.674545,34.799809,24.757532,8552200
2007-09-21,35.187534,35.205429,34.549278,34.746124,24.719337,10742600
2007-09-24,34.698406,34.835602,34.251030,34.459805,24.515648,6223800
2007-09-25,33.726109,34.215240,33.505405,33.970676,24.167669,9292800
2007-09-26,34.501560,34.775951,33.588917,34.322609,24.418030,8132400
2007-09-27,34.549278,34.799809,34.119801,34.179451,24.316191,7894200
2007-09-28,34.549278,34.883320,33.690319,34.012428,24.197369,9625600
2007-10-01,34.012428,34.447876,33.672424,34.322609,24.418030,7897000
2007-10-02,33.976639,34.394192,33.028206,34.245064,24.362879,9991400
2007-10-03,34.060150,34.573139,33.409966,33.899094,24.116734,8731000
2007-10-04,33.660496,34.859459,33.511372,34.418049,24.485931,8246200
2007-10-05,34.435944,35.139816,34.435944,34.871391,24.808451,7254400
2007-10-08,34.781914,35.485786,34.340504,34.942970,24.859379,7164100
2007-10-09,34.954899,35.372452,33.970676,34.823669,24.774509,11504100
2007-10-10,34.262959,35.449993,33.946815,35.223324,25.058842,11332100
2007-10-11,35.360519,35.790001,34.078045,34.465771,24.519884,8955400
2007-10-12,34.304714,35.473854,34.089973,34.799809,24.757532,9098000
2007-10-15,35.372452,35.634911,34.775951,35.408241,25.190390,10816000
2007-10-16,35.491749,35.867546,35.086128,35.449993,25.220091,11919100
2007-10-17,35.879475,35.909302,34.251030,34.543316,24.575054,9871400
2007-10-18,34.364365,35.527538,34.131729,35.455959,25.224339,21439200
2007-10-19,35.253151,35.444031,34.477699,34.662617,24.659925,19608200
2007-10-22,34.101906,35.563332,34.000500,34.656651,24.655689,14359700
2007-10-23,34.597000,35.050339,33.875237,34.435944,24.498671,7959500
2007-10-24,34.000500,35.187534,33.911026,35.056305,24.940006,9257300
2007-10-25,35.330696,35.742279,34.704369,35.575260,25.309204,9976500
2007-10-26,36.267200,37.030720,36.004742,36.231411,25.776016,9536600
2007-10-29,36.804050,36.833874,35.676666,36.088249,25.674166,7649100
2007-10-30,35.617016,35.694561,34.084011,34.221207,24.345900,9014500
2007-10-31,34.692440,35.658772,34.447876,35.271046,25.092773,12655600
2007-11-01,34.597000,35.903336,34.328575,34.400154,24.473207,10648700
2007-11-02,34.901215,35.843685,34.483665,35.599121,25.326189,11126900
2007-11-05,35.193501,35.778069,34.686474,35.044376,24.931519,8534600
2007-11-06,36.744400,36.744400,35.288940,36.583344,26.026384,10188600
2007-11-07,36.887562,37.430374,35.790001,35.855614,25.508656,13319500
2007-11-08,36.368607,36.965103,35.509644,36.392464,25.890587,12972600
2007-11-09,36.380535,36.380535,35.527538,35.605083,25.330427,8040000
2007-11-12,35.449993,35.449993,34.221207,34.239101,24.358631,9265500
2007-11-13,34.286819,34.805775,33.254875,34.328575,24.422289,14472400
2007-11-14,34.650684,35.163673,33.159435,33.368210,23.739048,11676900
2007-11-15,33.374176,33.475578,32.145386,32.449600,23.085527,9779000
2007-11-16,33.081890,34.585072,33.034168,34.304714,24.405310,13826300
2007-11-19,34.155590,34.328575,33.475578,33.600845,24.072973,9717100
2007-11-20,33.755936,34.781914,33.702251,34.292786,24.568708,11051800
2007-11-21,34.155590,34.513489,33.409966,33.565056,24.047338,7781500
2007-11-23,33.857342,33.857342,33.183296,33.624706,24.090069,4424900
2007-11-26,33.559090,33.761902,32.026085,32.085735,22.987490,10760400
2007-11-27,32.085735,32.199070,31.012035,31.817310,22.795176,11537800
2007-11-28,32.121525,32.843288,31.948540,32.706097,23.431938,12115800
2007-11-29,32.664341,33.398033,32.157314,32.992416,23.637072,8955900
2007-11-30,33.451721,33.463650,32.753815,33.344349,23.889204,9517000
2007-12-03,33.123646,34.078045,33.123646,33.869270,24.265282,8700000
2007-12-04,33.600845,33.863304,33.332420,33.338387,23.884935,6940900
2007-12-05,33.636635,34.084011,33.481544,33.785759,24.205454,9155400
2007-12-06,33.761902,35.092094,33.672424,34.889286,24.996056,8092800
2007-12-07,35.026482,35.730350,34.942970,35.330696,25.312309,9161400
2007-12-10,35.360519,35.634911,35.068233,35.205429,25.222559,5721000
2007-12-11,35.330696,35.730350,34.734196,34.895248,25.000334,10403600
2007-12-12,35.640877,36.147900,35.044376,35.444031,25.393497,10466200
2007-12-13,35.187534,35.670700,34.925076,35.587189,25.496069,6365900
2007-12-14,35.438065,35.658772,34.608929,34.787880,24.923410,8295300
2007-12-17,34.567177,34.787880,33.702251,34.036289,24.384943,7786400
2007-12-18,34.256996,35.163673,33.988571,34.919109,25.017426,7191200
2007-12-19,34.996655,35.491749,34.716301,34.931042,25.025982,7160100
2007-12-20,35.259113,35.730350,35.193501,35.694561,25.573002,8572100
2007-12-21,35.879475,36.672821,35.790001,36.631065,26.243933,10906100
2007-12-24,36.535625,36.917385,36.392464,36.911419,26.444799,1915300
2007-12-26,36.744400,37.507919,36.720539,37.334934,26.748219,5137100
2007-12-27,37.150021,37.621254,36.875629,36.947208,26.470440,6366100
2007-12-28,37.066509,37.495991,37.000896,37.209671,26.658476,4392600
2007-12-31,37.161949,37.257389,36.153866,36.302990,26.008896,5529900
2008-01-02,36.386501,36.953175,36.386501,36.625099,26.239670,9545100
2008-01-03,36.815979,37.710732,36.386501,36.911419,26.444799,8039700
2008-01-04,36.595276,36.595276,35.461926,35.533504,25.457609,10010500
2008-01-07,35.479820,35.945091,34.805775,35.163673,25.192646,12575600
2008-01-08,35.742279,36.141933,34.817703,34.937004,25.030249,14288100
2008-01-09,34.298752,34.680511,33.517334,34.137695,24.457600,14044400
2008-01-10,33.708214,34.000500,32.491356,33.386105,23.919125,12597300
2008-01-11,33.010311,33.296631,32.425739,32.509251,23.290911,9816200
2008-01-14,32.831360,32.980484,32.067841,32.735920,23.453304,9650600
2008-01-15,32.395916,32.395916,31.083614,31.119406,22.295166,10225600
2008-01-16,31.041861,31.572744,29.848860,30.093426,21.560118,13416400
2008-01-17,30.188866,30.761505,28.303925,28.470945,20.397709,15795400
2008-01-18,28.679720,29.329905,27.415140,28.327785,20.295145,17744600
2008-01-22,26.347404,28.130939,25.792660,27.850586,19.953260,23830000
2008-01-23,27.033381,28.172695,25.840380,28.172695,20.184034,17537800
2008-01-24,28.190590,30.105354,28.190590,29.819035,21.363535,17924500
2008-01-25,30.027809,30.165005,29.133060,29.240431,20.948997,15673500
2008-01-28,29.341835,29.896580,28.578316,29.872721,21.401999,10472000
2008-01-29,30.433430,31.477304,30.433430,31.095545,22.278076,14407500
2008-01-30,31.274494,31.316250,30.057634,30.367815,21.756702,11665200
2008-01-31,29.646049,29.646049,27.820761,28.077255,20.115658,22055900
2008-02-01,28.822880,29.317974,28.172695,29.282185,20.978920,20279200
2008-02-04,29.371660,29.699736,28.834810,29.186745,20.910536,11480800
2008-02-05,28.679720,28.679720,27.856550,28.023569,20.077188,13520500
2008-02-06,28.459015,28.459015,27.230225,27.367420,19.607103,12174800
2008-02-07,27.266014,27.874445,26.967766,27.606020,19.778042,14721200
2008-02-08,28.190590,29.669910,27.916201,29.455170,21.102850,19207000
2008-02-11,29.532715,29.616224,28.721476,29.347799,21.025919,16633000
2008-02-12,29.467100,30.254480,29.109200,29.437275,21.090029,12357900
2008-02-13,29.598330,30.284306,29.598330,30.188866,21.628494,10151000
2008-02-14,30.415535,30.934490,30.200794,30.254480,21.675505,11013500
2008-02-15,30.206760,30.397640,29.634121,30.332026,21.904823,11363100
2008-02-19,31.167126,31.698009,30.791330,31.334145,22.628525,14113800
2008-02-20,31.328180,31.596605,30.737644,31.471340,22.727602,11151800
2008-02-21,31.375900,31.584675,30.123249,30.302200,21.883282,9884800
2008-02-22,30.481150,30.773436,29.825001,30.749575,22.206373,8277600
2008-02-25,30.749575,31.477304,30.463255,31.274494,22.585442,7434800
2008-02-26,31.185020,32.199070,30.880804,31.870995,23.016222,9181300
2008-02-27,31.894855,32.723991,31.662220,32.425739,23.416843,12922200
2008-02-28,32.509251,32.718025,32.097664,32.300476,23.326374,18546300
2008-02-29,32.008190,32.038013,31.596605,31.709940,22.899914,11703400
2008-03-03,31.620464,32.312405,31.584675,32.097664,23.179914,10466800
2008-03-04,31.859064,32.055908,30.988174,31.530991,22.770681,19109300
2008-03-05,31.876961,32.073807,31.536955,31.996260,23.106680,11010200
2008-03-06,31.775555,32.210999,30.827120,30.988174,22.378674,13669400
2008-03-07,30.546764,31.000105,30.165005,30.695890,22.167595,13637000
2008-03-10,30.516939,31.429585,30.373779,30.964315,22.361448,11328000
2008-03-11,31.727835,32.491356,31.530991,32.419773,23.412525,16421400
2008-03-12,32.509251,32.533112,30.761505,30.928526,22.335604,13293700
2008-03-13,30.558695,31.411690,29.657980,31.244671,22.563911,13891100
2008-03-14,31.417656,31.417656,29.598330,30.224655,21.827288,12732200
2008-03-17,28.035500,28.560419,27.629881,27.856550,20.117117,18760400
2008-03-18,28.333750,28.960075,27.767075,28.960075,20.914045,14311100
2008-03-19,28.966040,29.258326,26.920046,26.979694,19.483877,16407800
2008-03-20,26.979694,27.802864,26.275826,27.749180,20.039576,16243000
2008-03-24,27.922165,28.870600,27.755144,28.178659,20.349735,9298700
2008-03-25,28.148834,28.602175,27.892340,28.095150,20.289423,10067200
2008-03-26,28.136906,28.930250,28.136906,28.441120,20.539272,12887000
2008-03-27,28.482876,28.745335,27.946026,28.035500,20.246355,11653100
2008-03-28,28.035500,28.202520,27.611984,27.713390,20.013731,11589600
2008-03-31,27.689529,27.784969,26.967766,27.200399,19.643267,15216400
2008-04-01,27.331631,27.743216,26.597935,27.683565,19.992186,18148300
2008-04-02,27.659704,28.590244,27.373384,28.315855,20.448811,10639800
2008-04-03,28.327785,29.127094,28.256205,28.512699,20.590963,12371300
2008-04-04,28.673756,29.359730,28.578316,29.109200,21.021749,10300700
2008-04-07,29.383591,29.652016,28.870600,28.977970,20.926964,11688000
2008-04-08,28.715509,29.210606,28.393400,28.810949,20.806355,10052400
2008-04-09,28.512699,29.133060,27.999710,28.148834,20.328197,11502200
2008-04-10,28.172695,28.202520,27.116890,27.283911,19.703575,14336600
2008-04-11,27.134785,27.331631,26.770920,26.794781,19.350340,8970100
2008-04-14,26.836535,27.808830,26.788815,27.623915,19.949112,11221600
2008-04-15,27.737249,27.916201,27.266014,27.361456,19.759573,9836800
2008-04-16,27.385315,28.530596,27.385315,28.435156,20.534967,15824900
2008-04-17,28.357611,29.103235,28.238310,29.019726,20.957121,12945300
2008-04-18,29.222534,29.484995,28.673756,29.103235,21.017431,11335600
2008-04-21,29.109200,29.568504,28.966040,29.353765,21.198360,8793100
2008-04-22,29.317974,29.484995,28.721476,28.870600,20.849434,11200100
2008-04-23,28.864635,28.966040,28.524630,28.655861,20.694349,10646400
2008-04-24,28.506735,28.632000,27.617950,27.719355,20.018042,10306700
2008-04-25,27.814795,28.381470,27.516544,27.677601,19.987881,11132400
2008-04-28,27.975849,27.975849,27.498650,27.683565,19.992186,7998900
2008-04-29,27.725321,27.796900,27.349525,27.367420,19.763885,12182300
2008-04-30,27.611984,27.611984,27.003555,27.182505,19.630339,16538600
2008-05-01,27.600056,28.685684,27.134785,28.578316,20.638355,22446900
2008-05-02,28.667789,30.719749,28.667789,30.302200,21.883282,20205800
2008-05-05,30.308165,31.012035,30.302200,30.815189,22.253750,9766600
2008-05-06,30.988174,31.709940,30.409571,31.501165,22.749144,14629100
2008-05-07,31.578711,31.578711,30.910629,31.053789,22.426058,14369100
2008-05-08,31.214846,31.644325,30.988174,31.560816,22.792221,10656900
2008-05-09,31.465376,31.602570,31.018000,31.352039,22.641445,10048700
2008-05-12,31.375900,31.900820,31.256599,31.817310,22.977453,8131400
2008-05-13,31.799416,32.032051,31.495199,31.912750,23.046373,9897700
2008-05-14,32.032051,32.032051,31.155195,31.167126,22.507902,12478900
2008-05-15,31.507130,31.769590,31.131334,31.733801,22.917149,11011000
2008-05-16,32.228893,33.254875,32.210999,32.837326,23.714073,13936700
2008-05-19,32.837326,33.016273,31.662220,31.876961,23.190022,19053800
2008-05-20,31.924681,32.455566,31.018000,31.709940,23.068514,17481600
2008-05-21,31.847136,32.592758,31.644325,32.276615,23.480764,26994400
2008-05-22,32.258720,32.336266,31.459410,31.530991,22.938334,10841000
2008-05-23,31.614500,31.853100,30.755541,30.892735,22.474012,8631800
2008-05-27,30.868876,30.982210,30.141146,30.391676,22.109497,10853100
2008-05-28,30.415535,30.779400,30.045706,30.522905,22.204966,12994100
2008-05-29,30.349920,30.624310,30.129215,30.224655,21.987995,14779700
2008-05-30,30.582556,30.845015,30.272375,30.654135,22.300438,24827300
2008-06-02,30.505011,31.065720,30.302200,30.785364,22.395897,23346500
2008-06-03,30.719749,31.316250,30.540800,30.886770,22.469669,20150300
2008-06-04,31.000105,31.018000,29.765350,29.783245,21.666870,18621100
2008-06-05,30.123249,30.493080,29.622190,30.421499,22.131195,20604300
2008-06-06,30.755541,30.922560,29.538679,29.538679,21.488960,14924300
2008-06-09,29.830965,30.475185,29.687805,30.194830,21.966291,11874900
2008-06-10,30.057634,30.570625,29.789209,30.320095,22.057423,15603600
2008-06-11,30.337990,30.546764,29.663944,30.403605,22.118174,19696500
2008-06-12,30.660101,30.874840,30.391676,30.534836,22.213644,17723300
2008-06-13,30.493080,30.725716,30.349920,30.654135,22.300438,12675400
2008-06-16,30.725716,30.898701,30.558695,30.713785,22.343824,14047700
2008-06-17,30.940454,31.727835,30.755541,31.656256,23.029461,21151000
2008-06-18,31.393795,31.912750,31.101509,31.823275,23.150961,15332400
2008-06-19,31.930645,32.073807,30.910629,31.101509,22.625891,14331900
2008-06-20,31.316250,31.375900,30.212725,30.266411,22.018373,12469500
2008-06-23,30.272375,31.334145,30.206760,31.328180,22.790791,13371500
2008-06-24,31.202915,31.924681,30.821156,31.578711,22.973047,14089300
2008-06-25,31.751696,31.787485,30.988174,31.322214,22.786451,15975500
2008-06-26,31.167126,31.823275,30.212725,30.355885,22.083462,14512300
2008-06-27,30.427465,31.071686,30.361851,30.552731,22.226664,15337300
2008-06-30,30.606415,31.274494,30.606415,30.940454,22.508726,11132700
2008-07-01,30.767469,31.507130,30.540800,31.483271,22.903612,14750300
2008-07-02,31.459410,32.199070,30.570625,30.755541,22.374201,17364900
2008-07-03,30.952385,31.316250,30.057634,30.564659,22.235336,8591600
2008-07-07,30.540800,31.107475,29.383591,29.735525,21.632158,12321000
2008-07-08,29.944300,29.944300,28.632000,29.162886,21.215569,19430100
2008-07-09,29.872721,29.908510,28.536560,28.536560,20.759926,16671900
2008-07-10,28.363575,28.506735,27.438999,28.023569,20.386732,20947600
2008-07-11,28.190590,28.190590,27.039345,27.784969,20.213156,19025300
2008-07-14,27.987780,27.987780,27.134785,27.236191,19.813932,10271900
2008-07-15,27.075134,27.081100,26.090910,26.090910,18.980753,14574100
2008-07-16,25.965645,26.842501,25.542130,25.965645,18.889627,13855400
2008-07-17,25.852310,26.514425,25.512304,25.965645,18.889627,17414400
2008-07-18,26.389160,27.069170,25.733009,25.876169,18.824532,17700900
2008-07-21,26.222139,26.442844,25.530199,26.347404,19.167353,14470400
2008-07-22,26.246000,26.335476,25.738976,26.114771,18.998116,11503200
2008-07-23,26.096874,26.162491,25.285635,25.464584,18.525110,15813000
2008-07-24,25.494410,25.792660,24.540010,24.689135,17.960976,18414000
2008-07-25,24.933701,25.488445,24.677204,25.387039,18.468695,13360200
2008-07-28,25.643536,25.917925,25.267740,25.267740,18.381910,11231300
2008-07-29,25.327391,25.667395,24.528080,25.214054,18.342855,11063200
2008-07-30,25.214054,26.949869,25.214054,26.920046,19.583941,16732700
2008-07-31,29.043585,29.556576,27.820761,29.508856,21.467260,39850600
2008-08-01,28.739370,29.634121,28.327785,28.518665,20.746914,18564400
2008-08-04,28.321819,28.596210,26.860395,26.967766,19.618649,12992400
2008-08-05,26.621796,27.164610,26.144594,26.472670,19.258486,18620400
2008-08-06,26.615829,27.683565,26.430916,27.462860,19.978828,15423400
2008-08-07,27.713390,27.904270,26.842501,26.848465,19.531870,12493700
2008-08-08,26.770920,27.576195,26.329510,27.433035,19.957132,10141400
2008-08-11,27.462860,28.047430,27.361456,27.874445,20.278252,13333900
2008-08-12,28.047430,28.184626,27.027414,27.176540,19.770531,13052600
2008-08-13,27.182505,28.381470,27.164610,28.208485,20.521259,11640000
2008-08-14,28.047430,28.154800,27.188471,27.391279,19.926754,8273500
2008-08-15,27.188471,27.343559,26.293720,26.753025,19.462433,10048900
2008-08-18,27.295839,27.295839,26.240034,26.395124,19.375887,9674000
2008-08-19,26.401091,26.830570,26.198280,26.603901,19.529142,10471900
2008-08-20,26.836535,27.289875,26.478636,27.176540,19.949503,13384700
2008-08-21,27.617950,27.617950,27.134785,27.444965,20.146544,9665200
2008-08-22,27.254086,27.361456,26.538284,26.824606,19.691156,6464000
2008-08-25,26.788815,27.104959,26.228106,26.448811,19.415298,7600300
2008-08-26,26.520390,27.128820,26.257931,26.544250,19.485350,8288300
2008-08-27,27.069170,27.498650,26.681444,27.283911,20.028320,9601000
2008-08-28,27.701460,27.701460,26.609865,27.128820,19.914469,5900200
2008-08-29,27.325665,27.403210,26.836535,26.884254,19.734947,6139900
2008-09-02,26.096874,26.532320,25.649500,25.673361,18.846062,8886100
2008-09-03,25.649500,26.383196,25.530199,26.311615,19.314581,11136700
2008-09-04,25.947750,26.764956,25.446690,26.102840,19.161325,13849200
2008-09-05,25.983540,26.174419,25.124580,26.019329,19.100027,9404600
2008-09-08,26.609865,26.890221,25.637569,26.186350,19.222631,10469700
2008-09-09,25.643536,26.186350,23.681049,23.722805,17.414219,19490300
2008-09-10,23.955441,25.315460,23.955441,25.064930,18.399433,14466700
2008-09-11,24.975454,26.102840,24.462465,26.067051,19.135059,14663200
2008-09-12,26.120735,27.617950,25.709150,27.462860,20.159681,16253100
2008-09-15,24.790541,26.556179,24.307375,24.349131,17.873976,13897500
2008-09-16,23.597540,25.488445,23.156130,25.142475,18.456348,18579700
2008-09-17,24.718960,25.548096,23.633329,23.871929,17.523684,19949300
2008-09-18,24.313339,24.689135,22.374716,23.782455,17.458002,22181700
2008-09-19,25.237915,26.043190,23.782455,25.852310,18.977419,16009800
2008-09-22,26.084946,26.096874,24.390884,24.641415,18.088537,11777200
2008-09-23,24.492290,24.814400,23.030865,23.227711,17.050783,16754700
2008-09-24,23.555784,24.158251,23.263500,23.997194,17.615639,15705400
2008-09-25,24.223866,24.927734,23.812281,24.790541,18.198009,11673000
2008-09-26,24.253691,24.438604,23.382799,24.355095,17.878359,15241700
2008-09-29,23.746664,24.074739,21.814005,22.356819,16.411488,19146300
2008-09-30,23.066654,23.967369,22.678930,23.782455,17.458002,17143800
2008-10-01,22.923494,23.543856,22.070499,23.150166,16.993856,12681600
2008-10-02,22.798229,22.977180,21.199610,21.438210,15.737160,13461800
2008-10-03,21.503824,23.024900,20.966974,21.223471,15.579525,11316300
2008-10-06,20.525564,20.746269,17.895000,19.958891,14.651237,21750000
2008-10-07,20.734341,20.931185,18.127634,18.229040,13.381402,17226600
2008-10-08,17.543064,19.099930,16.863054,17.477449,12.829680,27030000
2008-10-09,17.990440,18.628695,16.033920,16.033920,11.770030,20315300
2008-10-10,15.139170,16.749720,13.898450,15.246540,11.192039,26053600
2008-10-13,16.284451,18.807646,15.550755,18.807646,13.806137,24553700
2008-10-14,19.773975,20.728374,16.839195,17.805525,13.070510,20938900
2008-10-15,16.576735,17.137445,13.987925,14.321965,10.513333,20897700
2008-10-16,14.572495,15.789355,13.439145,15.753565,11.564229,23133200
2008-10-17,14.978115,16.803406,14.852850,15.479175,11.362806,21390700
2008-10-20,15.986200,16.361996,15.467245,16.332170,11.988966,29755500
2008-10-21,15.890760,16.529015,15.461280,15.723740,11.542332,14759400
2008-10-22,14.697760,15.037765,12.824750,13.415285,9.847768,23097000
2008-10-23,13.570375,15.264435,13.403355,15.031800,11.034403,23959700
2008-10-24,13.170720,14.554600,13.123000,14.053540,10.316290,14775100
2008-10-27,13.671780,14.524775,13.212475,13.230370,9.712027,11634000
2008-10-28,14.238455,14.930395,13.152825,14.882675,10.924934,16491500
2008-10-29,14.948290,16.189011,14.912500,15.294260,11.227069,16602500
2008-10-30,16.129360,16.582701,14.912500,16.540945,12.142219,17310900
2008-10-31,16.218836,17.835350,15.831110,17.358150,12.742108,16282300
2008-11-03,18.288691,18.288691,16.570770,16.648315,12.221042,16935600
2008-11-04,17.149376,18.443781,17.149376,18.425884,13.525902,14683300
2008-11-05,17.793594,18.962734,17.716049,17.871140,13.118681,13566100
2008-11-06,17.871140,17.984474,16.296379,16.713930,12.269206,12999300
2008-11-07,16.892879,17.769735,16.218836,17.059900,12.523174,14114800
2008-11-10,17.817455,17.984474,16.523050,17.006214,12.483760,9906400
2008-11-11,16.612526,16.612526,15.819180,15.950410,11.708729,11315800
2008-11-12,15.747600,15.986200,14.393545,14.399510,10.570257,12480100
2008-11-13,14.506880,16.707966,13.749325,16.642349,12.216661,17105400
2008-11-14,15.914620,17.000250,15.359875,15.920585,11.686834,14171100
2008-11-17,15.461280,15.777425,14.763375,14.811095,11.038797,14390700
2008-11-18,14.984080,15.240575,14.375650,15.091450,11.247746,17287100
2008-11-19,14.954255,15.389700,14.316000,14.381615,10.718703,13341100
2008-11-20,13.749325,14.137050,11.536310,11.679470,8.704779,24794400
2008-11-21,12.270005,13.570375,11.995615,13.433180,10.011829,20006500
2008-11-24,14.089330,14.912500,13.307915,14.620215,10.896537,14443500
2008-11-25,14.948290,15.168995,14.429335,15.037765,11.207740,12609200
2008-11-26,14.900570,15.860935,14.673900,15.765495,11.750116,14687100
2008-11-28,15.538825,15.687950,15.204785,15.616370,11.638973,6302400
2008-12-01,14.984080,15.073555,13.844765,13.844765,10.318584,14467700
2008-12-02,14.351790,14.614250,13.516690,14.327930,10.678698,15753500
2008-12-03,14.017750,14.029680,13.224405,13.922310,10.376388,19277600
2008-12-04,13.367565,14.089330,12.556325,12.866505,9.589483,16109600
2008-12-05,12.610010,13.427215,11.959825,13.307915,9.918468,17054900
2008-12-08,14.280210,14.494950,13.737395,14.208630,10.589778,12874900
2008-12-09,13.874590,14.996010,13.868625,14.393545,10.727596,11708100
2008-12-10,14.906535,15.276365,14.638110,15.174960,11.309987,16084600
2008-12-11,15.473210,15.491105,14.751445,14.912500,11.114379,21674900
2008-12-12,14.316000,15.192855,13.719500,14.864780,11.078812,14532200
2008-12-15,15.365840,15.365840,14.506880,14.739515,10.985453,14670400
2008-12-16,14.918465,15.807250,14.661970,15.777425,11.759010,19104700
2008-12-17,15.598475,16.493225,15.359875,16.045851,11.959066,14633600
2008-12-18,16.045851,16.069710,15.013905,15.258470,11.372230,13235000
2008-12-19,15.276365,15.717775,15.210750,15.479175,11.536723,14032800
2008-12-22,15.473210,15.723740,14.548635,14.846885,11.065473,8629100
2008-12-23,14.954255,15.216715,14.656005,14.775305,11.012123,8665800
2008-12-24,14.638110,14.978115,14.250385,14.590390,10.874305,4751700
2008-12-26,14.691795,14.775305,14.459160,14.775305,11.012123,3874000
2008-12-29,14.984080,15.497070,14.984080,15.461280,11.523387,10117800
2008-12-30,15.413560,15.938480,15.192855,15.896725,11.847921,8051400
2008-12-31,15.866900,16.457436,15.574615,16.320240,12.163573,10242200
2009-01-02,16.403749,17.423765,16.296379,17.286570,12.883782,9888600
2009-01-05,17.006214,17.924826,17.000250,17.501310,13.043833,15578000
2009-01-06,17.990440,18.390095,17.590784,17.817455,13.279454,14108400
2009-01-07,17.566925,17.566925,16.529015,17.125515,12.763751,12749200
2009-01-08,16.791475,17.769735,16.791475,17.722015,13.208324,12569400
2009-01-09,17.310431,17.698154,17.024111,17.214991,12.830438,14450900
2009-01-12,16.821301,17.077795,16.350065,16.558840,12.341406,13850700
2009-01-13,16.505156,17.358150,16.505156,17.083759,12.732626,12895200
2009-01-14,16.803406,16.839195,16.135324,16.367960,12.199142,12999300
2009-01-15,16.326204,16.648315,15.544790,16.499189,12.296945,13501400
2009-01-16,16.857090,17.197096,16.391821,16.976391,12.652608,12649200
2009-01-20,16.630421,17.143410,15.664090,15.801285,11.776794,15390200
2009-01-21,16.457436,17.095690,16.129360,17.036039,12.697063,15639700
2009-01-22,16.707966,17.238850,16.194975,16.827265,12.541464,13811300
2009-01-23,16.272520,17.620609,16.135324,17.316395,12.906013,10045400
2009-01-26,17.417801,18.306585,17.352184,17.662365,13.163869,13502700
2009-01-27,17.584820,17.704121,16.779545,17.065865,12.719291,13884100
2009-01-28,17.346220,17.626575,16.934635,17.590784,13.110518,14385000
2009-01-29,17.238850,17.435696,16.851126,16.892879,12.590364,11162100
2009-01-30,17.280605,17.280605,16.135324,16.242695,12.105778,15568800
2009-02-02,16.039885,16.421644,15.831110,16.033920,11.950174,12702200
2009-02-03,16.326204,16.576735,15.771460,16.010059,11.932393,18269700
2009-02-04,16.218836,16.469364,15.962340,16.010059,11.932393,18498900
2009-02-05,15.926550,16.344101,15.771460,15.938480,11.879046,18680300
2009-02-06,15.854970,16.499189,15.664090,16.194975,12.070214,11493300
2009-02-09,16.296379,17.238850,16.194975,16.678141,12.430319,11769800
2009-02-10,16.779545,17.018145,15.526895,15.711810,11.710105,17991700
2009-02-11,15.992165,16.105499,15.514965,15.783390,11.763455,11182900
2009-02-12,15.747600,16.105499,15.479175,15.986200,11.914610,16281400
2009-02-13,15.884795,16.499189,15.819180,16.105499,12.186481,13099000
2009-02-17,15.479175,15.741635,14.763375,14.775305,11.179966,14567900
2009-02-18,15.061625,15.180925,14.411440,14.596355,11.044565,12672400
2009-02-19,14.781270,15.270400,14.661970,14.769340,11.175451,13644500
2009-02-20,14.363720,14.596355,14.023715,14.166875,10.719585,17750000
2009-02-23,14.560565,14.590390,13.403355,13.445110,10.173452,13154700
2009-02-24,13.606165,14.494950,13.564410,14.417405,10.909156,15716800
2009-02-25,14.375650,14.667935,13.886520,14.208630,10.751184,15962700
2009-02-26,14.477055,15.031800,14.369685,14.405475,10.900126,15906600
2009-02-27,13.981960,14.423370,13.731430,13.880555,10.502941,17050600
2009-03-02,13.463005,13.558445,12.419130,12.478780,9.442261,18416000
2009-03-03,12.771065,13.123000,12.466850,12.520535,9.473858,20551300
2009-03-04,13.134930,13.397390,12.842645,13.099140,9.911674,17983900
2009-03-05,12.681590,12.896330,12.425095,12.675625,9.591213,18110100
2009-03-06,12.848610,13.272125,12.037370,12.478780,9.442261,21041000
2009-03-09,12.448955,13.093175,12.264040,12.657730,9.577670,16025400
2009-03-10,13.206510,13.868625,13.027560,13.510725,10.223102,17786400
2009-03-11,13.683710,13.779150,13.152825,13.474935,10.196023,13316300
2009-03-12,13.463005,14.119155,13.331775,14.059505,10.638349,11990100
2009-03-13,14.190735,14.435300,13.653885,14.095295,10.665428,14547600
2009-03-16,14.232490,15.103380,14.095295,14.578460,11.031019,13802300
2009-03-17,14.459160,14.912500,14.262315,14.882675,11.261212,13027900
2009-03-18,14.763375,15.007940,14.059505,14.864780,11.247671,14897400
2009-03-19,15.324085,15.538825,15.151100,15.210750,11.509453,14824800
2009-03-20,15.514965,15.514965,14.429335,14.483020,10.958806,17526400
2009-03-23,14.978115,15.956375,14.936360,15.926550,12.051075,17625400
2009-03-24,15.604440,15.992165,15.341980,15.992165,12.100726,12851900
2009-03-25,15.890760,16.254625,15.568650,16.039885,12.136830,17913800
2009-03-26,16.290415,16.642349,16.254625,16.469364,12.461802,14923800
2009-03-27,16.147255,16.540945,15.962340,16.290415,12.326399,12734700
2009-03-30,15.574615,15.735670,14.834955,15.186890,11.491402,15031800
2009-03-31,15.550755,16.004095,15.419525,15.681985,11.866025,20534100
2009-04-01,15.312155,16.272520,15.031800,16.153219,12.222589,15937300
2009-04-02,16.845160,17.441660,16.791475,17.155340,12.980858,18641900
2009-04-03,17.149376,17.584820,16.916740,17.340256,13.120776,14665000
2009-04-06,17.113585,17.149376,16.713930,16.976391,12.845456,19966600
2009-04-07,16.588665,16.815334,16.451469,16.546909,12.520480,13703400
2009-04-08,16.409716,16.940599,16.194975,16.928671,12.809348,19440900
2009-04-09,17.477449,17.668329,17.226919,17.459555,13.211046,12865000
2009-04-13,17.113585,17.387976,16.833229,17.209024,13.021480,10914800
2009-04-14,17.071831,17.501310,16.886915,16.940599,12.818374,14698400
2009-04-15,16.857090,17.161304,16.648315,16.970425,12.840938,13070000
2009-04-16,17.149376,17.710085,16.833229,17.596750,13.314859,15997100
2009-04-17,17.799561,18.073950,17.501310,17.906931,13.549563,16016900
2009-04-20,17.590784,17.656401,16.791475,17.030075,12.886073,16037700
2009-04-21,16.880951,17.519205,16.672174,17.477449,13.224588,14972300
2009-04-22,17.310431,17.584820,17.149376,17.226919,13.035022,15765800
2009-04-23,17.453590,17.656401,17.197096,17.626575,13.337425,10768600
2009-04-24,17.895000,18.646589,17.787630,18.539221,14.027989,18879200
2009-04-27,18.145531,18.145531,17.590784,17.674295,13.373534,14281100
2009-04-28,17.489380,17.745874,17.214991,17.483416,13.229101,11725300
2009-04-29,17.656401,18.407990,17.578856,18.199215,13.770722,14641900
2009-04-30,18.467640,18.491501,17.316395,17.716049,13.405130,19077100
2009-05-01,17.716049,18.509396,17.620609,18.396061,13.919672,14188600
2009-05-04,18.282724,18.712206,17.900965,18.688345,14.140833,14778500
2009-05-05,18.777821,18.789749,18.276760,18.509396,14.005422,9178700
2009-05-06,18.831505,19.732220,18.753960,19.535376,14.781746,15117600
2009-05-07,19.982750,20.054331,18.604836,18.885189,14.289778,16812200
2009-05-08,18.885189,19.529409,18.831505,19.422041,14.695992,14223900
2009-05-11,19.087999,19.087999,18.384130,18.473604,13.978345,13212900
2009-05-12,19.129755,19.129755,18.115705,18.437815,13.951264,11894700
2009-05-13,18.109739,18.109739,17.173235,17.322359,13.107239,15676400
2009-05-14,17.131479,17.590784,16.785509,17.352184,13.129804,13050100
2009-05-15,17.310431,17.501310,16.928671,17.077795,12.922180,11779300
2009-05-18,17.382010,17.942720,17.322359,17.769735,13.637399,11785200
2009-05-19,18.008335,18.109739,17.662365,17.716049,13.596200,11740300
2009-05-20,17.978510,18.479570,17.924826,18.121670,13.907495,15321700
2009-05-21,17.829386,17.889034,17.322359,17.543064,13.463441,9943300
2009-05-22,17.686226,17.895000,17.531136,17.554995,13.472601,8159900
2009-05-26,17.358150,17.924826,17.250780,17.877106,13.719806,13312600
2009-05-27,17.900965,18.014299,17.387976,17.441660,13.385621,13904400
2009-05-28,17.727980,18.664486,17.668329,18.497465,14.195899,13953800
2009-05-29,18.813610,19.052210,18.580975,19.016420,14.594171,13260500
2009-06-01,19.356424,20.012575,19.320635,19.875380,15.253385,12698200
2009-06-02,19.779940,20.030470,19.535376,19.929066,15.294584,12333400
2009-06-03,19.523445,19.523445,18.199215,18.485535,14.186739,17888300
2009-06-04,18.598869,19.058174,18.551149,18.837469,14.456839,13600000
2009-06-05,19.058174,19.129755,18.300619,18.909050,14.511769,16235300
2009-06-08,18.706240,19.571165,18.598869,19.356424,14.855109,13995900
2009-06-09,19.517481,19.606955,19.171511,19.523445,14.983286,10020100
2009-06-10,19.768009,19.803801,19.171511,19.499584,14.964977,9691100
2009-06-11,19.499584,19.899240,19.320635,19.589060,15.033640,12072500
2009-06-12,19.195370,19.398180,19.046246,19.338530,14.841374,9470000
2009-06-15,19.016420,19.093966,18.515360,18.837469,14.456839,9023400
2009-06-16,18.998526,19.147650,18.634661,18.730101,14.374434,10153500
2009-06-17,18.563080,18.640625,18.109739,18.431850,14.145542,10186400
2009-06-18,18.413956,18.551149,18.193251,18.407990,14.127234,8924300
2009-06-19,18.694309,18.730101,18.085880,18.276760,14.026520,13484100
2009-06-22,17.972546,18.002371,17.053934,17.161304,13.170460,15105400
2009-06-23,17.340256,17.465521,16.934635,17.220955,13.216239,12719500
2009-06-24,17.352184,17.662365,17.262711,17.399904,13.353575,10166400
2009-06-25,17.447624,17.686226,17.220955,17.566925,13.481752,12295800
2009-06-26,17.507275,17.686226,17.370081,17.608681,13.513804,10499900
2009-06-29,17.757805,17.984474,17.578856,17.781666,13.646561,12876700
2009-06-30,17.942720,18.193251,17.680260,17.972546,13.793045,12878600
2009-07-01,18.205179,18.431850,18.032194,18.073950,13.870872,8477200
2009-07-02,17.698154,17.769735,17.185165,17.298500,13.275750,11683400
2009-07-06,16.803406,17.179199,16.409716,17.155340,13.165883,16522300
2009-07-07,17.089725,17.292536,16.791475,16.839195,12.923254,11338600
2009-07-08,16.904810,17.155340,16.391821,16.719894,12.831701,12875600
2009-07-09,16.916740,17.286570,16.785509,17.101654,13.124682,8678400
2009-07-10,16.773581,17.018145,16.540945,16.898846,12.969042,10266700
2009-07-13,16.833229,17.328325,16.618490,17.286570,13.266594,11409700
2009-07-14,17.477449,17.662365,17.268675,17.549030,13.468021,10139900
2009-07-15,17.883070,18.103775,17.805525,18.050091,13.852559,13696000
2009-07-16,17.823420,18.056055,17.566925,17.978510,13.797625,11778300
2009-07-17,17.960615,18.211145,17.769735,18.050091,13.852559,11327400
2009-07-20,18.300619,18.485535,18.038160,18.378164,14.104342,9121700
2009-07-21,18.610800,18.742029,18.223076,18.521324,14.214207,8934700
2009-07-22,18.199215,18.640625,18.187284,18.330444,14.067716,11637500
2009-07-23,18.300619,18.998526,18.246935,18.962734,14.552968,9180300
2009-07-24,18.891155,19.201336,18.789749,19.177475,14.717773,7288600
2009-07-27,19.189405,19.433969,19.028351,19.392216,14.882576,9092000
2009-07-28,19.141685,19.368355,18.950806,19.278879,14.795593,9609500
2009-07-29,18.849400,18.909050,18.366236,18.622730,14.292032,10387000
2009-07-30,18.909050,19.296776,18.855366,19.052210,14.621633,8618200
2009-07-31,18.950806,19.272915,18.807646,19.237125,14.763553,10271900
2009-08-03,19.392216,19.785906,19.350460,19.469761,14.942085,15113600
2009-08-04,19.314671,19.505550,19.117825,19.368355,14.864265,10172800
2009-08-05,19.320635,19.511515,18.700275,18.801680,14.429371,15525900
2009-08-06,18.903086,18.950806,18.407990,18.497465,14.195899,10099200
2009-08-07,18.712206,18.742029,18.211145,18.282724,14.031098,12440200
2009-08-10,18.097811,18.324480,18.097811,18.276760,14.026520,8018700
2009-08-11,18.169390,18.169390,17.781666,17.853245,13.701491,8599100
2009-08-12,17.680260,18.419920,17.680260,18.240971,13.999050,10028800
2009-08-13,18.354305,18.825541,18.217110,18.807646,14.433941,10765800
2009-08-14,18.855366,18.891155,18.324480,18.503429,14.200475,7121500
2009-08-17,18.026230,18.038160,17.626575,17.692190,13.756321,8101900
2009-08-18,17.704121,18.067986,17.674295,17.948685,13.955751,8276200
2009-08-19,17.739910,18.491501,17.596750,18.282724,14.215481,9248900
2009-08-20,18.282724,18.580975,18.193251,18.425884,14.326793,7020900
2009-08-21,18.652555,19.028351,18.640625,18.992559,14.767401,8417000
2009-08-24,19.099930,19.266951,18.926945,19.034315,14.799869,6865700
2009-08-25,19.064140,19.195370,18.670450,18.777821,14.600435,7111300
2009-08-26,18.586941,19.052210,18.491501,18.962734,14.744209,7718100
2009-08-27,18.789749,18.932911,18.360270,18.855366,14.660733,5866500
2009-08-28,18.980631,19.010454,18.557116,18.795715,14.614351,6011700
2009-08-31,18.539221,18.598869,18.175356,18.413956,14.317511,6873500
2009-09-01,18.306585,18.682381,18.014299,18.091845,14.067058,9075200
2009-09-02,18.056055,18.217110,17.930790,18.067986,14.048512,6852800
2009-09-03,18.097811,18.336411,17.978510,18.133600,14.099524,6782900
2009-09-04,18.079914,18.437815,17.978510,18.336411,14.257220,8522500
2009-09-08,18.688345,18.962734,18.616764,18.795715,14.614351,10634500
2009-09-09,18.861330,19.058174,18.694309,18.903086,14.697834,6611900
2009-09-10,18.932911,19.308704,18.819574,19.260984,14.976112,9889000
2009-09-11,19.505550,19.529409,19.034315,19.237125,14.957559,8006500
2009-09-14,18.974665,19.535376,18.879225,19.499584,15.161628,9427600
2009-09-15,19.553270,19.690466,19.398180,19.648710,15.277583,10725200
2009-09-16,19.744150,20.364510,19.696430,20.191525,15.699636,12082300
2009-09-17,20.072226,20.638901,20.012575,20.209419,15.713558,11155500
2009-09-18,20.304859,20.459949,19.923100,20.000645,15.551224,8609300
2009-09-21,19.672569,20.060295,19.517481,19.773975,15.374975,8145800
2009-09-22,20.042400,20.125910,19.797834,19.976786,15.532672,6195300
2009-09-23,19.827660,20.030470,19.469761,19.493620,15.156995,8047400
2009-09-24,19.481689,19.636780,19.046246,19.105894,14.855523,11952000
2009-09-25,19.034315,19.350460,18.730101,18.873260,14.674637,11962600
2009-09-28,18.909050,19.392216,18.909050,19.338530,15.036403,6902000
2009-09-29,19.308704,19.404144,19.034315,19.147650,14.887988,7165900
2009-09-30,19.338530,19.338530,18.789749,19.028351,14.795231,12387200
2009-10-01,19.010454,19.076071,18.437815,18.479570,14.368532,10370300
2009-10-02,18.127634,18.491501,18.127634,18.181320,14.136630,11525300
2009-10-05,18.199215,18.652555,18.193251,18.449745,14.345344,11981500
2009-10-06,18.932911,19.326599,18.795715,19.040279,14.804502,12382300
2009-10-07,18.998526,19.225195,18.759926,19.070105,14.827698,7707600
2009-10-08,19.183439,19.624849,19.147650,19.422041,15.101340,14122200
2009-10-09,19.320635,19.475725,19.117825,19.278879,14.990021,9475100
2009-10-12,19.547304,19.744150,19.463795,19.511515,15.170902,6321300
2009-10-13,19.612921,19.785906,19.284845,19.744150,15.351794,9766400
2009-10-14,20.227316,20.281000,20.030470,20.215385,15.718191,10424900
2009-10-15,20.131874,20.913290,20.000645,20.907326,16.256201,16262100
2009-10-16,20.793989,20.877501,20.430124,20.805920,16.177357,11541800
2009-10-19,20.823814,21.122065,20.597145,21.038555,16.358242,7835500
2009-10-20,21.116100,21.151890,20.453985,20.823814,16.191267,8034100
2009-10-21,20.692585,21.301016,20.674690,20.716446,16.107780,12363900
2009-10-22,20.692585,20.692585,20.281000,20.626970,16.038210,11238000
2009-10-23,20.805920,20.853640,20.173630,20.286964,15.773848,9607000
2009-10-26,20.364510,20.895395,19.911169,19.970819,15.528028,9352200
2009-10-27,20.119946,20.352579,19.893274,20.054331,15.592970,8567900
2009-10-28,19.988714,19.988714,19.296776,19.338530,15.036403,10624900
2009-10-29,19.589060,20.006611,19.553270,19.923100,15.490932,8375000
2009-10-30,19.827660,19.893274,18.861330,19.070105,14.827698,13857300
2009-11-02,19.201336,19.398180,18.819574,19.070105,14.827698,12939300
2009-11-03,18.915014,19.469761,18.718170,19.320635,15.022490,9103600
2009-11-04,19.547304,19.833626,19.451864,19.535376,15.189460,10860000
2009-11-05,19.636780,20.084154,19.541340,20.060295,15.597602,10391600
2009-11-06,19.839590,20.203455,19.696430,20.090120,15.620793,10776300
2009-11-09,20.406265,20.662760,20.298895,20.632935,16.042854,7882100
2009-11-10,20.585215,20.865570,20.495741,20.841709,16.205183,8119000
2009-11-11,20.907326,21.056450,20.662760,20.853640,16.214458,8042400
2009-11-12,20.710480,20.961010,20.382404,20.507669,15.945451,9424900
2009-11-13,20.477844,20.793989,20.322756,20.668724,16.070683,7497200
2009-11-16,20.799955,21.056450,20.710480,20.978905,16.503490,9128200
2009-11-17,20.793989,20.883465,20.621004,20.817850,16.376799,8085800
2009-11-18,20.865570,20.937149,20.525564,20.698549,16.282938,8597800
2009-11-19,20.442055,20.442055,19.726255,19.881346,15.640077,12508200
2009-11-20,19.827660,19.869415,19.362391,19.696430,15.494607,16665500
2009-11-23,20.108015,20.197491,19.648710,19.738186,15.527455,8490100
2009-11-24,19.732220,19.875380,19.463795,19.684500,15.485220,8907600
2009-11-25,19.768009,20.060295,19.660641,20.000645,15.733921,6935200
2009-11-27,19.249056,19.600990,19.165545,19.463795,15.311601,5547000
2009-11-30,19.475725,19.666605,19.302740,19.457830,15.306902,7930700
2009-12-01,19.565201,19.857485,19.565201,19.600990,15.419525,9786400
2009-12-02,19.565201,19.595024,19.237125,19.314671,15.194286,9082300
2009-12-03,19.314671,19.481689,19.129755,19.177475,15.086356,8435800
2009-12-04,19.481689,19.654675,18.825541,18.867294,14.842349,15510400
2009-12-07,18.873260,19.219231,18.736065,18.992559,14.940891,10947800
2009-12-08,18.855366,18.879225,18.390095,18.455709,14.518567,9688500
2009-12-09,18.688345,18.688345,18.252899,18.521324,14.570182,11483400
2009-12-10,18.688345,18.795715,18.449745,18.575010,14.612421,10200300
2009-12-11,18.676414,18.819574,18.509396,18.670450,14.687501,10959900
2009-12-14,19.243090,19.308704,18.747995,18.759926,14.757883,10076400
2009-12-15,18.849400,18.909050,18.586941,18.640625,14.664031,9506700
2009-12-16,18.724134,18.879225,18.598869,18.771854,14.767268,12142400
2009-12-17,18.670450,18.670450,18.402025,18.437815,14.504492,7597100
2009-12-18,18.676414,18.700275,18.240971,18.437815,14.504492,12924200
2009-12-21,18.586941,18.742029,18.527290,18.664486,14.682805,6506200
2009-12-22,18.843435,18.897120,18.664486,18.813610,14.800116,6654400
2009-12-23,18.867294,18.938875,18.730101,18.795715,14.786041,5035700
2009-12-24,18.849400,18.932911,18.789749,18.879225,14.851734,1880100
2009-12-28,19.022385,19.070105,18.682381,18.765890,14.762576,3992400
2009-12-29,18.819574,18.879225,18.610800,18.676414,14.692191,4729200
2009-12-30,18.628695,18.789749,18.563080,18.771854,14.767268,4748000
2009-12-31,18.765890,18.897120,18.616764,18.622730,14.649953,4364700
2010-01-04,18.938875,19.189405,18.867294,19.153616,15.067592,9214200
2010-01-05,19.231159,19.290810,19.105894,19.171511,15.081665,9483300
2010-01-06,19.153616,19.624849,19.093966,19.595024,15.414836,15233800
2010-01-07,19.535376,19.535376,19.219231,19.475725,15.320985,7803000
2010-01-08,19.374319,19.565201,19.296776,19.505550,15.344449,7585200
2010-01-11,19.666605,19.714325,19.350460,19.505550,15.344449,10013000
2010-01-12,19.284845,19.374319,19.165545,19.237125,15.133286,9018100
2010-01-13,19.225195,19.255020,18.867294,19.171511,15.081665,9795900
2010-01-14,19.249056,19.249056,18.950806,19.070105,15.001895,8469500
2010-01-15,19.034315,19.034315,18.497465,18.873260,14.847041,14417000
2010-01-19,18.771854,19.189405,18.742029,19.165545,15.076977,11069700
2010-01-20,19.022385,19.255020,18.855366,19.201336,15.105133,12105900
2010-01-21,19.225195,19.308704,18.736065,18.789749,14.781346,12399300
2010-01-22,18.616764,18.789749,18.217110,18.240971,14.349633,11845700
2010-01-25,18.342375,18.580975,18.294655,18.318516,14.410641,7210700
2010-01-26,18.199215,18.413956,17.996405,18.133600,14.265169,9124500
2010-01-27,18.127634,18.968700,17.871140,18.115705,14.251101,10633600
2010-01-28,18.157459,18.282724,17.847281,17.996405,14.157244,12324200
2010-01-29,18.217110,18.348339,17.668329,17.781666,13.988315,11986400
2010-02-01,17.996405,18.288691,17.895000,18.282724,14.382483,9755500
2010-02-02,17.895000,18.437815,17.889034,18.431850,14.499798,17208500
2010-02-03,18.390095,18.407990,17.978510,18.115705,14.251101,10842000
2010-02-04,17.954651,17.990440,17.191130,17.214991,13.542529,16487300
2010-02-05,17.119551,17.191130,16.487261,16.976391,13.354832,20335900
2010-02-08,17.036039,17.047970,16.702000,16.725861,13.157745,14588200
2010-02-09,16.964460,17.268675,16.839195,17.071831,13.429912,11879700
2010-02-10,17.024111,17.059900,16.666210,16.934635,13.321981,10912800
2010-02-11,16.880951,17.280605,16.797440,17.197096,13.528455,9453800
2010-02-12,16.904810,17.209024,16.785509,17.065865,13.615232,15203000
2010-02-16,17.566925,17.763769,17.447624,17.710085,14.129192,12352000
2010-02-17,17.775700,17.847281,17.596750,17.674295,14.100635,10593100
2010-02-18,17.662365,17.877106,17.602715,17.865175,14.252921,7325200
2010-02-19,17.829386,17.978510,17.698154,17.877106,14.262444,8888800
2010-02-22,17.984474,18.014299,17.531136,17.602715,14.043531,10973600
2010-02-23,17.549030,17.549030,17.161304,17.220955,13.738963,11364700
2010-02-24,17.292536,17.441660,17.113585,17.399904,13.881729,8167600
2010-02-25,17.149376,17.298500,16.946566,17.262711,13.772272,8107400
2010-02-26,17.334290,17.399904,17.101654,17.268675,13.777031,9610200
2010-03-01,17.387976,17.489380,17.292536,17.393940,13.876967,7777300
2010-03-02,17.495344,17.626575,17.423765,17.513241,13.972149,9523000
2010-03-03,17.590784,17.811489,17.519205,17.578856,14.024497,11756000
2010-03-04,17.608681,17.692190,17.465521,17.644470,14.076843,10755400
2010-03-05,17.877106,18.294655,17.799561,18.258865,14.567015,13035300
2010-03-08,18.312550,18.443781,18.282724,18.372200,14.657432,10321700
2010-03-09,18.205179,18.545185,18.205179,18.419920,14.695498,9741800
2010-03-10,18.473604,18.789749,18.431850,18.783785,14.985795,14411200
2010-03-11,18.753960,19.028351,18.724134,18.891155,15.071455,12716100
2010-03-12,18.968700,19.016420,18.712206,18.777821,14.981035,8925700
2010-03-15,18.724134,18.724134,18.419920,18.628695,14.862062,8566400
2010-03-16,18.730101,18.932911,18.586941,18.915014,15.090491,9930200
2010-03-17,19.052210,19.308704,18.962734,19.284845,15.385544,11200500
2010-03-18,19.266951,19.350460,18.992559,19.147650,15.276083,7991700
2010-03-19,19.076071,19.266951,18.747995,19.076071,15.218983,14576000
2010-03-22,18.712206,18.974665,18.628695,18.885189,15.066695,10004000
2010-03-23,18.909050,18.968700,18.783785,18.932911,15.104762,8036700
2010-03-24,18.682381,18.932911,18.598869,18.718170,14.933449,11269500
2010-03-25,18.867294,18.950806,18.533255,18.551149,14.800193,11358000
2010-03-26,18.664486,18.718170,18.330444,18.396061,14.676469,9847400
2010-03-29,18.515360,18.819574,18.515360,18.765890,14.971517,8640400
2010-03-30,18.813610,18.825541,18.658520,18.730101,14.942965,7406000
2010-03-31,18.730101,19.093966,18.718170,18.873260,15.057182,11941400
2010-04-01,19.046246,19.272915,18.974665,19.141685,15.271325,10133700
2010-04-05,19.266951,19.422041,19.147650,19.338530,15.428369,8234100
2010-04-06,19.260984,19.595024,19.183439,19.433969,15.504513,8234700
2010-04-07,19.386250,19.386250,18.920980,19.058174,15.204701,12830300
2010-04-08,18.747995,19.087999,18.640625,19.010454,15.166633,14872000
2010-04-09,19.171511,19.213264,18.915014,19.201336,15.318918,11756400
2010-04-12,19.153616,19.320635,19.111860,19.207300,15.323674,9995800
2010-04-13,19.225195,19.344496,19.040279,19.213264,15.328431,10963400
2010-04-14,19.314671,19.589060,19.266951,19.577129,15.618724,10775500
2010-04-15,19.517481,19.702394,19.445900,19.505550,15.561618,12140600
2010-04-16,19.368355,19.428005,18.944839,19.099930,15.238016,12714500
2010-04-19,18.873260,19.165545,18.765890,19.117825,15.252288,8549700
2010-04-20,19.243090,19.523445,19.189405,19.445900,15.514031,8206700
2010-04-21,19.547304,19.624849,19.249056,19.410110,15.485477,8882100
2010-04-22,19.189405,19.398180,19.046246,19.374319,15.456923,7662300
2010-04-23,19.302740,19.732220,19.255020,19.732220,15.742461,9614400
2010-04-26,19.714325,19.803801,19.583096,19.708361,15.723422,9077900
2010-04-27,19.571165,19.678535,19.040279,19.076071,15.218983,11096700
2010-04-28,19.207300,19.272915,18.891155,19.213264,15.328431,11305100
2010-04-29,19.326599,19.511515,19.231159,19.326599,15.418845,8421900
2010-04-30,19.392216,19.487656,19.123791,19.177475,15.299887,11216200
2010-05-03,19.225195,19.463795,19.153616,19.249056,15.356991,11300900
2010-05-04,19.493620,19.612921,18.879225,19.177475,15.299887,19181300
2010-05-05,18.891155,19.153616,18.712206,18.950806,15.119042,11113400
2010-05-06,18.861330,18.944839,17.280605,18.288691,14.590802,19679900
2010-05-07,18.199215,18.658520,17.906931,18.157459,14.486106,19759400
2010-05-10,18.807646,18.956770,18.527290,18.837469,15.028623,16742600
2010-05-11,18.539221,18.807646,18.473604,18.533255,14.785920,12152000
2010-05-12,18.569044,18.968700,18.443781,18.915014,15.090491,10147100
2010-05-13,18.831505,19.147650,18.694309,18.897120,15.076217,11835700
2010-05-14,18.801680,18.855366,18.503429,18.664486,14.890618,15407800
2010-05-17,18.658520,18.885189,18.270796,18.855366,15.247129,19431600
2010-05-18,19.231159,19.571165,19.117825,19.237125,15.555829,23993200
2010-05-19,19.129755,19.553270,19.052210,19.404144,15.690893,23217400
2010-05-20,18.920980,19.189405,18.694309,18.736065,15.150660,24905600
2010-05-21,18.067986,18.759926,18.014299,18.742029,15.155479,28063200
2010-05-24,18.688345,19.141685,18.527290,18.849400,15.242305,16922700
2010-05-25,18.252899,18.348339,17.841314,18.264830,14.769603,24928400
2010-05-26,18.557116,18.628695,18.032194,18.115705,14.649011,18210500
2010-05-27,18.485535,18.897120,18.461676,18.873260,15.261601,16442500
2010-05-28,18.867294,18.932911,18.419920,18.545185,14.996304,14387200
2010-06-01,18.318516,18.753960,17.990440,18.008335,14.562185,16636500
2010-06-02,18.187284,18.700275,18.133600,18.688345,15.112069,12000100
2010-06-03,18.825541,18.944839,18.497465,18.932911,15.309830,7848100
2010-06-04,18.479570,18.861330,18.211145,18.312550,14.808191,14243400
2010-06-07,18.431850,18.831505,18.354305,18.515360,14.972181,16686000
2010-06-08,18.604836,18.843435,18.342375,18.795715,15.198890,14086000
2010-06-09,18.932911,19.004490,18.354305,18.443781,14.914309,15948800
2010-06-10,18.855366,19.225195,18.789749,19.201336,15.526893,12919600
2010-06-11,19.034315,19.314671,18.944839,19.308704,15.613719,8533600
2010-06-14,19.499584,19.678535,19.374319,19.422041,15.705356,10957500
2010-06-15,19.672569,19.982750,19.600990,19.923100,16.110537,14134400
2010-06-16,19.768009,19.952925,19.666605,19.815729,16.023712,10297400
2010-06-17,19.648710,19.970819,19.636780,19.917135,16.105711,10437200
2010-06-18,19.923100,20.173630,19.899240,20.155735,16.298651,9788600
2010-06-21,20.346615,20.519600,20.257139,20.346615,16.453005,17711400
2010-06-22,20.185560,20.388371,19.714325,19.750114,15.970657,11424300
2010-06-23,19.720289,19.946960,19.624849,19.833626,16.038183,8523200
2010-06-24,19.708361,19.940994,19.517481,19.595024,15.845235,14114600
2010-06-25,19.738186,19.839590,19.302740,19.535376,15.797004,17271500
2010-06-28,19.600990,19.684500,19.260984,19.260984,15.575123,10126900
2010-06-29,19.028351,19.058174,18.616764,18.712206,15.131361,11666700
2010-06-30,18.807646,19.004490,18.515360,18.545185,14.996304,10220200
2010-07-01,18.616764,18.700275,18.193251,18.402025,14.880540,15682300
2010-07-02,18.479570,18.694309,18.235004,18.390095,14.870894,7859000
2010-07-06,18.580975,18.849400,18.300619,18.497465,14.957721,8231000
2010-07-07,18.586941,19.111860,18.563080,19.111860,15.454533,11036000
2010-07-08,19.362391,19.386250,18.920980,19.135719,15.473833,16469500
2010-07-09,19.141685,19.177475,18.986595,19.135719,15.473833,8948700
2010-07-12,19.123791,19.231159,19.016420,19.147650,15.483476,5951300
2010-07-13,19.380285,19.762045,19.368355,19.666605,15.903130,9838700
2010-07-14,19.571165,19.642744,19.219231,19.410110,15.695712,10215900
2010-07-15,19.422041,19.475725,19.082035,19.398180,15.686068,6926900
2010-07-16,19.249056,19.404144,18.819574,18.909050,15.290532,12043200
2010-07-19,19.040279,19.171511,18.825541,18.962734,15.333954,8869000
2010-07-20,18.712206,19.523445,18.539221,19.493620,15.763244,9404000
2010-07-21,19.553270,19.589060,19.040279,19.219231,15.541364,9716800
2010-07-22,19.445900,19.773975,19.404144,19.505550,15.772884,10945100
2010-07-23,19.416075,19.642744,19.266951,19.612921,15.859717,7208000
2010-07-26,19.583096,19.905205,19.583096,19.905205,16.096067,5733200
2010-07-27,20.006611,20.125910,19.750114,19.821695,16.028536,8189600
2010-07-28,19.738186,19.851521,19.690466,19.791870,16.004419,7015200
2010-07-29,19.887310,20.060295,19.654675,19.899240,16.091242,8540900
2010-07-30,19.744150,20.084154,19.606955,19.952925,16.134651,9111600
2010-08-02,20.257139,20.489775,20.239244,20.448021,16.535007,12227400
2010-08-03,20.316790,20.626970,20.161699,20.370476,16.472303,8535200
2010-08-04,20.352579,20.740305,20.155735,20.698549,16.737591,10308900
2010-08-05,20.615040,20.865570,20.459949,20.865570,16.872648,6919000
2010-08-06,20.626970,20.799955,20.161699,20.513636,16.588064,12286300
2010-08-09,20.615040,20.710480,20.400299,20.567320,16.631474,5662100
2010-08-10,20.400299,20.501705,20.281000,20.388371,16.486769,9273200
2010-08-11,20.060295,20.119946,19.756081,19.833626,16.038183,8347300
2010-08-12,19.654675,19.768009,19.565201,19.666605,15.903130,7245000
2010-08-13,19.648710,19.833626,19.529409,19.541340,15.801830,6006200
2010-08-16,19.296776,19.481689,19.195370,19.404144,15.894233,5937900
2010-08-17,19.684500,19.684500,19.404144,19.463795,15.943093,8790200
2010-08-18,19.410110,19.481689,19.159580,19.410110,15.899115,7288500
2010-08-19,19.332565,19.368355,19.040279,19.087999,15.635269,7817900
2010-08-20,18.962734,19.022385,18.610800,18.801680,15.400742,8051100
2010-08-23,18.795715,19.040279,18.795715,18.885189,15.469147,7794300
2010-08-24,18.670450,18.849400,18.575010,18.628695,15.259048,10322200
2010-08-25,18.515360,18.521324,18.067986,18.354305,15.034294,12404800
2010-08-26,18.467640,18.497465,17.936754,18.020266,14.760676,10411900
2010-08-27,18.121670,18.503429,17.918859,18.455709,15.117351,8420100
2010-08-30,18.431850,18.539221,18.223076,18.223076,14.926792,6342600
2010-08-31,18.145531,18.282724,18.014299,18.187284,14.897482,9045700
2010-09-01,18.407990,18.831505,18.330444,18.819574,15.415398,9120300
2010-09-02,18.831505,19.016420,18.747995,19.010454,15.571749,7879100
2010-09-03,19.087999,19.266951,19.046246,19.183439,15.713448,6912900
2010-09-07,18.974665,19.082035,18.801680,18.932911,15.508234,6270500
2010-09-08,18.938875,19.153616,18.879225,18.932911,15.508234,6786200
2010-09-09,19.231159,19.422041,18.813610,18.950806,15.522896,6566300
2010-09-10,19.064140,19.416075,19.034315,19.278879,15.791622,9778500
2010-09-13,19.463795,19.493620,19.117825,19.237125,15.757424,7933400
2010-09-14,19.237125,19.404144,19.028351,19.111860,15.654813,10127200
2010-09-15,18.998526,19.177475,18.891155,19.153616,15.689017,8062300
2010-09-16,19.028351,19.117825,18.938875,19.087999,15.635269,5555900
2010-09-17,19.231159,19.237125,18.837469,18.855366,15.444717,9133400
2010-09-20,18.873260,19.338530,18.861330,19.290810,15.801398,6550800
2010-09-21,19.475725,19.481689,19.093966,19.243090,15.762309,8690100
2010-09-22,19.272915,19.439936,19.034315,19.082035,15.630383,6259600
2010-09-23,18.926945,18.974665,18.682381,18.765890,15.371431,9491000
2010-09-24,18.986595,19.290810,18.915014,19.213264,15.737875,7458800
2010-09-27,19.302740,19.380285,19.195370,19.201336,15.728106,6358500
2010-09-28,19.296776,19.416075,19.093966,19.380285,15.874686,7813200
2010-09-29,19.320635,19.839590,19.243090,19.690466,16.128763,10494800
2010-09-30,19.821695,20.060295,19.535376,19.744150,16.172733,9988200
2010-10-01,19.940994,20.221350,19.881346,20.167665,16.519646,10448100
2010-10-04,20.036434,20.125910,19.738186,19.905205,16.304653,8260100
2010-10-05,20.137840,20.579250,20.048365,20.471880,16.768827,13587700
2010-10-06,20.406265,20.955046,20.328720,20.937149,17.149929,16449900
2010-10-07,21.044519,21.044519,20.597145,20.788025,17.027784,7455400
2010-10-08,20.573284,21.193645,20.561356,21.163820,17.335606,8136400
2010-10-11,21.062414,21.187679,20.949080,21.032591,17.228111,6853400
2010-10-12,20.931185,21.139959,20.722410,21.044519,17.237885,6160900
2010-10-13,21.133995,21.444176,21.098206,21.289085,17.438213,7670000
2010-10-14,21.289085,21.438210,21.014694,21.181715,17.350266,7411000
2010-10-15,21.312944,21.432245,21.080311,21.324875,17.467533,9684100
2010-10-18,21.384525,21.474001,21.265224,21.396456,17.526159,7228100
2010-10-19,21.116100,21.128031,20.740305,20.937149,17.149929,11949800
2010-10-20,21.038555,21.378559,20.990835,21.283119,17.433327,6178800
2010-10-21,21.235399,21.384525,20.984871,21.205576,17.369810,7821600
2010-10-22,21.265224,21.336805,21.128031,21.241365,17.399128,4640400
2010-10-25,21.515755,21.730495,21.378559,21.408384,17.535931,8028800
2010-10-26,21.348736,21.402420,21.169785,21.235399,17.394236,9984400
2010-10-27,21.050486,21.175751,20.871534,21.050486,17.242775,8075400
2010-10-28,21.229435,21.301016,20.949080,21.038555,17.233006,11072000
2010-10-29,20.931185,21.253296,20.931185,21.217505,17.379574,6702700
2010-11-01,21.414351,21.539616,21.056450,21.169785,17.340494,7195800
2010-11-02,20.394335,20.710480,19.994680,20.048365,16.421917,30087100
2010-11-03,20.108015,20.119946,19.356424,19.726255,16.158081,24354200
2010-11-04,19.893274,20.281000,19.773975,20.179596,16.529413,17372100
2010-11-05,20.143805,20.269070,19.935030,20.233280,16.573383,14844400
2010-11-08,20.203455,20.418196,20.113979,20.239244,16.578274,14853900
2010-11-09,20.406265,20.477844,19.958891,20.048365,16.421917,10516500
2010-11-10,20.042400,20.298895,19.857485,20.298895,16.627131,8339900
2010-11-11,20.227316,20.436090,20.161699,20.364510,16.680876,8537300
2010-11-12,20.251175,20.310825,19.982750,20.125910,16.485439,9568300
2010-11-15,20.149771,20.376440,20.042400,20.084154,16.658163,7651600
2010-11-16,19.923100,20.006611,19.636780,19.869415,16.480053,11244700
2010-11-17,19.881346,20.000645,19.732220,19.821695,16.440481,8625800
2010-11-18,20.185560,20.406265,20.048365,20.376440,16.900581,7986000
2010-11-19,20.340651,20.453985,20.131874,20.442055,16.955009,6976600
2010-11-22,20.358545,20.561356,20.131874,20.459949,16.969851,9943100
2010-11-23,20.239244,20.239244,19.809765,19.875380,16.485001,10619700
2010-11-24,20.048365,20.191525,19.940994,20.155735,16.717529,5881900
2010-11-26,20.012575,20.108015,19.940994,19.970819,16.564159,2400500
2010-11-29,19.935030,20.161699,19.690466,20.096085,16.668053,7282900
2010-11-30,19.803801,20.179596,19.744150,19.964855,16.559208,8863800
2010-12-01,20.263105,20.448021,20.179596,20.370476,16.895638,8739300
2010-12-02,20.376440,20.907326,20.364510,20.901360,17.335966,8974000
2010-12-03,20.907326,21.074345,20.782061,20.943115,17.370604,9420400
2010-12-06,20.949080,21.026625,20.746269,20.746269,17.207329,7393900
2010-12-07,21.050486,21.110134,20.799955,20.877501,17.316175,12879600
2010-12-08,20.931185,21.020660,20.740305,20.978905,17.400288,7941300
2010-12-09,21.098206,21.133995,20.692585,20.776094,17.232063,8385700
2010-12-10,20.919254,21.044519,20.817850,20.966974,17.390387,7809300
2010-12-13,21.038555,21.056450,20.615040,20.859606,17.301336,11133400
2010-12-14,20.823814,21.020660,20.734341,20.859606,17.301336,7583400
2010-12-15,20.811886,20.996799,20.764166,20.793989,17.246910,6559500
2010-12-16,20.817850,20.996799,20.638901,20.978905,17.400288,6522200
2010-12-17,20.961010,21.044519,20.853640,21.002766,17.420071,7328900
2010-12-20,21.110134,21.533649,21.074345,21.420315,17.766394,9274900
2010-12-21,21.503824,21.712601,21.414351,21.587336,17.904924,7029600
2010-12-22,21.652950,21.873655,21.533649,21.790146,18.073139,5235800
2010-12-23,21.814005,21.909445,21.617161,21.718565,18.013769,4678400
2010-12-27,21.682775,21.825935,21.617161,21.778215,18.063248,3928200
2010-12-28,21.867689,21.891550,21.682775,21.766285,18.053350,4807200
2010-12-29,21.772249,22.154011,21.736460,22.022779,18.266094,4918000
2010-12-30,22.010851,22.100325,21.927340,21.975060,18.226507,4968900
2010-12-31,21.975060,22.195765,21.873655,22.088394,18.320517,4227100
2011-01-03,22.303135,22.559629,22.130150,22.422436,18.597574,7335900
2011-01-04,22.547701,22.583490,22.058571,22.297171,18.493673,8221200
2011-01-05,22.267345,22.350855,22.052605,22.273310,18.473883,7193200
2011-01-06,22.321030,22.494015,22.261379,22.428400,18.602524,9321000
2011-01-07,22.810160,23.102446,22.667000,23.042795,19.112112,13017200
2011-01-10,23.156130,23.424555,23.030865,23.352976,19.369381,12057500
2011-01-11,23.496136,23.860001,23.376835,23.692980,19.651390,12562600
2011-01-12,23.860001,24.319305,23.782455,24.176146,20.052132,13980500
2011-01-13,26.418985,26.782850,25.530199,25.637569,21.264263,74339900
2011-01-14,25.375111,25.649500,25.100719,25.404936,21.071316,20703900
2011-01-18,25.285635,25.721081,25.273705,25.333355,21.011942,16243900
2011-01-19,25.369144,25.560024,25.035105,25.082825,20.804150,18327400
2011-01-20,25.058966,25.202126,24.665276,24.963526,20.705194,15983700
2011-01-21,25.106686,25.231951,24.993349,25.076860,20.799196,16841900
2011-01-24,25.052999,25.184231,24.987385,25.142475,20.853626,15901400
2011-01-25,25.160370,25.995470,25.082825,25.977575,21.546268,21007800
2011-01-26,26.442844,27.230225,26.395124,27.069170,22.451660,26831500
2011-01-27,26.973730,27.069170,26.532320,26.639690,22.095438,19626600
2011-01-28,26.305651,26.943905,26.305651,26.699341,22.144917,15764700
2011-01-31,26.824606,27.289875,26.532320,27.260050,22.609982,14051400
2011-02-01,27.456896,27.880409,27.170574,27.796900,23.055248,17406300
2011-02-02,27.433035,28.035500,27.057240,27.373384,22.703976,17381500
2011-02-03,27.313734,27.468824,26.812675,27.409176,22.733667,11223600
2011-02-04,27.438999,27.522511,27.033381,27.355490,22.689135,10115100
2011-02-07,27.832689,28.274099,27.564264,27.677601,22.956297,12317000
2011-02-08,27.677601,27.755144,27.391279,27.606020,22.896929,10483900
2011-02-09,27.576195,27.689529,27.254086,27.641809,22.926617,9630300
2011-02-10,27.522511,27.790936,27.349525,27.695496,22.971146,11349300
2011-02-11,27.629881,27.796900,27.421104,27.725321,22.995882,10831300
2011-02-14,27.743216,29.425344,27.588125,29.258326,24.488194,21306900
2011-02-15,29.067446,29.127094,28.608141,28.673756,23.998928,11807700
2011-02-16,29.031654,29.508856,28.816916,29.413416,24.618004,16724800
2011-02-17,29.413416,30.159040,29.264290,29.872721,25.002422,14465700
2011-02-18,29.872721,29.938335,29.270254,29.532715,24.717852,15611300
2011-02-22,29.317974,29.514820,28.369539,28.459015,23.819199,21026300
2011-02-23,28.781124,29.950266,28.697615,29.335871,24.553102,21534200
2011-02-24,29.150955,29.228500,28.369539,28.709545,24.028883,17350500
2011-02-25,28.894461,29.097269,28.614105,29.001829,24.273514,11684900
2011-02-28,29.174814,29.860790,29.127094,29.586399,24.762781,12382500
2011-03-01,31.226774,31.244671,30.063601,30.272375,25.336920,28725900
2011-03-02,30.343954,30.540800,29.914474,30.379745,25.426783,14486000
2011-03-03,31.029930,31.477304,30.791330,31.411690,26.290482,13896300
2011-03-04,31.483271,31.489235,30.672029,30.815189,25.791231,15132400
2011-03-07,31.322214,31.328180,30.296234,30.672029,25.671415,10473900
2011-03-08,30.397640,30.409571,29.586399,29.932369,25.052351,14865700
2011-03-09,29.932369,30.057634,29.443239,29.598330,24.772764,13361600
2011-03-10,29.276220,29.508856,28.948145,28.983934,24.258541,13826800
2011-03-11,28.763229,30.033775,28.703581,29.926405,25.047352,11457100
2011-03-14,29.783245,30.236586,29.335871,29.628155,24.797729,11504100
2011-03-15,28.441120,29.502890,28.142870,29.210606,24.448256,12598900
2011-03-16,29.425344,29.962194,28.649895,29.067446,24.328432,17394300
2011-03-17,29.228500,29.699736,29.228500,29.550610,24.732830,13581200
2011-03-18,29.860790,30.009914,29.532715,29.616224,24.787743,15731200
2011-03-21,30.767469,30.988174,30.320095,30.922560,25.881107,12992400
2011-03-22,30.970280,30.982210,30.290270,30.546764,25.566570,9304200
2011-03-23,30.433430,30.624310,30.129215,30.159040,25.242064,9883100
2011-03-24,30.260445,30.427465,29.950266,30.260445,25.326929,9548100
2011-03-25,30.332026,30.874840,30.224655,30.839050,25.811201,12998800
2011-03-28,30.952385,31.280460,30.505011,30.505011,25.531630,12194600
2011-03-29,30.564659,31.256599,30.540800,31.149229,26.070816,11366600
2011-03-30,31.316250,31.692045,31.131334,31.584675,26.435270,9751300
2011-03-31,31.763624,32.055908,31.602570,31.799416,26.615000,11252600
2011-04-01,32.097664,32.324333,31.823275,31.942575,26.734816,9565600
2011-04-04,32.097664,32.139420,31.501165,31.668184,26.505157,9245900
2011-04-05,31.859064,32.097664,31.501165,31.870995,26.674908,7785000
2011-04-06,32.097664,32.157314,31.453445,31.554850,26.410305,6372500
2011-04-07,31.632395,32.133453,31.256599,31.614500,26.460232,8799600
2011-04-08,31.739765,31.942575,31.316250,31.471340,26.340416,8445200
2011-04-11,31.417656,31.626431,30.761505,30.880804,25.846153,8303700
2011-04-12,30.564659,30.570625,29.681841,29.932369,25.052351,15762600
2011-04-13,30.236586,30.391676,29.687805,30.021845,25.127234,7674600
2011-04-14,29.968161,30.576590,29.759384,30.522905,25.546608,8478400
2011-04-15,30.606415,30.856945,30.427465,30.618345,25.626484,8580200
2011-04-18,30.218691,30.642204,29.908510,30.475185,25.506660,8882300
2011-04-19,30.332026,30.588520,30.003950,30.588520,25.601521,9498200
2011-04-20,31.041861,31.853100,30.988174,31.805380,26.619991,11114500
2011-04-21,31.936609,32.151348,31.626431,32.115559,26.879601,7207700
2011-04-25,32.151348,32.234859,31.298355,31.369934,26.255537,8143000
2011-04-26,31.399759,31.542919,30.934490,31.411690,26.290482,9224400
2011-04-27,31.477304,31.584675,30.797295,31.399759,26.280499,8612200
2011-04-28,31.322214,31.459410,30.946421,31.381865,26.265522,7276600
2011-04-29,31.423620,32.276615,31.328180,32.234859,26.979443,9986900
2011-05-02,32.276615,32.407845,31.566780,31.859064,26.664923,12521300
2011-05-03,31.447479,31.733801,30.433430,31.352039,26.240561,17831100
2011-05-04,31.125370,31.125370,30.481150,30.749575,25.736317,11765600
2011-05-05,30.314131,30.367815,29.276220,29.556576,24.737822,18301000
2011-05-06,29.860790,30.457291,29.479031,29.568504,24.747801,18002600
2011-05-09,29.974125,31.202915,29.860790,31.131334,26.055838,13246700
2011-05-10,31.071686,31.411690,30.779400,31.274494,26.175655,11464500
2011-05-11,31.155195,31.190985,29.872721,30.320095,25.376860,13453100
2011-05-12,30.075529,30.743610,29.556576,30.522905,25.546608,11399800
2011-05-13,30.719749,30.833084,30.045706,30.481150,25.511662,11092300
2011-05-16,30.272375,30.642204,29.878685,29.997986,25.314892,8370100
2011-05-17,29.765350,29.962194,29.347799,29.842896,25.184010,10779200
2011-05-18,30.081495,30.898701,29.992020,30.737644,25.939077,11408300
2011-05-19,30.815189,31.179054,30.487116,30.970280,26.135395,9514800
2011-05-20,30.982210,31.047825,30.451324,30.540800,25.772966,10753500
2011-05-23,30.117285,30.248514,29.562540,30.111320,25.410532,14156700
2011-05-24,30.457291,31.316250,30.320095,30.946421,26.115261,14122700
2011-05-25,30.695890,31.745729,30.654135,31.471340,26.558239,13493500
2011-05-26,31.375900,31.996260,31.262566,31.960470,26.971006,11010200
2011-05-27,32.014156,32.348194,31.441515,31.835205,26.865294,11141900
2011-05-31,32.097664,32.330299,31.906784,32.312405,27.267994,12052600
2011-06-01,31.787485,31.906784,31.155195,31.405725,26.502857,16810700
2011-06-02,31.459410,31.608536,30.785364,31.322214,26.432386,9890300
2011-06-03,30.695890,31.202915,30.642204,30.898701,26.074991,10011700
2011-06-06,30.809225,31.006069,30.141146,30.176935,25.465904,10030300
2011-06-07,30.355885,31.047825,30.242550,30.540800,25.772966,11104100
2011-06-08,30.540800,30.862909,30.093426,30.343954,25.606848,8867800
2011-06-09,30.624310,30.856945,30.451324,30.510975,25.747797,8705700
2011-06-10,30.367815,30.367815,29.878685,29.974125,25.294758,15379000
2011-06-13,30.111320,30.320095,29.282185,29.699736,25.063206,9721700
2011-06-14,30.051670,31.244671,30.021845,31.023966,26.180704,15744600
2011-06-15,30.576590,30.713785,29.938335,30.284306,25.556515,13979700
2011-06-16,30.343954,30.940454,30.039740,30.534836,25.767933,11359500
2011-06-17,30.803261,30.862909,30.117285,30.176935,25.465904,13311600
2011-06-20,29.950266,30.481150,29.836929,30.481150,25.722628,8720300
2011-06-21,30.505011,31.387831,30.284306,31.107475,26.251171,12113900
2011-06-22,30.964315,31.805380,30.868876,31.489235,26.573338,11779700
2011-06-23,30.845015,30.845015,29.992020,30.791330,25.984388,18295500
2011-06-24,30.809225,30.886770,29.425344,29.556576,24.942392,22634800
2011-06-27,29.234465,29.461136,29.007795,29.264290,24.695734,17043400
2011-06-28,29.634121,30.713785,29.490959,30.648170,25.863575,14636200
2011-06-29,30.743610,31.119406,30.409571,30.797295,25.989414,12529400
2011-06-30,30.922560,31.465376,30.761505,31.423620,26.517963,13829300
2011-07-01,33.279999,33.279999,32.080002,32.950001,27.806055,12950000
2011-07-05,33.830002,34.389999,33.360001,34.070000,28.751211,17142200
2011-07-06,34.910000,34.970001,32.520000,32.810001,27.687916,18806000
2011-07-07,33.590000,33.599998,32.400002,33.099998,27.932638,14330200
2011-07-08,32.630001,32.970001,32.320000,32.669998,27.569763,9070300
2011-07-11,32.330002,32.369999,31.670000,32.009998,27.012804,9712900
2011-07-12,31.719999,31.870001,31.500000,31.520000,26.599302,8328100
2011-07-13,32.000000,32.290001,31.540001,31.709999,26.759638,10133700
2011-07-14,31.889999,32.060001,31.250000,31.299999,26.413641,7605900
2011-07-15,31.450001,31.799999,31.139999,31.680000,26.734318,8761800
2011-07-18,31.469999,31.590000,31.100000,31.400000,26.498030,7228000
2011-07-19,31.650000,31.870001,30.920000,31.230000,26.354576,12320800
2011-07-20,31.780001,31.790001,30.969999,31.030001,26.185799,8226100
2011-07-21,31.420000,32.049999,31.270000,31.990000,26.995932,7770400
2011-07-22,32.070000,32.070000,31.740000,32.009998,27.012804,4938900
2011-07-25,31.750000,32.830002,31.690001,32.480000,27.409433,7747300
2011-07-26,32.650002,32.669998,32.119999,32.330002,27.282856,5720600
2011-07-27,32.090000,32.090000,31.160000,31.500000,26.582428,6882500
2011-07-28,31.440001,31.660000,31.080000,31.090000,26.236427,7689200
2011-07-29,30.750000,31.120001,30.500000,30.969999,26.135164,8861300
2011-08-01,31.410000,31.430000,30.350000,30.639999,25.856682,8193200
2011-08-02,30.049999,30.430000,29.120001,29.120001,24.573971,10827500
2011-08-03,27.959999,28.629999,26.820000,27.629999,23.316584,22157800
2011-08-04,27.170000,27.180000,25.049999,25.100000,21.181553,18139600
2011-08-05,26.650000,26.709999,24.100000,26.120001,22.042309,28428700
2011-08-08,24.139999,25.100000,23.320000,23.370001,19.721622,22394400
2011-08-09,24.350000,25.650000,23.600000,25.469999,21.493786,20454800
2011-08-10,25.049999,26.330000,25.040001,25.290001,21.341888,24681600
2011-08-11,25.570000,26.799999,25.129999,26.430000,22.303923,25157800
2011-08-12,26.969999,27.129999,26.350000,26.650000,22.489574,10311000
2011-08-15,27.059999,27.570000,26.920000,27.540001,23.372179,8948200
2011-08-16,27.420000,27.590000,26.850000,27.110001,23.007257,9161200
2011-08-17,27.850000,28.240000,27.010000,27.430000,23.278830,8716900
2011-08-18,26.410000,26.410000,25.309999,25.590000,21.717295,11485200
2011-08-19,25.120001,25.969999,25.000000,25.170000,21.360853,9753300
2011-08-22,26.200001,26.420000,24.920000,25.299999,21.471170,9103200
2011-08-23,25.370001,25.990000,25.150000,25.990000,22.056755,10106200
2011-08-24,25.910000,26.190001,25.150000,25.700001,21.810648,8553000
2011-08-25,25.900000,26.030001,25.070000,25.190001,21.377831,6736800
2011-08-26,24.990000,25.969999,24.450001,25.889999,21.971888,7279800
2011-08-29,26.270000,26.570000,25.930000,26.410000,22.413191,6269300
2011-08-30,26.120001,26.680000,25.930000,26.500000,22.489567,9359300
2011-08-31,26.830000,27.290001,26.540001,26.920000,22.846012,8067400
2011-09-01,27.049999,27.469999,26.709999,26.780001,22.727198,6001500
2011-09-02,25.969999,26.150000,25.600000,25.780001,21.878532,5412500
2011-09-06,24.450001,25.080000,24.030001,25.049999,21.259010,10127700
2011-09-07,26.110001,26.540001,25.799999,26.510000,22.498056,7832800
2011-09-08,26.410000,26.719999,25.620001,25.799999,21.895508,6912500
2011-09-09,25.370001,25.430000,24.510000,24.820000,21.063818,11000200
2011-09-12,24.410000,24.889999,23.790001,24.389999,20.698881,10836200
2011-09-13,24.510000,25.040001,24.379999,24.580000,20.860138,14552200
2011-09-14,24.700001,24.950001,24.150000,24.629999,20.902575,12872300
2011-09-15,24.990000,25.740000,24.790001,25.690001,21.802153,6617400
2011-09-16,25.879999,25.920000,25.120001,25.330000,21.496639,8965800
2011-09-19,24.790001,25.410000,24.490000,25.170000,21.360853,7383100
2011-09-20,25.320000,25.570000,24.750000,24.770000,21.021385,4497100
2011-09-21,24.650000,24.990000,23.700001,23.730000,20.138771,8530800
2011-09-22,22.840000,22.879999,21.580000,22.049999,18.713026,12991500
2011-09-23,22.209999,22.559999,21.820000,22.059999,18.721508,7873100
2011-09-26,22.230000,23.270000,21.650000,23.230000,19.714443,10562700
2011-09-27,23.830000,24.280001,23.000000,23.160000,19.655041,8122900
2011-09-28,23.260000,23.400000,22.120001,22.150000,18.797888,6969300
2011-09-29,22.850000,22.950001,21.790001,22.320000,18.942162,8212300
2011-09-30,22.139999,22.200001,21.580000,21.580000,18.314152,9987700
2011-10-03,21.309999,21.410000,20.260000,20.270000,17.202404,10678100
2011-10-04,19.780001,21.110001,19.129999,21.090000,17.898310,13200000
2011-10-05,22.209999,22.750000,21.430000,22.639999,19.213734,11157600
2011-10-06,22.540001,23.219999,22.299999,23.200001,19.688986,9906000
2011-10-07,23.500000,23.580000,22.450001,22.530001,19.120384,7676400
2011-10-10,23.010000,23.950001,23.010000,23.900000,20.283047,5424900
2011-10-11,23.600000,24.090000,23.379999,23.549999,19.986019,8064300
2011-10-12,23.910000,23.940001,23.450001,23.490000,19.935097,8565200
2011-10-13,23.500000,23.770000,22.990000,23.650000,20.070885,6328200
2011-10-14,24.080000,24.549999,24.080000,24.549999,20.834675,5673300
2011-10-17,24.370001,24.469999,23.690001,23.840000,20.232128,6417900
2011-10-18,23.780001,25.000000,23.400000,24.840000,21.080799,6680500
2011-10-19,24.840000,25.100000,24.490000,24.650000,20.919546,7376800
2011-10-20,24.680000,24.940001,24.129999,24.840000,21.080799,5957300
2011-10-21,25.350000,26.010000,25.270000,25.809999,21.903994,7937500
2011-10-24,25.879999,26.330000,25.780001,26.260000,22.285894,9293200
2011-10-25,26.110001,26.150000,25.379999,25.740000,21.844589,6741300
2011-10-26,26.219999,26.480000,25.590000,26.340000,22.353786,5959400
2011-10-27,27.260000,28.049999,27.000000,27.760000,23.558893,7523300
2011-10-28,27.510000,28.129999,27.400000,27.969999,23.737103,6312300
2011-10-31,27.440001,27.510000,26.030001,26.030001,22.090702,10040700
2011-11-01,24.959999,25.770000,24.510000,25.379999,21.539072,12818700
2011-11-02,25.990000,26.250000,25.500000,26.010000,22.073723,9426100
2011-11-03,26.500000,26.900000,26.080000,26.740000,22.693253,7488200
2011-11-04,26.530001,27.200001,26.379999,27.030001,22.939367,7781600
2011-11-07,27.000000,27.620001,26.959999,27.520000,23.355209,7086900
2011-11-08,27.879999,28.290001,27.430000,28.260000,23.983219,8371900
2011-11-09,27.320000,27.670000,26.760000,26.860001,22.795097,8494000
2011-11-10,27.350000,27.680000,26.770000,27.330000,23.193966,6118700
2011-11-11,27.850000,28.490000,27.780001,28.330000,24.042629,6618200
2011-11-14,28.250000,28.340000,27.500000,27.670000,23.607506,5169400
2011-11-15,27.120001,27.980000,27.020000,27.760000,23.684298,6775300
2011-11-16,27.370001,28.370001,27.250000,27.629999,23.573376,8109700
2011-11-17,27.530001,27.559999,26.219999,26.459999,22.575159,9241500
2011-11-18,26.750000,26.870001,26.010000,26.129999,22.293613,7282600
2011-11-21,25.520000,26.410000,25.360001,26.299999,22.438644,8434800
2011-11-22,26.299999,26.440001,25.760000,26.010000,22.191223,6836200
2011-11-23,25.600000,25.620001,24.799999,24.840000,21.193001,6442600
2011-11-25,24.840000,25.120001,24.620001,24.660000,21.039429,2507100
2011-11-28,25.870001,26.280001,25.680000,25.980000,22.165630,7141500
2011-11-29,26.110001,26.709999,25.980000,26.520000,22.626341,6191700
2011-11-30,27.450001,28.100000,27.450001,27.959999,23.854925,7880300
2011-12-01,27.690001,28.260000,27.590000,27.719999,23.650160,5931400
2011-12-02,28.219999,28.250000,27.610001,27.770000,23.692818,6103900
2011-12-05,28.520000,28.850000,28.250000,28.530001,24.341236,8727400
2011-12-06,28.580000,28.730000,28.080000,28.480000,24.298582,6636900
2011-12-07,28.510000,28.629999,27.900000,28.410000,24.238853,6670500
2011-12-08,28.270000,28.309999,27.270000,27.360001,23.343023,7212400
2011-12-09,27.530001,28.420000,27.280001,28.330000,24.170603,6638900
2011-12-12,27.959999,28.000000,26.850000,27.320000,23.308895,5474400
2011-12-13,28.000000,28.530001,27.389999,27.639999,23.581905,8770100
2011-12-14,27.170000,27.360001,26.580000,26.990000,23.027346,6914000
2011-12-15,27.309999,27.610001,27.000000,27.080000,23.104124,8390300
2011-12-16,27.059999,27.420000,26.959999,27.379999,23.360079,8658100
2011-12-19,27.209999,27.330000,26.360001,26.450001,22.566626,6775500
2011-12-20,27.170000,27.660000,27.170000,27.500000,23.462461,6171200
2011-12-21,27.580000,28.250000,27.340000,28.139999,24.008497,7726400
2011-12-22,28.350000,28.990000,28.250000,28.879999,24.639853,8245700
2011-12-23,28.990000,29.219999,28.879999,29.219999,24.929934,3828200
2011-12-27,29.200001,29.490000,28.950001,29.340000,25.032316,3702800
2011-12-28,29.520000,29.520000,28.730000,28.830000,24.597193,4989500
2011-12-29,28.990000,29.350000,28.889999,29.299999,24.998190,3473900
2011-12-30,29.250000,29.820000,29.209999,29.270000,24.972591,5949900
2012-01-03,29.959999,31.110001,29.920000,30.959999,26.414467,10541900
2012-01-04,30.820000,31.209999,30.629999,31.030001,26.474194,6815300
2012-01-05,30.700001,31.309999,30.490000,31.260000,26.670424,7248500
2012-01-06,31.290001,31.299999,30.670000,30.690001,26.184111,6020500
2012-01-09,30.770000,30.850000,30.389999,30.639999,26.141453,6854200
2012-01-10,31.240000,31.379999,30.930000,31.080000,26.516848,7004900
2012-01-11,30.990000,31.090000,30.469999,30.580000,26.090258,5782200
2012-01-12,30.780001,30.959999,30.370001,30.650000,26.149984,10247600
2012-01-13,30.340000,30.540001,30.100000,30.469999,25.996408,6457300
2012-01-17,31.040001,31.080000,30.629999,30.940001,26.397402,7747500
2012-01-18,31.180000,32.000000,30.790001,31.900000,27.216457,10433000
2012-01-19,31.959999,32.169998,31.709999,31.969999,27.276176,5888900
2012-01-20,32.150002,32.279999,31.600000,32.040001,27.335909,6213100
2012-01-23,32.160000,32.410000,31.850000,32.230000,27.498011,6541200
2012-01-24,31.840000,32.250000,31.580000,32.189999,27.463875,4973300
2012-01-25,31.870001,32.650002,31.290001,32.570000,27.788088,6593400
2012-01-26,32.820000,32.880001,31.370001,31.540001,26.909313,7419000
2012-01-27,31.459999,31.580000,31.150000,31.240000,26.653357,6468600
2012-01-30,30.860001,31.059999,30.410000,30.959999,26.414467,7756600
2012-01-31,31.270000,31.530001,30.879999,31.389999,26.781334,11024400
2012-02-01,31.629999,32.639999,31.360001,31.580000,26.943439,10368900
2012-02-02,31.559999,32.180000,31.129999,31.430000,26.815456,6532000
2012-02-03,31.340000,32.369999,31.250000,32.299999,27.557728,7722000
2012-02-06,32.310001,32.900002,32.110001,32.900002,28.069641,6052200
2012-02-07,33.049999,33.270000,32.509998,33.160000,28.291464,6122000
2012-02-08,33.240002,33.500000,32.450001,32.689999,27.890472,7053100
2012-02-09,32.790001,32.900002,32.200001,32.599998,27.813681,7468400
2012-02-10,32.270000,33.160000,32.040001,33.150002,28.282936,9239000
2012-02-13,33.540001,33.560001,33.029999,33.240002,28.359722,4931700
2012-02-14,33.150002,33.200001,32.599998,32.970001,28.273962,6382600
2012-02-15,33.189999,33.209999,32.599998,32.650002,27.999544,7292500
2012-02-16,32.720001,33.750000,32.529999,33.590000,28.805653,6903700
2012-02-17,33.810001,34.000000,33.340000,33.770000,28.960018,5994700
2012-02-21,34.230000,34.790001,34.130001,34.560001,29.637491,7268600
2012-02-22,34.639999,34.950001,34.299999,34.389999,29.491701,5355400
2012-02-23,34.419998,34.990002,33.950001,34.840000,29.877611,5044700
2012-02-24,35.139999,35.400002,34.799999,35.009998,30.023396,5764500
2012-02-27,34.970001,35.220001,34.619999,35.029999,30.040545,5307200
2012-02-28,35.029999,35.490002,34.930000,35.060001,30.066278,8440500
2012-02-29,34.689999,34.889999,33.480000,33.889999,29.062922,11242600
2012-03-01,34.029999,34.459999,33.950001,34.259998,29.380224,5927900
2012-03-02,34.200001,34.270000,33.279999,33.520000,28.745628,6713700
2012-03-05,33.400002,33.540001,33.060001,33.459999,28.694170,5274800
2012-03-06,33.060001,33.060001,32.080002,32.419998,27.802301,7060800
2012-03-07,32.400002,33.080002,32.299999,32.970001,28.273962,6740000
2012-03-08,33.259998,33.619999,32.980000,33.529999,28.754200,5118500
2012-03-09,33.610001,33.950001,33.240002,33.340000,28.591269,4322100
2012-03-12,33.310001,33.740002,33.110001,33.669998,28.874258,5199700
2012-03-13,33.860001,34.029999,33.320000,33.990002,29.148685,4961800
2012-03-14,34.020000,34.349998,33.560001,33.669998,28.874258,4355100
2012-03-15,33.720001,33.820000,33.349998,33.650002,28.857113,3851000
2012-03-16,33.770000,34.650002,33.770000,34.610001,29.680380,6979600
2012-03-19,34.520000,34.700001,34.200001,34.490002,29.577465,4335300
2012-03-20,34.130001,34.130001,33.630001,33.820000,29.002888,4672600
2012-03-21,33.730000,33.750000,33.150002,33.240002,28.505507,5453300
2012-03-22,32.840000,32.849998,32.099998,32.220001,27.630789,5982100
2012-03-23,32.340000,32.680000,32.110001,32.459999,27.836599,5845100
2012-03-26,32.779999,32.860001,32.270000,32.509998,27.879482,5226200
2012-03-27,32.650002,32.810001,31.990000,32.040001,27.476427,6180200
2012-03-28,31.910000,32.150002,31.209999,31.670000,27.159126,7330300
2012-03-29,31.330000,31.790001,31.020000,31.750000,27.227732,4954700
2012-03-30,31.940001,32.000000,31.549999,31.700001,27.184860,5147300
2012-04-02,31.610001,32.439999,31.350000,32.230000,27.639368,4429600
2012-04-03,32.110001,32.320000,31.330000,31.650000,27.141973,5418600
2012-04-04,31.290001,31.510000,30.930000,30.940001,26.533104,7141600
2012-04-05,30.850000,31.020000,30.370001,30.540001,26.190079,6300000
2012-04-09,30.049999,30.490000,29.850000,30.139999,25.847046,5177900
2012-04-10,30.160000,30.230000,29.200001,29.250000,25.083817,7334900
2012-04-11,29.620001,29.620001,29.180000,29.230000,25.066668,6026600
2012-04-12,29.280001,30.400000,29.180000,30.340000,26.018559,7097400
2012-04-13,30.209999,30.260000,29.510000,29.700001,25.469723,6461100
2012-04-16,29.719999,29.920000,29.250000,29.480000,25.281059,5067400
2012-04-17,29.900000,30.080000,29.540001,29.540001,25.332510,5773700
2012-04-18,29.420000,29.680000,29.350000,29.510000,25.306789,5179300
2012-04-19,29.620001,29.830000,29.270000,29.410000,25.221027,4743700
2012-04-20,29.570000,29.840000,29.420000,29.469999,25.272484,4287800
2012-04-23,28.770000,29.469999,28.690001,29.389999,25.203875,6456900
2012-04-24,29.370001,29.629999,29.170000,29.389999,25.203875,4496600
2012-04-25,29.629999,29.780001,29.080000,29.290001,25.118118,6421500
2012-04-26,29.299999,29.959999,29.250000,29.900000,25.641232,4492300
2012-04-27,29.930000,29.980000,29.510000,29.709999,25.478296,4307100
2012-04-30,29.549999,29.620001,29.110001,29.340000,25.160995,7547900
2012-05-01,29.520000,30.540001,29.360001,30.190001,25.889927,6515000
2012-05-02,29.309999,29.680000,28.799999,28.879999,24.766514,10968200
2012-05-03,28.840000,28.870001,27.580000,27.650000,23.711708,10502800
2012-05-04,27.200001,27.320000,26.290001,26.799999,22.982779,10640300
2012-05-07,26.590000,26.900000,26.280001,26.320000,22.571152,11535600
2012-05-08,25.910000,26.290001,25.510000,26.170000,22.442513,12392600
2012-05-09,25.820000,26.590000,25.510000,26.440001,22.674055,10768200
2012-05-10,26.670000,27.260000,26.540001,26.980000,23.137138,11273900
2012-05-11,26.700001,26.830000,26.090000,26.180000,22.451088,8226900
2012-05-14,25.730000,25.750000,25.340000,25.450001,21.967714,7692400
2012-05-15,25.559999,25.620001,24.730000,24.809999,21.415277,7993900
2012-05-16,24.889999,25.510000,24.500000,24.510000,21.156326,7340500
2012-05-17,24.520000,24.719999,24.110001,24.160000,20.854225,6046800
2012-05-18,24.250000,24.410000,23.950001,24.129999,20.828321,8389500
2012-05-21,24.250000,24.540001,24.049999,24.520000,21.164959,9584700
2012-05-22,24.730000,25.100000,24.190001,24.330000,21.000961,7936600
2012-05-23,24.049999,24.590000,23.870001,24.520000,21.164959,5269300
2012-05-24,24.600000,24.879999,24.350000,24.879999,21.475702,9374600
2012-05-25,24.799999,25.440001,24.799999,25.290001,21.829603,8092800
2012-05-29,25.559999,25.820000,25.129999,25.520000,22.028131,8425000
2012-05-30,25.080000,25.090000,24.430000,24.860001,21.458441,8785900
2012-05-31,24.820000,25.100000,24.219999,24.910000,21.501598,8369400
2012-06-01,24.250000,24.350000,23.889999,23.889999,20.621166,9058000
2012-06-04,23.969999,24.080000,23.299999,23.840000,20.578009,11350200
2012-06-05,23.740000,24.230000,23.740000,23.990000,20.707478,7461600
2012-06-06,24.250000,25.010000,24.250000,24.959999,21.544764,8701100
2012-06-07,25.430000,25.730000,24.990000,25.000000,21.579285,9683800
2012-06-08,24.809999,25.070000,24.600000,25.030001,21.605179,4153100
2012-06-11,25.320000,25.450001,24.389999,24.420000,21.078644,5456500
2012-06-12,24.660000,24.959999,24.490000,24.760000,21.372129,7616100
2012-06-13,24.590000,25.010000,24.340000,24.469999,21.121809,5425300
2012-06-14,24.510000,24.820000,24.320000,24.610001,21.242647,5729500
2012-06-15,24.780001,24.889999,24.610001,24.870001,21.467073,7644400
2012-06-18,24.650000,24.690001,24.139999,24.209999,20.897375,8292200
2012-06-19,24.490000,24.920000,24.370001,24.809999,21.415277,6853800
2012-06-20,24.850000,25.150000,24.490000,24.690001,21.311705,8350200
2012-06-21,24.750000,24.799999,23.290001,23.320000,20.129156,8355200
2012-06-22,23.510000,23.889999,23.170000,23.740000,20.491690,9713000
2012-06-25,23.400000,23.709999,23.250000,23.690001,20.448532,7879500
2012-06-26,23.639999,24.100000,23.500000,24.000000,20.716110,6819500
2012-06-27,24.219999,24.520000,24.040001,24.400000,21.061380,5650100
2012-06-28,24.230000,24.700001,24.080000,24.660000,21.285805,6450900
2012-06-29,25.270000,25.590000,25.270000,25.570000,22.071289,8551000
2012-07-02,25.559999,25.650000,25.139999,25.299999,21.838232,6282200
2012-07-03,25.440001,26.049999,25.440001,26.010000,22.451088,3615100
2012-07-05,25.799999,25.940001,25.410000,25.469999,21.984980,5244900
2012-07-06,25.030001,25.219999,24.799999,24.959999,21.544764,4813900
2012-07-09,24.879999,24.900000,24.299999,24.549999,21.190861,7059600
2012-07-10,24.660000,24.830000,23.930000,24.090000,20.793802,5785400
2012-07-11,24.170000,24.950001,24.170000,24.639999,21.268543,8095800
2012-07-12,24.299999,24.459999,24.010000,24.270000,20.949169,7838100
2012-07-13,24.379999,24.950001,24.360001,24.870001,21.467073,5670600
2012-07-16,25.040001,25.660000,24.850000,25.580000,22.079926,8708300
2012-07-17,25.590000,26.059999,25.370001,26.010000,22.451088,8750700
2012-07-18,25.900000,26.709999,25.770000,26.580000,22.943096,9242900
2012-07-19,26.910000,27.000000,26.639999,26.750000,23.089838,10179200
2012-07-20,26.490000,26.690001,26.320000,26.540001,22.908573,7078800
2012-07-23,25.959999,26.000000,25.590000,25.950001,22.399292,6510000
2012-07-24,25.920000,26.059999,25.040001,25.420000,21.941814,5874500
2012-07-25,25.559999,25.639999,25.049999,25.340000,21.872761,7025500
2012-07-26,25.770000,26.360001,25.770000,26.299999,22.701412,7354900
2012-07-27,26.379999,27.190001,26.200001,27.030001,23.331522,8175300
2012-07-30,26.990000,27.110001,26.680000,26.900000,23.219307,4429200
2012-07-31,26.799999,27.080000,26.469999,26.469999,22.848146,6760900
2012-08-01,26.790001,27.040001,26.010000,26.520000,22.891304,12264800
2012-08-02,26.350000,26.500000,25.510000,25.730000,22.209400,8623000
2012-08-03,26.309999,26.969999,26.250000,26.719999,23.063938,7088300
2012-08-06,26.709999,26.790001,26.469999,26.709999,23.055305,7717300
2012-08-07,26.950001,27.530001,26.900000,27.400000,23.650894,7238600
2012-08-08,27.200001,27.639999,27.110001,27.580000,23.806267,6503700
2012-08-09,27.549999,27.790001,27.240000,27.590000,23.814899,5359600
2012-08-10,27.360001,27.920000,27.330000,27.900000,24.082479,6052300
2012-08-13,27.920000,27.950001,27.400000,27.549999,23.780369,4284900
2012-08-14,27.580000,27.750000,27.260000,27.379999,23.780369,4695800
2012-08-15,27.250000,27.530001,27.129999,27.480000,23.867229,4991600
2012-08-16,27.440001,27.650000,27.200001,27.360001,23.763000,8132700
2012-08-17,27.299999,27.440001,27.000000,27.100000,23.537182,5006800
2012-08-20,27.080000,27.260000,27.000000,27.160000,23.589293,5129100
2012-08-21,27.330000,27.549999,26.950001,27.020000,23.467705,6660200
2012-08-22,26.879999,27.709999,26.830000,27.680000,24.040934,9489900
2012-08-23,27.660000,28.040001,27.559999,27.700001,24.058302,8661100
2012-08-24,27.570000,27.930000,27.270000,27.840000,24.179893,5726600
2012-08-27,27.860001,28.000000,27.530001,27.620001,23.988817,5623200
2012-08-28,27.549999,28.030001,27.360001,27.959999,24.284121,6715800
2012-08-29,27.959999,27.990000,27.510000,27.670000,24.032248,5670400
2012-08-30,27.530001,27.580000,27.170000,27.260000,23.676146,4634600
2012-08-31,27.500000,27.950001,27.360001,27.820000,24.162529,5762100
2012-09-04,27.750000,27.799999,27.150000,27.450001,23.841171,3880700
2012-09-05,27.530001,27.620001,27.080000,27.180000,23.606665,4666700
2012-09-06,27.469999,28.500000,27.430000,28.280001,24.562046,10527400
2012-09-07,28.340000,28.629999,28.299999,28.610001,24.848661,6541600
2012-09-10,28.650000,28.809999,28.459999,28.469999,24.727066,5914600
2012-09-11,28.809999,29.450001,28.719999,29.219999,25.378468,7840600
2012-09-12,29.280001,29.299999,28.920000,29.059999,25.239500,5813900
2012-09-13,29.129999,29.889999,28.830000,29.850000,25.925646,7928200
2012-09-14,30.020000,31.190001,29.990000,31.090000,27.002617,11525200
2012-09-17,31.020000,31.209999,30.639999,30.799999,26.750746,8415100
2012-09-18,30.700001,30.730000,30.110001,30.309999,26.325167,8092300
2012-09-19,30.889999,30.900000,30.059999,30.400000,26.403332,12119600
2012-09-20,30.129999,30.559999,30.010000,30.389999,26.394650,6283900
2012-09-21,30.760000,30.809999,30.620001,30.780001,26.733377,8161800
2012-09-24,30.400000,30.520000,30.280001,30.340000,26.351219,5840300
2012-09-25,30.520000,30.620001,30.020000,30.030001,26.081978,9664700
2012-09-26,29.760000,29.799999,29.370001,29.570000,25.682455,7634100
2012-09-27,29.809999,30.059999,29.650000,30.020000,26.073290,5984000
2012-09-28,29.790001,29.799999,29.370001,29.570000,25.682455,6749900
2012-10-01,29.709999,30.070000,29.629999,29.850000,25.925646,8022400
2012-10-02,29.990000,30.010000,29.670000,29.879999,25.951700,5511900
2012-10-03,29.920000,30.120001,29.270000,29.410000,25.543488,4918000
2012-10-04,29.629999,30.020000,29.520000,29.840000,25.916956,7599200
2012-10-05,29.959999,30.030001,29.450001,29.540001,25.656399,5320700
2012-10-08,29.340000,29.660000,29.250000,29.600000,25.708508,3706100
2012-10-09,29.660000,29.889999,29.500000,29.600000,25.708508,6955100
2012-10-10,29.510000,29.840000,29.299999,29.559999,25.673763,7178600
2012-10-11,29.809999,29.930000,29.299999,29.299999,25.447948,6259500
2012-10-12,29.360001,29.530001,29.160000,29.379999,25.517429,4633400
2012-10-15,29.160000,29.950001,29.120001,29.870001,25.943014,6589500
2012-10-16,30.090000,30.670000,29.940001,30.639999,26.611782,5959500
2012-10-17,30.840000,31.389999,30.680000,31.330000,27.211069,6527500
2012-10-18,31.070000,31.590000,31.070000,31.230000,27.124208,8884900
2012-10-19,31.139999,31.309999,30.530001,30.590000,26.568350,6051800
2012-10-22,30.459999,30.600000,29.660000,30.090000,26.134090,6093200
2012-10-23,29.360001,29.670000,28.629999,29.559999,25.673763,12233000
2012-10-24,29.910000,30.389999,29.480000,29.860001,25.934330,9209400
2012-10-25,30.160000,30.299999,29.850000,30.200001,26.229630,4818100
2012-10-26,30.070000,30.340000,29.799999,29.910000,25.977751,3500800
2012-10-31,30.020000,30.250000,29.860001,30.059999,26.108027,3899800
2012-11-01,30.059999,30.400000,30.049999,30.370001,26.377274,4293400
2012-11-02,30.250000,30.590000,29.820000,29.950001,26.012497,4909200
2012-11-05,29.510000,30.600000,29.230000,30.510000,26.498873,6560500
2012-11-06,30.660000,31.809999,30.510000,31.209999,27.106842,11304500
2012-11-07,31.120001,31.389999,29.920000,29.959999,26.021181,12033100
2012-11-08,30.100000,30.200001,29.700001,29.860001,25.934330,9158300
2012-11-09,29.889999,30.639999,29.709999,30.440001,26.438076,9850300
2012-11-12,30.459999,30.580000,30.200001,30.230000,26.255682,5584200
2012-11-13,29.950001,30.490000,29.830000,30.160000,26.194883,6680600
2012-11-14,30.160000,30.410000,29.980000,30.049999,26.099350,8373200
2012-11-15,30.020000,30.730000,29.959999,30.530001,26.516247,10562400
2012-11-16,30.549999,30.920000,30.180000,30.860001,26.802855,10504500
2012-11-19,31.100000,31.559999,31.090000,31.129999,27.187128,11473000
2012-11-20,31.129999,31.520000,30.820000,31.500000,27.510267,7900400
2012-11-21,31.610001,31.670000,31.379999,31.500000,27.510267,4021000
2012-11-23,31.660000,31.930000,31.639999,31.930000,27.885798,2364700
2012-11-26,31.490000,31.690001,30.959999,31.000000,27.073591,8155900
2012-11-27,30.900000,31.150000,30.719999,31.040001,27.108530,9302800
2012-11-28,30.750000,31.129999,30.400000,31.070000,27.134727,5777900
2012-11-29,31.250000,31.450001,30.590000,30.690001,26.802862,6336800
2012-11-30,30.770000,30.980000,30.620001,30.850000,26.942589,4655500
2012-12-03,31.040001,31.190001,30.719999,30.799999,26.898926,6106700
2012-12-04,30.610001,30.770000,30.030001,30.040001,26.235182,7191800
2012-12-05,30.020000,30.770000,30.010000,30.469999,26.610723,5525400
2012-12-06,30.410000,30.730000,30.200001,30.719999,26.829056,4378500
2012-12-07,30.900000,30.969999,30.549999,30.920000,27.003723,3649500
2012-12-10,30.920000,30.959999,29.730000,30.360001,26.514654,12293600
2012-12-11,30.469999,30.510000,30.129999,30.219999,26.392389,6737000
2012-12-12,30.389999,30.790001,30.129999,30.510000,26.645658,7072800
2012-12-13,30.480000,30.490000,30.110001,30.190001,26.366184,4412900
2012-12-14,30.600000,30.900000,30.379999,30.820000,26.916389,4604700
2012-12-17,30.860001,30.990000,30.559999,30.700001,26.811592,5525500
2012-12-18,30.680000,31.340000,30.600000,31.280001,27.318123,6184500
2012-12-19,31.200001,31.559999,31.100000,31.230000,27.274454,3692600
2012-12-20,31.230000,31.469999,31.120001,31.459999,27.475328,3620000
2012-12-21,31.049999,31.270000,30.790001,31.049999,27.117256,5595600
2012-12-24,30.920000,31.000000,30.570000,30.690001,26.802862,1720400
2012-12-26,30.860001,31.000000,30.400000,30.469999,26.610723,2847800
2012-12-27,30.450001,30.510000,29.879999,30.320000,26.479723,3537900
2012-12-28,30.049999,30.080000,29.750000,29.809999,26.034309,3434100
2012-12-31,29.690001,30.690001,29.600000,30.660000,26.776657,5021900
2013-01-02,31.430000,31.650000,31.030001,31.650000,27.641266,5297800
2013-01-03,31.559999,31.930000,31.370001,31.590000,27.588863,3656200
2013-01-04,31.520000,32.009998,31.520000,32.009998,27.955664,3450400
2013-01-07,31.809999,32.099998,31.639999,31.850000,27.815931,4781000
2013-01-08,31.770000,32.000000,31.500000,31.940001,27.894535,3447900
2013-01-09,32.000000,32.070000,31.480000,31.650000,27.641266,3178100
2013-01-10,31.870001,32.389999,31.850000,32.279999,28.191471,4423900
2013-01-11,32.290001,32.459999,31.889999,32.150002,28.077936,3337200
2013-01-14,32.099998,32.259998,31.809999,32.060001,27.999338,3304000
2013-01-15,31.820000,32.060001,31.600000,31.930000,27.885798,4484800
2013-01-16,31.850000,32.380001,31.570000,32.320000,28.226400,5637400
2013-01-17,32.520000,33.360001,32.419998,33.160000,28.960009,7178500
2013-01-18,32.939999,33.330002,32.700001,33.080002,28.890150,5106900
2013-01-22,33.099998,33.549999,32.799999,33.540001,29.291882,5088700
2013-01-23,33.459999,33.770000,33.330002,33.660000,29.396673,4656600
2013-01-24,33.730000,34.250000,33.660000,33.770000,29.492744,5171600
2013-01-25,33.889999,34.049999,33.590000,33.779999,29.501484,4061200
2013-01-28,33.959999,33.959999,33.189999,33.520000,29.274416,3983800
2013-01-29,33.580002,34.000000,33.380001,33.930000,29.632481,4309100
2013-01-30,33.970001,34.200001,33.470001,33.549999,29.300621,4464800
2013-01-31,33.410000,33.790001,33.119999,33.610001,29.353008,4848800
2013-02-01,33.889999,34.240002,33.610001,34.209999,29.877022,5309500
2013-02-04,33.970001,34.259998,33.750000,34.169998,29.842079,4646900
2013-02-05,34.330002,34.720001,34.209999,34.720001,30.322432,7007700
2013-02-06,33.880001,34.450001,33.750000,34.400002,30.042961,9432600
2013-02-07,34.200001,34.490002,33.480000,34.000000,29.693617,4926800
2013-02-08,34.110001,34.529999,34.040001,34.529999,30.156492,5659800
2013-02-11,34.570000,34.730000,34.169998,34.310001,29.964352,4660000
2013-02-12,34.369999,34.680000,34.169998,34.610001,30.226366,5129800
2013-02-13,34.669998,35.000000,34.660000,34.959999,30.532032,5093200
2013-02-14,34.849998,35.419998,34.779999,35.340000,30.863894,5101600
2013-02-15,35.220001,35.369999,34.169998,34.660000,30.416336,7522800
2013-02-19,34.980000,35.860001,34.930000,35.709999,31.337780,8169400
2013-02-20,35.669998,35.720001,34.540001,34.570000,30.337360,5735100
2013-02-21,34.459999,34.560001,33.910000,34.380001,30.170614,7724900
2013-02-22,34.509998,34.869999,34.150002,34.709999,30.460224,5303100
2013-02-25,34.939999,34.959999,32.939999,32.939999,28.906931,8732100
2013-02-26,33.060001,33.169998,32.200001,32.860001,28.836731,7125800
2013-02-27,32.840000,33.549999,32.799999,33.419998,29.328154,4463200
2013-02-28,33.470001,33.919998,33.369999,33.500000,29.398357,4417100
2013-03-01,33.299999,33.330002,32.580002,32.889999,28.863050,6030100
2013-03-04,32.750000,32.790001,32.150002,32.369999,28.406719,5221400
2013-03-05,32.459999,32.759998,32.090000,32.540001,28.555902,5021300
2013-03-06,32.740002,32.880001,32.500000,32.750000,28.740187,3847200
2013-03-07,32.849998,33.439999,32.720001,33.340000,29.257956,5377900
2013-03-08,33.610001,33.759998,33.410000,33.509998,29.407137,5065200
2013-03-11,33.349998,33.820000,33.180000,33.720001,29.591431,3193000
2013-03-12,33.709999,34.150002,33.560001,34.070000,29.898584,3688700
2013-03-13,34.060001,34.419998,33.990002,34.369999,30.161844,3746800
2013-03-14,34.490002,34.849998,34.450001,34.759998,30.504087,3866300
2013-03-15,34.610001,35.250000,34.580002,35.070000,30.776131,5770100
2013-03-18,34.619999,35.270000,34.490002,34.980000,30.697159,4470000
2013-03-19,34.869999,35.020000,33.709999,33.959999,29.802042,7438000
2013-03-20,34.450001,34.720001,34.119999,34.599998,30.363682,5669400
2013-03-21,34.430000,34.660000,34.150002,34.150002,29.968786,3847000
2013-03-22,34.330002,34.439999,34.049999,34.160000,29.977549,3475700
2013-03-25,34.369999,34.430000,33.570000,33.720001,29.591431,5087000
2013-03-26,33.959999,34.230000,33.880001,34.070000,29.898584,3598900
2013-03-27,33.930000,34.099998,33.500000,34.009998,29.845911,3431400
2013-03-28,33.959999,34.160000,33.650002,33.720001,29.591431,4425500
2013-04-01,33.820000,33.900002,33.380001,33.599998,29.486116,2652200
2013-04-02,33.639999,33.900002,33.419998,33.570000,29.459795,3475100
2013-04-03,33.869999,33.950001,33.070000,33.189999,29.126320,5922700
2013-04-04,33.110001,33.150002,32.419998,32.689999,28.687540,5019200
2013-04-05,32.099998,32.689999,31.840000,32.480000,28.503250,4739600
2013-04-08,32.500000,32.939999,32.419998,32.840000,28.819170,3224800
2013-04-09,32.970001,33.599998,32.810001,33.470001,29.372038,3180200
2013-04-10,33.540001,33.990002,33.480000,33.910000,29.758165,4784800
2013-04-11,33.980000,34.119999,33.740002,33.799999,29.661640,4023000
2013-04-12,33.500000,33.570000,32.250000,32.540001,28.555902,6103000
2013-04-15,32.099998,32.099998,30.620001,30.620001,26.870985,7584800
2013-04-16,31.100000,31.330000,30.530001,31.059999,27.257105,5592600
2013-04-17,30.709999,30.760000,29.700001,29.990000,26.318117,6266100
2013-04-18,30.170000,30.540001,29.740000,30.110001,26.423426,5149800
2013-04-19,30.190001,30.420000,29.700001,29.850000,26.195263,5002000
2013-04-22,29.870001,30.540001,29.469999,30.400000,26.677917,5114800
2013-04-23,30.500000,30.940001,30.209999,30.690001,26.932417,6127800
2013-04-24,30.809999,31.469999,30.760000,31.370001,27.529156,5492200
2013-04-25,31.510000,32.480000,31.350000,31.870001,27.967941,6809700
2013-04-26,31.809999,32.020000,31.330000,31.719999,27.836302,4694900
2013-04-29,32.259998,32.639999,31.860001,32.599998,28.608557,4865300
2013-04-30,32.560001,32.779999,32.290001,32.669998,28.669992,4788400
2013-05-01,32.299999,32.310001,31.780001,31.889999,27.985487,5256900
2013-05-02,31.969999,32.549999,31.809999,32.459999,28.485693,4213500
2013-05-03,32.759998,33.599998,32.750000,33.529999,29.424692,6622100
2013-05-06,33.470001,33.830002,33.180000,33.580002,29.468567,4711200
2013-05-07,33.959999,34.360001,33.660000,34.330002,30.126743,6090900
2013-05-08,34.680000,34.959999,34.099998,34.720001,30.469000,7150300
2013-05-09,34.730000,35.000000,34.049999,34.779999,30.521646,5648000
2013-05-10,34.650002,34.650002,33.939999,34.349998,30.144293,5640000
2013-05-13,34.189999,34.560001,34.099998,34.459999,30.240822,5412900
2013-05-14,34.349998,35.430000,34.349998,35.380001,31.202112,5887100
2013-05-15,35.189999,35.189999,34.459999,35.000000,30.866985,4831600
2013-05-16,34.900002,35.470001,34.849998,35.150002,30.999287,5597100
2013-05-17,35.310001,36.240002,35.299999,36.150002,31.881187,5202200
2013-05-20,36.110001,36.680000,36.080002,36.380001,32.084023,5169600
2013-05-21,36.340000,36.619999,35.869999,36.090000,31.828268,4558700
2013-05-22,36.029999,36.459999,35.130001,35.389999,31.210934,6154800
2013-05-23,34.860001,35.410000,34.610001,35.230000,31.069813,5937800
2013-05-24,34.860001,35.160000,34.660000,35.150002,30.999287,3220200
2013-05-28,35.630001,35.770000,35.200001,35.480000,31.290298,3764200
2013-05-29,35.230000,35.639999,35.020000,35.459999,31.272661,3819800
2013-05-30,35.380001,35.439999,34.950001,35.150002,30.999287,5438900
2013-05-31,35.040001,35.200001,34.389999,34.389999,30.329021,4498400
2013-06-03,34.610001,35.480000,34.490002,35.459999,31.272661,5385600
2013-06-04,35.340000,35.500000,34.580002,34.939999,30.814068,5578300
2013-06-05,34.880001,34.910000,34.029999,34.049999,30.029167,4579500
2013-06-06,34.139999,34.630001,33.840000,34.630001,30.540678,3286000
2013-06-07,34.849998,35.230000,34.549999,34.730000,30.628866,3967000
2013-06-10,35.080002,35.119999,34.599998,34.709999,30.611225,4468100
2013-06-11,34.230000,34.459999,33.910000,34.029999,30.011530,2389000
2013-06-12,34.430000,34.430000,33.360001,33.400002,29.455923,4696700
2013-06-13,33.380001,34.500000,33.349998,34.369999,30.311377,5526300
2013-06-14,34.290001,34.570000,34.060001,34.380001,30.320206,3994800
2013-06-17,34.709999,35.220001,34.580002,34.990002,30.858162,4741200
2013-06-18,35.119999,36.169998,35.000000,36.049999,31.792994,7573200
2013-06-19,36.000000,36.470001,35.669998,35.669998,31.457867,5436900
2013-06-20,35.169998,35.259998,34.150002,34.290001,30.240822,5948700
2013-06-21,34.500000,34.669998,33.810001,34.270000,30.223185,7452100
2013-06-24,33.779999,34.200001,33.150002,33.709999,29.729315,6642300
2013-06-25,34.240002,35.070000,34.119999,35.009998,30.875797,6889600
2013-06-26,35.270000,35.759998,34.980000,35.360001,31.184471,5464400
2013-06-27,35.570000,35.799999,34.919998,35.119999,30.972807,5077900
2013-06-28,35.000000,35.310001,34.560001,34.580002,30.496584,4406800
2013-07-01,34.709999,35.450001,34.689999,34.830002,30.717052,4231600
2013-07-02,34.810001,35.310001,34.490002,34.599998,30.514214,4433800
2013-07-03,34.570000,35.320000,34.400002,35.169998,31.016914,2569200
2013-07-05,35.279999,35.639999,35.119999,35.619999,31.413780,2586400
2013-07-08,35.790001,36.340000,35.750000,35.830002,31.598976,3930100
2013-07-09,36.119999,36.450001,35.930000,36.369999,32.075207,3859400
2013-07-10,36.410000,36.520000,35.950001,36.240002,31.960560,3433800
2013-07-11,36.790001,36.910000,36.330002,36.619999,32.295677,2831300
2013-07-12,36.560001,36.849998,36.360001,36.840000,32.489708,3726500
2013-07-15,36.810001,36.840000,36.450001,36.570000,32.251587,3711100
2013-07-16,36.599998,36.700001,35.919998,36.189999,31.916464,3873500
2013-07-17,36.500000,36.700001,36.410000,36.549999,32.233948,2495400
2013-07-18,36.660000,36.990002,36.599998,36.750000,32.410320,3671100
2013-07-19,36.939999,37.500000,36.799999,37.480000,33.054131,4283200
2013-07-22,37.529999,37.720001,37.180000,37.230000,32.833652,2546400
2013-07-23,37.290001,37.770000,37.189999,37.730000,33.274609,3996300
2013-07-24,37.509998,37.570000,36.540001,36.810001,32.463249,4086200
2013-07-25,36.680000,37.209999,36.520000,36.799999,32.454418,3609700
2013-07-26,36.580002,36.759998,36.250000,36.410000,32.110477,3435300
2013-07-29,36.310001,36.400002,35.770000,36.180000,31.907640,2973400
2013-07-30,36.250000,36.389999,35.619999,36.279999,31.995829,4256200
2013-07-31,36.439999,36.750000,36.259998,36.360001,32.066383,3553300
2013-08-01,36.759998,37.590000,36.759998,37.520000,33.089397,3923800
2013-08-02,37.290001,37.590000,37.070000,37.560001,33.124687,2934800
2013-08-05,37.509998,37.869999,37.400002,37.830002,33.362793,3470500
2013-08-06,37.750000,37.849998,36.590000,36.880001,32.524982,5606800
2013-08-07,34.220001,35.599998,33.660000,35.130001,30.981640,10446100
2013-08-08,35.299999,35.369999,34.430000,34.669998,30.575953,7464400
2013-08-09,33.970001,34.799999,33.910000,34.549999,30.470119,9488700
2013-08-12,34.189999,34.799999,34.009998,34.650002,30.558313,6153800
2013-08-13,34.700001,34.709999,34.130001,34.360001,30.302553,8564000
2013-08-14,34.340000,34.759998,34.340000,34.599998,30.514214,5423500
2013-08-15,34.419998,34.840000,34.160000,34.650002,30.558313,4428600
2013-08-16,34.459999,34.639999,34.119999,34.259998,30.214367,5118200
2013-08-19,34.000000,34.000000,32.570000,32.610001,28.919594,8567400
2013-08-20,32.650002,33.590000,32.540001,33.250000,29.487164,5812300
2013-08-21,33.150002,33.240002,32.730000,32.799999,29.088093,4853600
2013-08-22,33.419998,33.700001,33.200001,33.470001,29.682266,4987700
2013-08-23,33.459999,33.610001,33.180000,33.380001,29.602455,4325000
2013-08-26,33.410000,33.549999,33.150002,33.320000,29.549246,3570300
2013-08-27,32.830002,33.750000,32.830002,33.380001,29.602455,6813100
2013-08-28,33.590000,34.880001,33.560001,34.599998,30.684385,7136400
2013-08-29,34.480000,34.889999,34.349998,34.540001,30.631180,6002100
2013-08-30,34.630001,34.750000,34.299999,34.430000,30.533627,6070200
2013-09-03,34.860001,35.250000,34.770000,35.169998,31.189890,5976000
2013-09-04,35.200001,35.820000,35.150002,35.500000,31.482538,7033500
2013-09-05,35.599998,36.119999,35.529999,35.889999,31.828396,6788400
2013-09-06,35.980000,36.139999,35.380001,35.689999,31.651039,8676600
2013-09-09,35.860001,36.400002,35.840000,36.240002,32.138798,6572200
2013-09-10,36.470001,36.470001,35.490002,35.770000,31.721977,10855900
2013-09-11,35.770000,36.630001,35.759998,36.490002,32.360497,6645800
2013-09-12,36.430000,36.669998,35.919998,35.980000,31.908226,6046900
2013-09-13,36.169998,36.349998,35.490002,35.570000,31.544611,5156200
2013-09-16,35.880001,35.959999,35.340000,35.459999,31.447062,5071000
2013-09-17,35.450001,36.049999,35.410000,35.930000,31.863878,4702000
2013-09-18,35.910000,36.419998,35.580002,36.400002,32.280685,7006600
2013-09-19,36.439999,36.500000,36.040001,36.419998,32.298420,5611400
2013-09-20,36.509998,36.529999,35.770000,35.900002,31.837271,7792200
2013-09-23,35.650002,35.799999,35.439999,35.549999,31.526876,4038500
2013-09-24,35.610001,35.799999,35.340000,35.570000,31.544611,5140700
2013-09-25,35.650002,35.740002,35.430000,35.459999,31.447062,5683300
2013-09-26,35.779999,35.790001,34.919998,35.279999,31.287430,4004900
2013-09-27,34.830002,35.160000,34.639999,34.900002,30.950439,3614000
2013-09-30,34.770000,35.189999,34.470001,34.880001,30.932699,5396400
2013-10-01,34.950001,35.290001,34.820000,35.040001,31.074596,5352500
2013-10-02,34.830002,34.889999,34.259998,34.599998,30.684385,6529400
2013-10-03,34.439999,34.520000,33.990002,34.060001,30.205496,5904400
2013-10-04,34.000000,34.930000,33.930000,34.790001,30.852896,6948400
2013-10-07,34.369999,35.189999,34.209999,34.720001,30.790806,5566400
2013-10-08,34.610001,34.770000,34.160000,34.160000,30.294184,3562200
2013-10-09,34.119999,34.380001,33.820000,34.209999,30.338526,3705100
2013-10-10,34.540001,35.090000,34.450001,35.060001,31.092323,3585500
2013-10-11,34.880001,35.250000,34.700001,34.860001,30.914965,4119900
2013-10-14,34.580002,34.990002,34.410000,34.830002,30.888355,4712300
2013-10-15,34.779999,35.020000,34.490002,34.709999,30.781937,3728800
2013-10-16,35.049999,35.369999,34.650002,34.869999,30.923828,4653600
2013-10-17,34.740002,34.919998,34.439999,34.900002,30.950439,5141700
2013-10-18,35.230000,35.360001,34.959999,35.279999,31.287430,5680700
2013-10-21,35.090000,35.400002,34.740002,35.009998,31.047985,4596000
2013-10-22,35.130001,35.650002,35.029999,35.330002,31.331783,7375700
2013-10-23,35.119999,35.139999,34.470001,34.849998,30.906097,4512700
2013-10-24,34.840000,35.689999,34.700001,35.599998,31.571213,4363200
2013-10-25,35.660000,35.740002,35.250000,35.590000,31.562351,4074800
2013-10-28,35.630001,36.220001,35.459999,36.070000,31.988020,5993900
2013-10-29,36.139999,36.369999,35.779999,35.990002,31.917093,4356400
2013-10-30,36.000000,36.250000,35.340000,35.759998,31.713116,3656500
2013-10-31,35.799999,35.799999,35.110001,35.259998,31.269697,4233000
2013-11-01,35.340000,35.450001,34.900002,35.270000,31.278568,6002000
2013-11-04,35.360001,35.560001,34.959999,35.500000,31.482538,6889600
2013-11-05,35.560001,36.340000,35.389999,35.669998,31.633301,7771900
2013-11-06,35.950001,36.540001,35.950001,36.450001,32.325039,7714000
2013-11-07,36.520000,36.660000,35.520000,35.730000,31.686508,8826400
2013-11-08,35.750000,36.419998,35.750000,36.389999,32.271812,5570400
2013-11-11,36.450001,36.570000,36.160000,36.290001,32.183136,3278400
2013-11-12,36.060001,36.320000,35.700001,35.820000,31.766319,5102200
2013-11-13,35.580002,36.160000,35.529999,36.150002,32.058983,4378100
2013-11-14,36.189999,36.529999,36.049999,36.430000,32.307289,4325200
2013-11-15,36.520000,36.750000,36.299999,36.730000,32.573341,3929600
2013-11-18,36.160000,37.150002,36.160000,36.509998,32.546593,6730800
2013-11-19,36.529999,37.139999,36.270000,36.930000,32.921009,6106500
2013-11-20,37.189999,37.540001,37.080002,37.259998,33.215179,5608500
2013-11-21,37.209999,38.180000,37.200001,37.930000,33.812450,5761600
2013-11-22,38.049999,38.090000,37.419998,37.610001,33.527187,4534900
2013-11-25,37.549999,37.549999,36.560001,36.950001,32.938835,4905800
2013-11-26,37.020000,37.230000,36.779999,36.779999,32.787289,4725300
2013-11-27,36.689999,36.919998,36.119999,36.230000,32.296997,5136100
2013-11-29,36.250000,36.689999,36.020000,36.040001,32.127628,2570000
2013-12-02,36.020000,37.000000,35.869999,36.459999,32.502033,4867700
2013-12-03,36.410000,36.529999,36.099998,36.220001,32.288078,5150500
2013-12-04,36.240002,36.950001,36.080002,36.740002,32.751633,5978900
2013-12-05,36.680000,36.730000,36.009998,36.310001,32.368320,6858800
2013-12-06,36.650002,36.820000,36.299999,36.560001,32.591167,6198500
2013-12-09,36.549999,36.770000,35.990002,36.410000,32.457447,5827100
2013-12-10,36.400002,36.480000,35.860001,36.099998,32.181110,5759400
2013-12-11,36.470001,36.470001,35.480000,35.689999,31.815617,9421400
2013-12-12,35.650002,36.369999,35.610001,36.180000,32.252430,6731300
2013-12-13,36.150002,36.240002,35.740002,35.799999,31.913673,5182500
2013-12-16,35.840000,36.070000,35.459999,35.590000,31.726469,5292100
2013-12-17,35.520000,35.570000,34.830002,34.849998,31.066799,6098200
2013-12-18,35.009998,35.009998,34.169998,34.720001,30.950909,10090300
2013-12-19,34.470001,35.000000,34.419998,34.910000,31.120289,8160900
2013-12-20,35.020000,35.480000,34.900002,35.160000,31.343145,9070400
2013-12-23,35.360001,35.590000,35.150002,35.180000,31.360979,3503100
2013-12-24,35.150002,35.290001,35.099998,35.250000,31.423391,1806400
2013-12-26,35.340000,35.360001,35.169998,35.279999,31.450117,1974000
2013-12-27,35.360001,35.660000,35.169998,35.630001,31.762121,2558700
2013-12-30,35.700001,35.770000,34.980000,35.200001,31.378811,3403700
2013-12-31,35.279999,35.470001,35.040001,35.299999,31.467953,3072000
2014-01-02,35.250000,35.330002,34.720001,34.910000,31.120289,3675600
2014-01-03,34.849998,35.040001,34.430000,34.520000,30.772629,3491800
2014-01-06,34.619999,34.779999,34.400002,34.430000,30.692392,4318400
2014-01-07,34.450001,34.889999,34.270000,34.880001,31.093542,3868600
2014-01-08,34.720001,34.750000,34.080002,34.400002,30.665655,5510000
2014-01-09,34.389999,34.930000,34.180000,34.500000,30.754795,4373200
2014-01-10,34.540001,34.680000,34.270000,34.639999,30.879601,5967000
2014-01-13,34.669998,34.740002,34.020000,34.110001,30.407139,4569800
2014-01-14,34.189999,34.599998,34.000000,34.560001,30.808289,5981600
2014-01-15,34.560001,34.700001,34.000000,34.009998,30.317982,6921000
2014-01-16,34.009998,34.299999,33.980000,34.169998,30.460632,3725200
2014-01-17,34.340000,34.400002,33.950001,33.959999,30.273420,3687400
2014-01-21,34.330002,34.400002,33.919998,34.279999,30.558674,3846600
2014-01-22,34.360001,34.490002,34.139999,34.400002,30.665655,4198800
2014-01-23,34.060001,34.360001,33.650002,33.709999,30.050550,4603600
2014-01-24,33.509998,33.529999,32.970001,33.000000,29.417637,4768300
2014-01-27,33.000000,33.160000,32.650002,32.919998,29.346313,3429200
2014-01-28,32.970001,33.439999,32.939999,33.360001,29.738552,3856900
2014-01-29,33.160000,33.389999,32.930000,33.040001,29.453299,4636100
2014-01-30,33.180000,33.360001,32.919998,33.040001,29.453299,2969400
2014-01-31,32.680000,32.880001,32.400002,32.790001,29.230434,6707400
2014-02-03,32.779999,32.849998,31.969999,32.060001,28.579676,8983000
2014-02-04,32.230000,32.410000,31.879999,32.340000,28.829279,10932900
2014-02-05,32.349998,32.419998,31.590000,32.099998,28.615334,6534500
2014-02-06,31.680000,32.950001,31.570000,31.809999,28.356812,9408400
2014-02-07,31.900000,32.830002,31.680000,32.599998,29.061058,8184400
2014-02-10,32.490002,32.490002,32.049999,32.270000,28.766880,5862600
2014-02-11,32.349998,32.900002,32.299999,32.700001,29.150200,6140400
2014-02-12,32.950001,33.349998,32.849998,33.290001,29.676155,5202500
2014-02-13,33.020000,33.419998,32.720001,33.270000,29.658321,6755900
2014-02-14,33.029999,33.430000,32.869999,33.220001,29.783842,6096300
2014-02-18,33.279999,33.599998,33.110001,33.540001,30.070738,7382400
2014-02-19,33.380001,34.049999,33.299999,33.340000,29.891430,6136800
2014-02-20,33.340000,33.700001,33.270000,33.480000,30.016945,4224700
2014-02-21,33.580002,33.580002,33.240002,33.259998,29.819704,7255100
2014-02-24,33.490002,34.330002,33.480000,33.889999,30.384548,6829800
2014-02-25,33.930000,34.169998,33.750000,34.029999,30.510059,5386100
2014-02-26,33.950001,34.040001,33.660000,33.770000,30.276951,4772900
2014-02-27,33.230000,33.799999,33.049999,33.320000,29.873501,6219500
2014-02-28,33.400002,33.799999,33.230000,33.500000,30.034883,8611300
2014-03-03,33.380001,33.970001,33.250000,33.540001,30.070738,5809600
2014-03-04,33.759998,34.099998,33.520000,33.869999,30.366606,5218700
2014-03-05,33.889999,34.000000,33.540001,33.610001,30.133507,4804300
2014-03-06,33.709999,34.189999,33.570000,33.820000,30.321785,7479100
2014-03-07,34.040001,34.320000,33.900002,34.240002,30.698336,5256700
2014-03-10,34.150002,34.320000,34.000000,34.299999,30.752129,4341800
2014-03-11,34.340000,34.400002,33.630001,33.930000,30.420406,4647800
2014-03-12,33.660000,33.720001,33.290001,33.459999,29.999014,4875600
2014-03-13,33.549999,33.610001,32.759998,32.869999,29.470039,6292300
2014-03-14,32.709999,33.099998,32.619999,33.080002,29.658321,7438900
2014-03-17,33.080002,33.380001,32.970001,33.180000,29.747980,3528400
2014-03-18,33.240002,33.740002,33.130001,33.650002,30.169363,5949900
2014-03-19,33.669998,33.810001,33.189999,33.290001,29.846603,5181400
2014-03-20,33.340000,33.849998,33.119999,33.820000,30.321785,4839800
2014-03-21,34.070000,34.570000,33.900002,34.389999,30.832821,9344400
2014-03-24,34.340000,34.759998,34.099998,34.230000,30.689371,8145000
2014-03-25,34.320000,34.619999,34.160000,34.570000,30.994194,4765800
2014-03-26,34.689999,34.900002,34.410000,34.500000,30.931438,5780400
2014-03-27,34.500000,34.830002,34.360001,34.490002,30.922482,5558800
2014-03-28,34.660000,35.259998,34.590000,35.220001,31.576967,6256600
2014-03-31,35.340000,35.639999,35.279999,35.520000,31.845934,6897700
2014-04-01,35.720001,35.720001,35.180000,35.419998,31.756279,4455200
2014-04-02,35.330002,35.630001,35.279999,35.380001,31.720423,4943800
2014-04-03,35.529999,35.810001,35.400002,35.709999,32.016281,4356300
2014-04-04,35.900002,35.990002,35.439999,35.590000,31.908697,5549500
2014-04-07,35.410000,35.410000,34.799999,34.900002,31.290068,6872300
2014-04-08,34.910000,35.340000,34.790001,35.270000,31.621794,8045000
2014-04-09,35.369999,35.650002,35.000000,35.470001,31.801109,6265900
2014-04-10,35.509998,35.669998,35.259998,35.400002,31.738350,5292100
2014-04-11,35.259998,35.540001,34.919998,35.070000,31.442480,5452800
2014-04-14,35.410000,35.639999,35.189999,35.540001,31.863874,6407400
2014-04-15,35.540001,35.980000,35.419998,35.900002,32.186638,5315800
2014-04-16,36.099998,36.470001,35.919998,36.470001,32.697674,6610900
2014-04-17,36.500000,36.849998,36.480000,36.730000,32.930782,8062200
2014-04-21,36.810001,36.930000,36.380001,36.570000,32.787327,5731900
2014-04-22,36.459999,36.610001,36.099998,36.369999,32.608013,6090000
2014-04-23,36.389999,36.720001,36.360001,36.470001,32.697674,8145200
2014-04-24,36.590000,36.630001,36.340000,36.380001,32.616985,10106500
2014-04-25,36.380001,36.459999,35.959999,36.080002,32.348011,6559500
2014-04-28,36.240002,36.310001,35.910000,36.209999,32.464558,6816900
2014-04-29,36.470001,36.990002,36.470001,36.900002,33.083191,7797500
2014-04-30,36.740002,36.740002,36.150002,36.150002,32.410767,6852900
2014-05-01,36.230000,36.369999,35.980000,36.320000,32.563194,6837400
2014-05-02,36.290001,36.700001,36.240002,36.540001,32.760437,6211300
2014-05-05,36.459999,36.700001,36.259998,36.450001,32.679749,5214200
2014-05-06,36.450001,36.560001,36.130001,36.189999,32.446629,5705100
2014-05-07,36.250000,36.340000,35.360001,35.520000,31.845934,11844500
2014-05-08,35.660000,35.799999,35.490002,35.700001,32.007313,7721000
2014-05-09,35.730000,35.950001,35.540001,35.910000,32.195599,7180400
2014-05-12,36.139999,36.450001,36.080002,36.299999,32.545254,7649500
2014-05-13,36.500000,36.610001,36.310001,36.480000,32.706646,6559100
2014-05-14,36.619999,36.720001,36.470001,36.580002,32.796299,5260900
2014-05-15,36.529999,36.529999,35.919998,36.220001,32.473530,5648500
2014-05-16,36.259998,36.259998,35.570000,35.849998,32.141796,5915200
2014-05-19,35.549999,35.930000,35.549999,35.630001,32.114769,4871900
2014-05-20,35.630001,35.669998,35.349998,35.400002,31.907455,3379500
2014-05-21,35.529999,36.029999,35.529999,35.950001,32.403187,5478400
2014-05-22,35.950001,36.500000,35.869999,36.180000,32.610500,5510500
2014-05-23,36.189999,36.389999,36.090000,36.279999,32.700630,5206400
2014-05-27,36.310001,36.419998,36.180000,36.290001,32.709644,5957400
2014-05-28,36.410000,36.770000,36.320000,36.549999,32.943993,5857600
2014-05-29,36.650002,36.700001,36.310001,36.660000,33.043137,3820800
2014-05-30,36.630001,36.779999,36.439999,36.660000,33.043137,5429900
2014-06-02,36.750000,37.090000,36.279999,36.439999,32.844849,6976500
2014-06-03,36.410000,36.880001,36.279999,36.810001,33.178352,8083400
2014-06-04,36.720001,36.910000,36.610001,36.660000,33.043137,3926400
2014-06-05,36.660000,37.099998,36.509998,37.070000,33.412701,6834800
2014-06-06,37.139999,37.490002,37.119999,37.310001,33.629021,5614200
2014-06-09,37.400002,37.900002,37.349998,37.840000,34.106728,5247200
2014-06-10,37.939999,38.209999,37.840000,38.169998,34.404163,5736100
2014-06-11,38.119999,38.540001,37.919998,38.480000,34.683582,6418600
2014-06-12,38.700001,39.349998,38.580002,39.150002,35.287498,10009900
2014-06-13,39.110001,39.139999,38.599998,39.080002,35.224380,8456100
2014-06-16,39.220001,39.230000,38.930000,39.009998,35.161297,4442900
2014-06-17,38.869999,38.900002,38.580002,38.880001,35.044117,4357000
2014-06-18,38.869999,39.180000,38.630001,38.939999,35.098194,5618200
2014-06-19,38.980000,39.299999,38.840000,39.299999,35.422680,5660600
2014-06-20,39.500000,39.849998,39.330002,39.720001,35.801250,10682600
2014-06-23,39.810001,40.220001,39.740002,40.160000,36.197838,5480800
2014-06-24,39.990002,40.070000,38.939999,39.029999,35.179329,5523200
2014-06-25,38.990002,39.820000,38.990002,39.709999,35.792244,9327800
2014-06-26,39.720001,39.790001,39.279999,39.630001,35.720119,5189900
2014-06-27,39.500000,39.660000,39.200001,39.439999,35.548870,7591900
2014-06-30,39.549999,39.939999,39.400002,39.919998,35.981503,5466300
2014-07-01,40.049999,40.290001,39.740002,39.759998,35.837296,7024800
2014-07-02,39.730000,39.840000,39.490002,39.619999,35.711109,5629700
2014-07-03,39.869999,40.330002,39.830002,40.320000,36.342045,3335200
2014-07-07,40.029999,40.119999,39.570000,39.570000,35.666042,10597900
2014-07-08,39.570000,39.730000,39.240002,39.439999,35.548870,6111900
2014-07-09,39.430000,39.660000,39.270000,39.570000,35.666042,3662100
2014-07-10,39.209999,39.660000,39.020000,39.389999,35.503803,5851600
2014-07-11,39.320000,39.459999,39.099998,39.139999,35.278473,3122900
2014-07-14,39.430000,39.810001,39.369999,39.689999,35.774208,3465700
2014-07-15,39.549999,39.709999,39.240002,39.310001,35.431698,4357500
2014-07-16,39.639999,40.270000,39.639999,40.270000,36.296986,6068100
2014-07-17,40.020000,40.380001,39.500000,39.520000,35.620972,3800300
2014-07-18,39.630001,39.939999,39.500000,39.799999,35.873341,3914000
2014-07-21,39.650002,39.820000,39.360001,39.770000,35.846310,2985800
2014-07-22,39.849998,40.270000,39.820000,40.200001,36.233894,4599900
2014-07-23,40.250000,40.700001,40.209999,40.480000,36.486263,4696600
2014-07-24,40.419998,40.740002,40.389999,40.709999,36.693577,4734800
2014-07-25,40.410000,40.590000,40.099998,40.509998,36.513317,2977800
2014-07-28,40.450001,40.540001,40.070000,40.230000,36.260925,4174900
2014-07-29,40.139999,40.259998,39.939999,39.939999,35.999531,3815700
2014-07-30,40.270000,40.400002,39.490002,39.660000,35.747166,4195600
2014-07-31,39.360001,39.490002,38.720001,38.750000,34.926941,5268700
2014-08-01,38.700001,38.970001,38.040001,38.610001,34.800743,6148700
2014-08-04,38.770000,39.400002,38.430000,39.220001,35.350571,5702600
2014-08-05,39.660000,40.049999,38.189999,38.459999,34.665562,6897000
2014-08-06,38.470001,39.500000,38.349998,38.930000,35.089191,7246700
2014-08-07,38.410000,38.750000,37.900002,38.090000,34.332054,7312400
2014-08-08,38.160000,39.119999,38.020000,39.080002,35.224380,6961400
2014-08-11,39.230000,39.480000,39.009998,39.110001,35.251419,3969300
2014-08-12,39.060001,39.330002,38.799999,39.040001,35.188339,5558600
2014-08-13,39.139999,39.450001,38.959999,39.150002,35.287498,3859900
2014-08-14,39.340000,39.430000,38.970001,39.000000,35.152279,6960200
2014-08-15,39.099998,39.240002,38.869999,39.020000,35.170307,10380000
2014-08-18,39.000000,39.090000,38.630001,38.930000,35.279057,4707700
2014-08-19,39.040001,39.750000,38.930000,39.730000,36.004028,5256600
2014-08-20,39.650002,39.939999,39.470001,39.919998,36.176201,3804600
2014-08-21,40.000000,40.290001,39.779999,40.290001,36.511513,4275800
2014-08-22,39.980000,40.139999,39.700001,40.000000,36.248699,4185900
2014-08-25,40.080002,40.419998,39.930000,40.369999,36.584003,3155300
2014-08-26,40.480000,40.840000,40.480000,40.669998,36.855862,5001300
2014-08-27,40.680000,40.980000,40.509998,40.889999,37.055241,4595800
2014-08-28,40.700001,40.970001,40.590000,40.910000,37.073357,4447500
2014-08-29,40.900002,41.740002,40.869999,41.689999,37.780216,7047100
2014-09-02,41.700001,41.750000,40.709999,41.020000,37.173050,5390700
2014-09-03,41.340000,41.919998,41.270000,41.279999,37.408661,6811100
2014-09-04,41.220001,41.520000,40.330002,40.529999,36.728996,8240000
2014-09-05,40.619999,40.919998,40.310001,40.910000,37.073357,3921200
2014-09-08,40.740002,40.740002,39.869999,40.209999,36.439011,5041100
2014-09-09,40.389999,40.590000,39.820000,40.060001,36.303085,4968100
2014-09-10,39.889999,40.080002,39.340000,40.020000,36.266827,6324000
2014-09-11,39.630001,40.169998,39.450001,40.020000,36.266827,4483900
2014-09-12,39.869999,40.009998,39.470001,39.580002,35.868095,3888500
2014-09-15,39.500000,40.020000,39.250000,39.830002,36.094654,3216800
2014-09-16,39.849998,40.470001,39.779999,40.119999,36.357445,5516400
2014-09-17,40.310001,40.650002,40.119999,40.330002,36.547760,4852500
2014-09-18,40.410000,40.500000,39.320000,39.320000,35.632473,7756800
2014-09-19,39.480000,39.830002,39.150002,39.230000,35.550922,6923000
2014-09-22,39.090000,39.189999,38.430000,38.709999,35.079685,4311500
2014-09-23,38.660000,38.900002,38.320000,38.410000,34.807812,4039500
2014-09-24,38.330002,38.930000,37.880001,38.689999,35.061550,4364600
2014-09-25,38.720001,38.720001,38.119999,38.130001,34.554085,3901800
2014-09-26,38.090000,38.770000,37.939999,38.540001,34.925629,3348400
2014-09-29,38.070000,38.720001,37.910000,38.599998,34.979996,3938300
2014-09-30,38.509998,38.590000,37.310001,37.590000,34.064720,6082100
2014-10-01,37.590000,38.040001,36.959999,37.130001,33.647854,5984100
2014-10-02,36.840000,37.080002,35.950001,36.900002,33.439438,5336400
2014-10-03,36.959999,37.000000,36.320000,36.650002,33.212879,4385400
2014-10-06,36.750000,36.959999,36.380001,36.630001,33.194756,5473700
2014-10-07,36.419998,36.630001,35.840000,35.840000,32.478832,4464200
2014-10-08,35.810001,36.189999,35.110001,36.160000,32.768826,5906300
2014-10-09,35.910000,36.009998,34.660000,34.709999,31.454803,6450400
2014-10-10,34.750000,34.990002,33.980000,34.230000,31.019833,7416400
2014-10-13,34.279999,34.590000,32.910000,32.919998,29.832685,8138700
2014-10-14,33.099998,33.570000,32.400002,32.549999,29.497379,9099600
2014-10-15,31.940001,32.779999,31.350000,32.730000,29.660503,10577800
2014-10-16,32.549999,33.889999,31.940001,33.500000,30.358286,12782100
2014-10-17,33.950001,34.490002,33.660000,33.930000,30.747965,9648000
2014-10-20,33.799999,34.450001,33.610001,34.259998,31.047018,5146600
2014-10-21,34.549999,34.990002,34.320000,34.880001,31.608868,5679900
2014-10-22,34.970001,35.169998,34.020000,34.029999,30.838593,7197100
2014-10-23,34.450001,35.099998,34.349998,34.730000,31.472939,6567000
2014-10-24,34.630001,34.720001,34.130001,34.500000,31.264509,3704000
2014-10-27,33.900002,33.930000,32.990002,33.000000,29.905186,8299900
2014-10-28,33.349998,34.320000,33.189999,34.270000,31.056076,7575800
2014-10-29,34.560001,34.860001,34.060001,34.380001,31.155766,4793300
2014-10-30,34.230000,34.360001,33.889999,34.110001,30.911093,4738900
2014-10-31,34.200001,35.500000,33.669998,35.400002,32.080109,8286400
2014-11-03,35.560001,35.779999,34.450001,34.570000,31.327936,8408100
2014-11-04,34.090000,34.259998,32.880001,33.360001,30.231419,9431800
2014-11-05,33.610001,34.369999,33.419998,33.570000,30.421722,8342300
2014-11-06,33.599998,34.349998,33.209999,34.340000,31.119516,8648000
2014-11-07,34.470001,35.020000,34.270000,34.389999,31.164818,9862900
2014-11-10,34.660000,34.970001,33.099998,33.250000,30.131741,12915600
2014-11-11,33.380001,33.610001,32.900002,33.130001,30.022993,6345600
2014-11-12,32.990002,33.360001,32.580002,32.650002,29.588009,7131600
2014-11-13,32.619999,32.619999,31.610001,31.950001,28.953657,8212900
2014-11-14,32.070000,32.509998,31.889999,32.360001,29.325207,6098700
2014-11-17,31.889999,32.169998,31.520000,31.820000,29.024200,6130000
2014-11-18,31.730000,32.240002,31.680000,32.060001,29.243113,5513100
2014-11-19,32.070000,32.939999,31.900000,32.770000,29.890732,7552500
2014-11-20,32.810001,33.389999,32.740002,33.279999,30.355915,5940100
2014-11-21,33.910000,34.160000,33.570000,33.830002,30.857599,7244000
2014-11-24,33.669998,33.889999,33.360001,33.570000,30.620440,5734700
2014-11-25,33.590000,33.740002,32.880001,33.110001,30.200855,6013800
2014-11-26,33.090000,33.160000,32.480000,32.500000,29.644449,5356600
2014-11-28,30.809999,30.820000,28.549999,28.920000,26.379002,8542600
2014-12-01,28.520000,29.040001,28.219999,28.990000,26.442850,11985700
2014-12-02,28.900000,30.129999,28.740000,29.730000,27.117830,13241400
2014-12-03,30.100000,31.010000,29.820000,30.530001,27.847542,9051500
2014-12-04,30.240000,30.299999,29.809999,29.840000,27.218164,8876400
2014-12-05,29.770000,29.870001,29.120001,29.230000,26.661762,8508900
2014-12-08,28.969999,29.170000,27.160000,27.250000,24.855730,12535100
2014-12-09,27.150000,27.969999,27.049999,27.780001,25.339169,11294800
2014-12-10,27.139999,27.180000,26.320000,26.430000,24.107780,10365000
2014-12-11,26.450001,26.950001,26.150000,26.250000,23.943594,8571300
2014-12-12,25.740000,26.330000,25.299999,25.450001,23.213886,11410700
2014-12-15,25.790001,25.879999,24.650000,24.799999,22.620996,9969600
2014-12-16,24.389999,26.020000,24.280001,25.309999,23.086189,13011400
2014-12-17,25.410000,27.170000,25.280001,26.670000,24.326694,15846500
2014-12-18,28.459999,28.490000,26.809999,27.559999,25.138498,19714300
2014-12-19,27.760000,28.350000,27.260000,28.230000,25.749622,17719400
2014-12-22,28.180000,28.700001,27.850000,28.270000,25.786114,10711300
2014-12-23,28.520000,28.799999,28.230000,28.700001,26.178335,8044000
2014-12-24,28.500000,28.590000,27.920000,28.360001,25.868204,3238000
2014-12-26,28.530001,28.670000,28.129999,28.260000,25.776991,3280700
2014-12-29,28.500000,28.950001,28.360001,28.580000,26.068876,4900400
2014-12-30,28.309999,28.709999,28.080000,28.420000,25.922935,4477400
2014-12-31,28.150000,28.799999,27.940001,28.290001,25.804356,6082700
2015-01-02,28.059999,28.799999,27.850000,28.600000,26.087118,5279400
2015-01-05,28.040001,28.040001,26.910000,27.270000,24.873976,7905100
2015-01-06,27.129999,27.870001,26.469999,26.860001,24.500002,11316400
2015-01-07,27.309999,27.680000,26.900000,27.190001,24.801004,7213700
2015-01-08,27.629999,27.760000,27.120001,27.740000,25.302681,11658200
2015-01-09,27.760000,27.900000,27.370001,27.650000,25.220589,9600500
2015-01-12,27.139999,27.190001,26.100000,26.240000,23.934471,8148100
2015-01-13,26.290001,26.709999,25.670000,25.889999,23.615225,10820400
2015-01-14,25.530001,26.020000,24.809999,25.959999,23.679075,10407600
2015-01-15,26.540001,26.610001,25.450001,25.469999,23.232128,6165000
2015-01-16,25.709999,26.690001,25.639999,26.600000,24.262844,7354200
2015-01-20,26.240000,26.370001,25.660000,25.940001,23.660835,7264400
2015-01-21,26.260000,26.790001,26.090000,26.590000,24.253721,6111900
2015-01-22,26.910000,26.940001,26.200001,26.830000,24.472637,6521300
2015-01-23,26.770000,27.240000,26.510000,26.520000,24.189873,6296600
2015-01-26,26.530001,27.379999,26.290001,27.270000,24.873976,5068000
2015-01-27,26.799999,27.070000,26.410000,26.969999,24.600332,6458500
2015-01-28,26.799999,26.889999,25.469999,25.549999,23.305099,7137700
2015-01-29,25.809999,25.940001,24.850000,25.570000,23.323343,7761800
2015-01-30,25.350000,26.840000,25.150000,26.600000,24.262844,9581100
2015-02-02,27.059999,27.969999,26.860001,27.900000,25.448626,11663200
2015-02-03,28.400000,28.950001,27.990000,28.790001,26.260426,12666500
2015-02-04,28.160000,28.750000,27.760000,27.980000,25.521591,11043100
2015-02-05,28.480000,28.670000,28.100000,28.379999,25.886442,7309400
2015-02-06,28.670000,28.780001,27.870001,27.959999,25.503351,8564000
2015-02-09,28.180000,28.719999,28.100000,28.309999,25.822598,6373700
2015-02-10,28.250000,28.459999,27.340000,28.379999,25.886442,7840200
2015-02-11,27.900000,28.299999,27.430000,28.080000,25.612810,6472700
2015-02-12,28.590000,29.070000,28.410000,28.780001,26.251303,6066400
2015-02-13,29.000000,29.510000,28.910000,29.490000,27.096642,6615000
2015-02-17,29.379999,29.670000,29.020000,29.629999,27.225271,8148900
2015-02-18,29.110001,29.549999,28.850000,29.020000,26.664785,8283400
2015-02-19,28.469999,29.270000,27.809999,29.010000,26.655594,10128400
2015-02-20,29.020000,29.110001,28.190001,28.469999,26.159414,9721400
2015-02-23,28.030001,28.719999,27.959999,28.540001,26.223742,6024400
2015-02-24,28.990000,28.990000,28.389999,28.830000,26.490200,6053300
2015-02-25,28.900000,29.139999,28.469999,29.059999,26.701534,5724500
2015-02-26,28.719999,28.740000,27.840000,28.000000,25.727558,7463200
2015-02-27,28.160000,28.160000,27.700001,27.860001,25.598927,5419300
2015-03-02,27.860001,27.860001,27.180000,27.670000,25.424347,5838500
2015-03-03,27.639999,28.040001,27.500000,27.740000,25.488667,4665400
2015-03-04,27.760000,27.790001,27.090000,27.610001,25.369215,5753000
2015-03-05,27.590000,27.590000,27.219999,27.340000,25.121130,4661800
2015-03-06,27.150000,27.350000,26.690001,26.780001,24.606575,5235000
2015-03-09,26.660000,26.940001,26.280001,26.299999,24.165531,6099600
2015-03-10,26.000000,26.469999,25.820000,25.820000,23.724487,6198900
2015-03-11,25.980000,26.170000,25.719999,25.790001,23.696924,7315200
2015-03-12,26.010000,26.080000,25.570000,25.610001,23.531536,6936300
2015-03-13,25.370001,25.809999,25.120001,25.780001,23.687733,6916400
2015-03-16,25.549999,26.040001,25.290001,26.010000,23.899065,5028400
2015-03-17,25.860001,25.940001,25.400000,25.559999,23.485588,5121600
2015-03-18,25.330000,26.510000,25.070000,26.340000,24.202286,7256400
2015-03-19,25.750000,26.040001,25.650000,25.690001,23.605042,5958900
2015-03-20,25.990000,26.459999,25.900000,26.180000,24.055271,12289900
2015-03-23,26.270000,26.520000,25.900000,25.910000,23.807186,6558600
2015-03-24,25.850000,26.080000,25.760000,25.900000,23.797997,5937300
2015-03-25,26.110001,26.719999,25.920000,26.410000,24.266607,6302700
2015-03-26,26.830000,27.170000,26.360001,26.379999,24.239040,7973900
2015-03-27,26.170000,26.190001,25.809999,25.900000,23.797997,5166900
2015-03-30,26.209999,26.510000,25.990000,26.430000,24.284983,5348800
2015-03-31,26.040001,26.440001,25.959999,26.110001,23.990955,5712700
2015-04-01,26.299999,26.969999,26.230000,26.639999,24.477938,6806600
2015-04-02,26.410000,27.280001,26.389999,27.070000,24.873041,8614200
2015-04-06,27.400000,28.139999,27.080000,27.900000,25.635681,7564800
2015-04-07,27.910000,28.360001,27.780001,28.160000,25.874578,6695500
2015-04-08,28.360001,28.540001,27.889999,27.959999,25.690809,7566200
2015-04-09,28.110001,28.870001,28.070000,28.770000,26.435068,9637300
2015-04-10,28.860001,29.299999,28.530001,29.180000,26.811794,7650000
2015-04-13,29.770000,29.799999,28.850000,28.900000,26.554522,4685300
2015-04-14,29.150000,29.629999,29.139999,29.400000,27.013947,6371100
2015-04-15,30.120001,30.900000,29.670000,30.700001,28.208435,10770800
2015-04-16,30.590000,31.070000,30.350000,30.700001,28.208435,6356500
2015-04-17,30.469999,30.670000,30.080000,30.520000,28.043047,7920300
2015-04-20,30.910000,31.299999,30.790001,30.969999,28.456522,8874000
2015-04-21,31.070000,31.100000,30.090000,30.129999,27.684696,6408800
2015-04-22,30.290001,30.629999,30.110001,30.350000,27.886843,5596300
2015-04-23,30.420000,30.730000,30.299999,30.549999,28.070602,5402400
2015-04-24,30.420000,30.420000,30.020000,30.330000,27.868460,6156800
2015-04-27,30.500000,30.740000,30.370001,30.410000,27.941975,5194200
2015-04-28,30.400000,30.740000,30.260000,30.719999,28.226814,5709700
2015-04-29,30.639999,31.410000,30.530001,31.190001,28.658669,6831000
2015-04-30,31.370001,31.450001,30.750000,31.100000,28.575972,6826200
2015-05-01,31.110001,31.180000,30.590000,30.770000,28.272755,5367500
2015-05-04,30.950001,31.139999,30.500000,31.080000,28.557596,8658200
2015-05-05,31.290001,31.530001,29.930000,29.969999,27.537682,9686100
2015-05-06,30.379999,30.549999,29.520000,29.809999,27.390665,8453900
2015-05-07,29.820000,30.280001,28.469999,28.920000,26.572893,11315600
2015-05-08,29.410000,29.500000,28.750000,29.309999,26.931246,10442700
2015-05-11,29.330000,29.400000,28.340000,28.400000,26.095098,9064600
2015-05-12,28.420000,28.600000,28.150000,28.389999,26.085907,6300000
2015-05-13,28.719999,28.760000,28.000000,28.150000,25.865389,6561300
2015-05-14,28.190001,28.280001,27.590000,27.620001,25.378405,7124800
2015-05-15,27.510000,27.799999,27.190001,27.680000,25.433538,5156600
2015-05-18,27.410000,27.760000,27.110001,27.709999,25.655741,6184400
2015-05-19,27.389999,27.510000,27.129999,27.330000,25.303915,5971000
2015-05-20,27.350000,27.570000,27.240000,27.459999,25.424274,5643400
2015-05-21,27.620001,28.270000,27.459999,28.180000,26.090900,7370100
2015-05-22,27.920000,28.190001,27.770000,28.090000,26.007570,6049800
2015-05-26,27.740000,27.879999,27.410000,27.680000,25.627968,6098600
2015-05-27,27.629999,27.969999,27.330000,27.580000,25.535378,5114400
2015-05-28,27.400000,27.420000,26.990000,27.219999,25.202065,4732500
2015-05-29,27.299999,27.570000,27.150000,27.190001,25.174292,5264200
2015-06-01,27.230000,27.309999,26.920000,27.090000,25.081707,4985700
2015-06-02,27.200001,27.320000,26.650000,27.080000,25.072447,8556300
2015-06-03,27.090000,27.389999,26.950001,27.080000,25.072447,5053400
2015-06-04,26.879999,27.030001,26.639999,26.650000,24.674326,4377700
2015-06-05,26.540001,27.309999,26.500000,26.950001,24.952087,5321700
2015-06-08,26.790001,27.010000,26.440001,26.580000,24.609516,4697500
2015-06-09,26.870001,27.250000,26.730000,26.730000,24.748392,3281200
2015-06-10,27.150000,27.250000,26.940001,27.059999,25.053932,3405700
2015-06-11,27.120001,27.290001,26.879999,26.930000,24.933563,4144700
2015-06-12,26.790001,26.860001,26.480000,26.490000,24.526184,4453900
2015-06-15,26.240000,26.650000,26.240000,26.440001,24.479895,4643400
2015-06-16,26.450001,26.760000,26.410000,26.719999,24.739136,3288300
2015-06-17,27.000000,27.049999,26.309999,26.540001,24.572479,3478000
2015-06-18,26.660000,26.790001,26.459999,26.530001,24.563223,3904200
2015-06-19,26.379999,26.610001,25.889999,25.920000,23.998442,8063700
2015-06-22,26.180000,26.240000,25.790001,26.120001,24.183613,3382900
2015-06-23,26.240000,26.660000,26.139999,26.610001,24.637291,4661600
2015-06-24,26.719999,27.020000,26.590000,26.610001,24.637291,7571900
2015-06-25,27.180000,27.200001,26.750000,26.809999,24.822462,10990800
2015-06-26,26.870001,27.770000,26.549999,27.750000,25.692780,18316800
2015-06-29,27.240000,27.379999,26.680000,26.690001,24.711361,13296400
2015-06-30,27.000000,27.000000,26.459999,26.540001,24.572479,8529000
2015-07-01,26.590000,26.610001,25.600000,25.790001,23.878077,8710900
2015-07-02,25.870001,26.379999,25.670000,25.730000,23.822531,6216200
2015-07-06,25.280001,25.480000,25.049999,25.120001,23.257748,6449200
2015-07-07,25.070000,25.840000,24.450001,25.709999,23.804012,8451100
2015-07-08,25.520000,25.660000,24.540001,24.730000,22.896658,7133500
2015-07-09,25.219999,25.379999,24.750000,24.780001,22.942957,9405400
2015-07-10,24.980000,25.230000,24.350000,24.459999,22.646677,6841800
2015-07-13,24.379999,24.770000,24.320000,24.730000,22.896658,5953300
2015-07-14,24.719999,25.250000,24.620001,25.080000,23.220716,9034300
2015-07-15,24.969999,25.100000,24.209999,24.400000,22.591125,8365100
2015-07-16,24.650000,24.680000,24.160000,24.270000,22.470762,6634000
2015-07-17,24.200001,24.240000,23.549999,23.570000,21.822655,6230600
2015-07-20,23.590000,23.600000,23.059999,23.240000,21.517122,8700400
2015-07-21,23.370001,23.590000,23.100000,23.170000,21.452314,9206200
2015-07-22,23.070000,23.110001,22.230000,22.340000,20.683838,11190200
2015-07-23,22.360001,22.480000,21.719999,22.100000,20.461634,12029000
2015-07-24,22.059999,22.100000,21.100000,21.410000,19.822788,13124600
2015-07-27,21.100000,21.219999,20.570000,20.690001,19.156162,9137000
2015-07-28,20.770000,21.570000,20.440001,21.200001,19.628355,11840500
2015-07-29,21.160000,21.870001,20.910000,21.760000,20.146839,12555700
2015-07-30,21.860001,21.940001,21.469999,21.860001,20.239431,8454800
2015-07-31,21.680000,21.760000,20.930000,21.010000,19.452442,8947500
2015-08-03,20.700001,21.219999,20.469999,20.570000,19.045061,11247500
2015-08-04,20.709999,20.990000,20.280001,20.510000,18.989508,9375600
2015-08-05,20.820000,21.059999,19.740000,19.790001,18.322886,16224000
2015-08-06,19.049999,19.740000,17.860001,19.450001,18.008087,21784200
2015-08-07,19.370001,19.910000,18.250000,18.400000,17.035934,11654700
2015-08-10,18.420000,19.090000,18.150000,18.980000,17.572935,11948200
2015-08-11,18.480000,18.920000,18.110001,18.879999,17.480345,14193500
2015-08-12,18.840000,19.219999,18.540001,19.059999,17.646999,12432300
2015-08-13,18.790001,18.870001,17.980000,18.020000,16.684107,10108900
2015-08-14,18.000000,18.270000,17.360001,17.400000,16.110065,12877300
2015-08-17,17.150000,17.389999,16.900000,17.360001,16.269384,15390900
2015-08-18,17.330000,17.799999,17.260000,17.480000,16.381847,8966200
2015-08-19,17.340000,17.480000,16.080000,16.230000,15.210374,19827100
2015-08-20,16.170000,16.570000,15.950000,16.129999,15.116656,14230900
2015-08-21,16.030001,16.280001,15.700000,15.730000,14.741786,18816400
2015-08-24,14.510000,15.240000,14.290000,14.390000,13.485970,22372800
2015-08-25,15.100000,15.100000,14.030000,14.040000,13.157959,13423400
2015-08-26,14.320000,14.670000,14.070000,14.650000,13.729636,13567300
2015-08-27,14.930000,16.129999,14.870000,15.970000,14.966711,22410500
2015-08-28,15.890000,17.100000,15.870000,16.650000,15.603990,21004800
2015-08-31,16.410000,17.360001,15.820000,17.290001,16.203789,18458600
2015-09-01,16.719999,17.219999,16.459999,16.850000,15.791429,17820400
2015-09-02,17.110001,17.139999,16.150000,16.870001,15.810172,14667800
2015-09-03,16.940001,17.590000,16.650000,16.870001,15.810172,13572500
2015-09-04,16.590000,16.709999,16.240000,16.360001,15.332210,15418700
2015-09-08,16.580000,16.629999,16.040001,16.320000,15.294720,13711000
2015-09-09,16.420000,16.879999,14.860000,14.910000,13.973303,33904100
2015-09-10,15.030000,15.420000,14.740000,14.980000,14.038905,18710400
2015-09-11,14.750000,15.140000,14.590000,15.090000,14.141995,15640600
2015-09-14,14.990000,15.480000,14.810000,15.410000,14.441892,15451800
2015-09-15,15.470000,15.850000,15.350000,15.450000,14.479377,15514000
2015-09-16,15.620000,16.240000,15.620000,16.209999,15.191631,16637100
2015-09-17,16.230000,16.980000,16.129999,16.430000,15.397812,19681500
2015-09-18,16.230000,16.330000,15.570000,15.840000,14.844877,26980000
2015-09-21,16.020000,16.530001,15.670000,16.110001,15.097915,13935300
2015-09-22,15.750000,16.299999,15.540000,15.660000,14.676185,12251600
2015-09-23,15.750000,15.950000,15.250000,15.300000,14.338801,12545000
2015-09-24,15.090000,15.680000,15.040000,15.450000,14.479377,12053700
2015-09-25,15.670000,16.049999,15.390000,15.750000,14.760531,13876900
2015-09-28,15.480000,15.550000,14.750000,14.760000,13.832726,9936700
2015-09-29,14.860000,15.180000,14.710000,14.970000,14.029533,10994800
2015-09-30,15.140000,15.590000,15.000000,15.400000,14.432518,13709300
2015-10-01,15.790000,16.190001,15.140000,15.310000,14.348175,14181300
2015-10-02,15.160000,16.690001,15.000000,16.660000,15.613361,11643500
2015-10-05,17.080000,18.129999,17.000000,18.049999,16.916039,17565700
2015-10-06,18.120001,19.280001,18.000000,19.170000,17.965677,25583600
2015-10-07,19.590000,20.330000,18.420000,19.170000,17.965677,26600100
2015-10-08,19.100000,20.389999,19.020000,20.180000,18.912228,17094900
2015-10-09,20.430000,20.440001,19.389999,19.590000,18.359287,14168000
2015-10-12,19.559999,19.610001,18.410000,18.959999,17.768869,13787200
2015-10-13,18.799999,19.330000,18.490000,18.590000,17.422115,10355600
2015-10-14,18.459999,19.040001,18.440001,18.910000,17.722008,8545600
2015-10-15,18.760000,19.459999,18.690001,19.430000,18.209341,9403800
2015-10-16,19.520000,19.580000,18.820000,19.280001,18.068764,8146200
2015-10-19,18.930000,19.110001,18.030001,18.280001,17.131588,9449500
2015-10-20,18.270000,18.740000,18.110001,18.559999,17.393995,7885900
2015-10-21,18.410000,18.469999,17.969999,18.020000,16.887928,8139600
2015-10-22,18.200001,18.620001,18.040001,18.480000,17.319023,9018800
2015-10-23,18.299999,18.629999,17.980000,18.299999,17.150335,8455300
2015-10-26,18.260000,18.299999,17.580000,17.590000,16.484940,7277800
2015-10-27,17.440001,17.440001,16.730000,17.110001,16.035089,11897200
2015-10-28,17.240000,18.070000,17.049999,17.680000,16.569283,12690200
2015-10-29,17.480000,18.709999,17.370001,17.549999,16.447447,16921300
2015-10-30,17.809999,18.730000,17.379999,18.379999,17.225309,15400300
2015-11-02,18.170000,19.230000,18.139999,19.010000,17.815727,10944600
2015-11-03,19.250000,20.090000,19.240000,19.660000,18.424891,12060400
2015-11-04,19.620001,19.850000,18.870001,19.400000,18.181229,9137100
2015-11-05,18.990000,19.950001,18.129999,19.000000,17.806351,19123200
2015-11-06,18.680000,18.889999,17.730000,18.290001,17.140965,15275300
2015-11-09,18.280001,18.740000,18.070000,18.360001,17.206566,10110500
2015-11-10,18.260000,18.850000,18.190001,18.780001,17.600180,8711100
2015-11-11,18.700001,18.820000,16.990000,17.299999,16.213154,14112500
2015-11-12,16.940001,17.610001,16.680000,17.200001,16.119436,10661200
2015-11-13,17.120001,17.400000,16.680000,17.139999,16.063208,8965600
2015-11-16,17.209999,17.930000,16.959999,17.870001,16.796345,9262100
2015-11-17,17.650000,17.920000,17.290001,17.709999,16.645952,6618300
2015-11-18,17.940001,18.469999,17.290001,17.900000,16.824541,11540300
2015-11-19,17.709999,17.860001,17.170000,17.639999,16.580164,9794800
2015-11-20,17.600000,17.860001,17.299999,17.420000,16.373383,8416900
2015-11-23,17.389999,17.700001,17.170000,17.530001,16.476774,9373300
2015-11-24,17.790001,18.719999,17.670000,18.500000,17.388493,11708700
2015-11-25,18.219999,18.400000,17.830000,18.110001,17.021925,6277000
2015-11-27,17.850000,18.000000,17.389999,17.440001,16.392185,3696100
2015-11-30,17.570000,17.860001,17.370001,17.510000,16.457973,11798400
2015-12-01,17.570000,17.690001,17.320000,17.629999,16.570759,8820200
2015-12-02,17.410000,17.670000,16.580000,16.670000,15.668439,11031700
2015-12-03,16.850000,16.930000,16.290001,16.549999,15.555649,14461800
2015-12-04,16.219999,16.379999,15.700000,16.120001,15.151487,10742400
2015-12-07,15.540000,15.540000,14.680000,14.780000,13.891995,15175300
2015-12-08,14.250000,14.980000,14.070000,14.920000,14.023583,18275100
2015-12-09,14.890000,15.440000,14.410000,14.500000,13.628819,15728700
2015-12-10,14.430000,14.960000,14.260000,14.740000,13.854399,10257700
2015-12-11,14.380000,14.500000,14.100000,14.340000,13.478431,11234100
2015-12-14,14.160000,14.230000,13.410000,13.960000,13.121263,14612600
2015-12-15,14.270000,14.500000,13.930000,14.460000,13.591221,12972900
2015-12-16,14.470000,14.480000,13.480000,13.780000,12.952075,15943200
2015-12-17,13.790000,13.970000,12.650000,12.780000,12.012159,18589200
2015-12-18,12.780000,12.990000,12.400000,12.470000,11.720782,27418600
2015-12-21,12.540000,12.770000,12.110000,12.520000,11.767777,13683700
2015-12-22,12.540000,12.880000,12.450000,12.690000,11.927566,9509700
2015-12-23,13.070000,13.970000,12.990000,13.960000,13.121263,14590100
2015-12-24,13.980000,14.110000,13.590000,13.930000,13.093065,5709500
2015-12-28,13.530000,13.570000,12.820000,12.980000,12.200142,9519500
2015-12-29,13.350000,13.440000,12.760000,13.030000,12.247138,8141900
2015-12-30,12.730000,13.070000,12.350000,12.380000,11.636192,9897900
2015-12-31,12.330000,12.660000,12.220000,12.590000,11.833575,10141000
2016-01-04,12.560000,13.000000,12.380000,12.820000,12.049753,12667600
2016-01-05,12.790000,12.860000,12.330000,12.760000,11.993361,9777000
2016-01-06,12.250000,12.270000,11.140000,11.280000,10.602280,15837500
2016-01-07,10.830000,11.180000,10.550000,10.670000,10.028933,20172900
2016-01-08,10.780000,10.910000,9.860000,10.350000,9.728157,34056400
2016-01-11,10.400000,10.410000,9.370000,9.620000,9.042016,22275300
2016-01-12,9.700000,9.760000,8.710000,9.190000,8.637853,25506000
2016-01-13,9.400000,9.640000,8.440000,8.540000,8.026904,26857700
2016-01-14,8.700000,9.240000,8.360000,9.070000,8.525060,33825800
2016-01-15,8.140000,8.370000,7.710000,8.140000,7.650938,39565500
2016-01-19,8.210000,8.260000,7.490000,7.680000,7.218574,29537200
2016-01-20,7.340000,8.040000,7.080000,7.860000,7.387759,45468000
2016-01-21,7.750000,8.890000,7.720000,8.790000,8.261884,37173900
2016-01-22,10.190000,10.630000,8.640000,9.020000,8.478065,38960100
2016-01-25,8.750000,9.190000,8.120000,8.140000,7.650938,19509600
2016-01-26,8.360000,8.500000,7.930000,8.450000,7.942312,16346000
2016-01-27,8.340000,9.350000,8.180000,8.750000,8.224286,27289200
2016-01-28,9.340000,9.550000,8.840000,9.170000,8.619053,20994400
2016-01-29,9.220000,9.850000,9.170000,9.730000,9.145408,20678000
2016-02-01,9.380000,9.800000,9.220000,9.740000,9.154805,17658100
2016-02-02,9.320000,9.350000,8.690000,8.740000,8.214888,19959900
2016-02-03,9.020000,9.430000,8.440000,9.420000,8.854032,23844300
2016-02-04,9.550000,10.280000,9.090000,9.190000,8.637853,33500300
2016-02-05,9.070000,9.100000,8.340000,8.460000,7.951711,29574000
2016-02-08,8.260000,8.460000,7.630000,7.820000,7.350163,45568000
2016-02-09,7.630000,7.710000,7.030000,7.290000,6.852006,24990000
2016-02-10,7.230000,7.620000,7.010000,7.130000,6.701620,21711900
2016-02-11,6.920000,7.300000,6.520000,7.060000,6.635825,36853000
2016-02-12,7.220000,7.660000,7.050000,7.490000,7.090203,30427700
2016-02-16,7.760000,7.840000,7.180000,7.400000,7.005009,22438900
2016-02-17,7.670000,7.720000,6.750000,7.410000,7.014474,63685200
2016-02-18,7.600000,7.620000,6.700000,6.930000,6.560096,55035600
2016-02-19,6.850000,6.880000,6.520000,6.730000,6.370771,38684800
2016-02-22,6.970000,7.500000,6.850000,7.490000,7.090203,34565200
2016-02-23,7.300000,7.460000,6.900000,7.030000,6.654757,28066300
2016-02-24,6.750000,7.250000,6.660000,7.220000,6.834615,18799300
2016-02-25,7.250000,7.430000,6.960000,7.390000,6.995541,20805600
2016-02-26,7.750000,8.200000,7.590000,8.030000,7.601380,36421100
2016-02-29,8.490000,8.530000,7.970000,8.210000,7.771770,38489400
2016-03-01,8.210000,8.210000,7.560000,7.960000,7.535116,273996600
2016-03-02,7.940000,9.150000,7.900000,9.100000,8.614266,74553100
2016-03-03,9.030000,10.000000,8.970000,9.970000,9.437828,65454100
2016-03-04,10.360000,11.480000,10.080000,11.000000,10.412848,86997000
2016-03-07,11.120000,11.590000,10.720000,11.030000,10.441247,57536900
2016-03-08,10.840000,10.870000,9.920000,10.120000,9.579820,35596300
2016-03-09,10.510000,10.680000,10.080000,10.480000,9.920607,30862000
2016-03-10,10.310000,10.620000,10.010000,10.590000,10.024733,33980800
2016-03-11,11.140000,11.350000,10.950000,11.160000,10.564309,31847000
2016-03-14,10.860000,11.320000,10.680000,11.090000,10.498042,28445000
2016-03-15,10.850000,11.310000,10.600000,11.310000,10.706302,23912100
2016-03-16,11.590000,11.830000,11.090000,11.520000,10.905090,32600700
2016-03-17,11.720000,11.750000,11.310000,11.450000,10.838828,30781300
2016-03-18,11.720000,11.880000,11.200000,11.630000,11.009222,41238300
2016-03-21,11.470000,11.840000,11.260000,11.430000,10.819898,26579700
2016-03-22,11.260000,11.580000,11.250000,11.310000,10.706302,22927100
2016-03-23,11.310000,11.310000,10.120000,10.190000,9.646083,31271300
2016-03-24,9.770000,10.450000,9.650000,10.290000,9.740745,28978700
2016-03-28,10.330000,10.440000,9.810000,10.160000,9.617686,22606300
2016-03-29,9.920000,10.470000,9.770000,10.400000,9.844874,23919700
2016-03-30,10.730000,10.800000,10.240000,10.530000,9.967937,22290300
2016-03-31,10.520000,11.240000,10.420000,11.140000,10.545377,40209700
2016-04-01,10.750000,10.790000,10.390000,10.560000,9.996336,29055400
2016-04-04,10.520000,11.000000,10.410000,10.530000,9.967937,21890200
2016-04-05,10.400000,10.870000,10.320000,10.630000,10.062598,21366000
2016-04-06,10.810000,11.260000,10.680000,11.020000,10.431782,26238600
2016-04-07,10.880000,11.290000,10.780000,11.220000,10.621108,23358500
2016-04-08,11.660000,11.780000,11.410000,11.780000,11.151213,24392700
2016-04-11,11.920000,12.160000,11.620000,11.670000,11.047089,24378100
2016-04-12,12.030000,13.390000,11.870000,13.120000,12.419688,43935700
2016-04-13,12.970000,13.300000,12.510000,12.920000,12.230364,30817500
2016-04-14,13.020000,13.230000,12.720000,13.110000,12.410222,21211600
2016-04-15,12.920000,13.220000,12.740000,13.010000,12.315560,19535500
2016-04-18,12.290000,13.540000,12.280000,13.360000,12.646876,23999600
2016-04-19,13.540000,14.170000,13.450000,13.950000,13.205386,27614400
2016-04-20,13.890000,14.350000,13.510000,14.060000,13.309515,26467000
2016-04-21,14.180000,14.250000,13.770000,13.860000,13.120192,23557000
2016-04-22,13.970000,14.400000,13.950000,14.340000,13.574567,26857200
2016-04-25,14.250000,14.290000,13.710000,13.830000,13.091792,21634000
2016-04-26,14.090000,14.540000,13.880000,14.440000,13.669230,24287400
2016-04-27,14.700000,15.150000,14.460000,14.840000,14.047879,29916300
2016-04-28,14.790000,15.070000,14.330000,14.350000,13.584034,21467700
2016-04-29,14.540000,14.880000,13.720000,14.090000,13.337913,27966600
2016-05-02,14.020000,14.080000,13.120000,13.550000,12.826736,26223900
2016-05-03,13.140000,13.390000,12.510000,12.790000,12.107304,25388300
2016-05-04,12.850000,13.080000,12.090000,12.170000,11.520396,25287700
2016-05-05,12.750000,12.810000,11.890000,12.070000,11.425737,26903700
2016-05-06,11.870000,12.540000,11.780000,12.030000,11.387870,21632800
2016-05-09,11.890000,11.960000,11.280000,11.440000,10.829361,21257600
2016-05-10,11.540000,11.950000,11.460000,11.940000,11.302673,17102300
2016-05-11,11.910000,12.830000,11.580000,12.460000,11.794917,22812100
2016-05-12,12.730000,13.140000,12.160000,12.330000,11.671858,25073700
2016-05-13,12.240000,12.610000,12.180000,12.300000,11.643460,15099200
2016-05-16,12.770000,13.130000,12.700000,12.780000,12.147216,17294200
2016-05-17,12.900000,13.200000,12.680000,12.860000,12.223254,16167200
2016-05-18,12.780000,13.080000,12.560000,12.660000,12.033158,15022800
2016-05-19,12.350000,12.880000,12.110000,12.740000,12.109197,17303600
2016-05-20,12.830000,13.110000,12.580000,13.110000,12.460876,17178200
2016-05-23,12.870000,13.290000,12.830000,13.190000,12.536915,16878200
2016-05-24,13.240000,13.300000,12.900000,13.020000,12.375332,18427500
2016-05-25,13.230000,13.600000,13.140000,13.540000,12.869586,16999500
2016-05-26,13.800000,13.890000,13.170000,13.170000,12.517906,17242000
2016-05-27,13.060000,13.100000,12.770000,12.900000,12.261275,16136400
2016-05-31,13.110000,13.590000,12.940000,13.070000,12.422857,19678400
2016-06-01,12.880000,13.320000,12.680000,13.230000,12.574935,17141800
2016-06-02,13.010000,13.470000,12.960000,13.380000,12.717507,13965100
2016-06-03,13.360000,13.570000,13.070000,13.320000,12.660479,14767900
2016-06-06,13.650000,14.000000,13.520000,13.960000,13.268789,16295400
2016-06-07,14.150000,14.750000,13.970000,14.620000,13.896112,24184000
2016-06-08,15.000000,15.150000,14.420000,14.530000,13.810568,20238300
2016-06-09,14.180000,14.470000,14.100000,14.260000,13.553937,14134300
2016-06-10,13.970000,13.990000,13.400000,13.420000,12.755527,16791200
2016-06-13,13.240000,13.710000,13.150000,13.280000,12.622458,17011200
2016-06-14,13.260000,13.500000,12.840000,13.230000,12.574935,12107600
2016-06-15,13.060000,13.490000,12.890000,13.060000,12.413353,13088100
2016-06-16,12.900000,12.910000,12.220000,12.670000,12.042663,16743700
2016-06-17,12.980000,13.380000,12.930000,13.160000,12.508401,17879400
2016-06-20,13.850000,14.730000,13.830000,14.480000,13.763042,39534000
2016-06-21,14.740000,15.180000,14.200000,15.090000,14.342839,34467400
2016-06-22,15.130000,15.320000,14.560000,14.750000,14.019672,21281100
2016-06-23,15.020000,15.280000,14.780000,15.270000,14.513928,19494000
2016-06-24,14.310000,14.940000,14.280000,14.590000,13.867597,33429500
2016-06-27,14.300000,14.420000,13.120000,13.660000,12.983645,23889600
2016-06-28,14.280000,14.830000,14.170000,14.780000,14.048188,19105300
2016-06-29,15.020000,15.450000,14.840000,15.140000,14.390364,24163800
2016-06-30,15.020000,15.150000,14.760000,15.010000,14.266801,15331700
2016-07-01,14.880000,15.840000,14.850000,15.680000,14.903626,19890800
2016-07-05,15.210000,15.450000,14.450000,14.720000,13.991159,21129200
2016-07-06,14.560000,15.000000,14.430000,14.840000,14.105217,15754800
2016-07-07,15.200000,15.400000,14.560000,14.740000,14.010171,18822000
2016-07-08,15.060000,15.170000,14.680000,14.920000,14.181257,17321300
2016-07-11,15.000000,15.140000,14.660000,14.690000,13.962646,12502900
2016-07-12,15.030000,15.730000,15.010000,15.600000,14.827588,21959700
2016-07-13,15.440000,15.740000,15.130000,15.290000,14.532937,22648400
2016-07-14,15.550000,15.760000,15.210000,15.270000,14.513928,12174900
2016-07-15,15.410000,15.510000,15.100000,15.210000,14.456897,15297900
2016-07-18,15.040000,15.210000,14.730000,15.180000,14.428383,14617600
2016-07-19,15.060000,15.130000,14.650000,14.750000,14.019672,12830500
2016-07-20,14.620000,14.940000,14.140000,14.840000,14.105217,17544800
2016-07-21,14.800000,15.080000,14.370000,14.420000,13.706014,18026500
2016-07-22,14.490000,14.520000,14.030000,14.110000,13.411363,19805400
2016-07-25,13.940000,14.060000,13.500000,13.580000,12.907606,17377400
2016-07-26,13.490000,13.830000,13.410000,13.780000,13.097703,14112600
2016-07-27,13.890000,14.090000,13.060000,13.130000,12.479887,22775700
2016-07-28,13.190000,13.450000,13.080000,13.350000,12.688995,16668900
2016-07-29,13.210000,13.740000,13.110000,13.640000,12.964634,13855600
2016-08-01,13.420000,13.430000,12.840000,12.920000,12.280284,20926700
2016-08-02,13.120000,13.230000,12.470000,12.900000,12.261275,17163600
2016-08-03,12.970000,13.420000,12.670000,13.420000,12.755527,17171100
2016-08-04,13.600000,13.900000,13.050000,13.410000,12.746023,24445600
2016-08-05,13.470000,13.940000,13.300000,13.870000,13.183247,16909700
2016-08-08,14.100000,14.680000,14.100000,14.250000,13.544431,18392000
2016-08-09,14.350000,14.520000,14.220000,14.420000,13.706014,15450800
2016-08-10,14.480000,14.590000,13.950000,13.980000,13.287798,13540000
2016-08-11,14.150000,14.630000,14.010000,14.450000,13.734529,13615900
2016-08-12,14.600000,14.920000,14.550000,14.720000,13.991159,13455700
2016-08-15,14.940000,15.060000,14.780000,14.900000,14.210518,12045700
2016-08-16,15.120000,15.250000,14.710000,15.170000,14.468022,18354900
2016-08-17,15.070000,15.750000,14.930000,15.700000,14.973496,20862600
2016-08-18,15.870000,16.730000,15.800000,16.680000,15.908148,26906000
2016-08-19,16.520000,16.850000,16.480000,16.799999,16.022596,16932800
2016-08-22,16.200001,16.250000,15.450000,15.640000,14.916274,26338000
2016-08-23,15.730000,16.549999,15.670000,16.430000,15.669719,29790900
2016-08-24,16.340000,16.530001,15.970000,16.059999,15.316837,16495700
2016-08-25,16.020000,16.280001,15.910000,16.010000,15.269153,11531900
2016-08-26,16.070000,16.320000,15.750000,15.950000,15.211927,15538800
2016-08-29,15.840000,16.080000,15.730000,15.990000,15.250079,9884400
2016-08-30,15.990000,16.160000,15.420000,15.550000,14.830440,15529300
2016-08-31,15.400000,15.510000,14.920000,15.020000,14.324965,17317200
2016-09-01,14.960000,15.260000,14.820000,15.110000,14.410797,14881800
2016-09-02,15.370000,15.690000,15.350000,15.490000,14.773215,12584600
2016-09-06,15.570000,15.710000,15.280000,15.640000,14.916274,10021700
2016-09-07,15.800000,15.930000,15.470000,15.690000,14.963959,12819100
2016-09-08,15.890000,16.900000,15.770000,16.740000,15.965370,26230500
2016-09-09,16.440001,16.610001,15.670000,15.670000,14.944886,17156500
2016-09-12,15.400000,15.740000,15.070000,15.470000,14.754140,18951200
2016-09-13,15.090000,15.100000,14.230000,14.340000,13.676430,28846500
2016-09-14,14.300000,14.580000,13.950000,14.010000,13.361702,18840400
2016-09-15,14.120000,14.500000,14.080000,14.260000,13.600134,12191200
2016-09-16,13.950000,14.280000,13.900000,14.240000,13.581057,12956500
2016-09-19,14.500000,14.630000,14.080000,14.090000,13.437999,12868800
2016-09-20,14.020000,14.310000,13.800000,13.870000,13.228178,15967200
2016-09-21,14.110000,14.680000,14.070000,14.650000,13.972085,18859300
2016-09-22,14.800000,15.230000,14.740000,14.870000,14.181907,17035300
2016-09-23,14.710000,15.100000,14.260000,14.490000,13.819490,22031500
2016-09-26,14.550000,14.850000,14.380000,14.410000,13.743192,11913000
2016-09-27,14.160000,14.220000,13.900000,14.060000,13.409387,16028700
2016-09-28,14.210000,15.240000,13.840000,15.180000,14.477561,30979900
2016-09-29,15.280000,16.250000,15.280000,15.900000,15.164243,34965500
2016-09-30,15.950000,16.160000,15.760000,15.810000,15.078409,19307900
2016-10-03,15.890000,16.090000,15.610000,15.980000,15.240542,10465300
2016-10-04,16.020000,16.139999,15.520000,15.630000,14.906737,13750500
2016-10-05,15.930000,16.400000,15.870000,16.120001,15.374064,17660800
2016-10-06,16.270000,16.340000,15.820000,16.080000,15.335913,13514900
2016-10-07,16.110001,16.180000,15.500000,15.560000,14.839977,16881100
2016-10-10,15.840000,15.950000,15.610000,15.720000,14.992574,10553600
2016-10-11,15.600000,15.650000,14.920000,15.080000,14.382186,15994700
2016-10-12,15.000000,15.060000,14.780000,14.940000,14.248664,11786000
2016-10-13,14.770000,14.930000,14.520000,14.780000,14.096068,12611400
2016-10-14,14.870000,14.940000,14.540000,14.580000,13.905324,11115800
2016-10-17,14.390000,14.560000,14.030000,14.180000,13.523833,13373600
2016-10-18,14.400000,14.420000,14.010000,14.200000,13.542909,15738400
2016-10-19,14.350000,14.860000,14.310000,14.650000,13.972085,15798500
2016-10-20,14.470000,14.700000,14.270000,14.700000,14.019773,12850500
2016-10-21,14.570000,14.750000,14.500000,14.640000,13.962548,8355000
2016-10-24,14.590000,14.770000,14.260000,14.590000,13.914863,10074900
2016-10-25,14.450000,14.650000,14.150000,14.180000,13.523833,9830500
2016-10-26,13.990000,14.390000,13.900000,14.250000,13.590593,13519800
2016-10-27,14.350000,14.400000,13.880000,13.950000,13.304477,18435300
2016-10-28,13.880000,14.230000,13.650000,13.720000,13.085118,19045800
2016-10-31,13.650000,13.680000,13.140000,13.180000,12.570107,16153800
2016-11-01,13.370000,13.530000,12.870000,13.270000,12.655944,16540200
2016-11-02,13.060000,13.100000,12.360000,12.780000,12.188617,26197400
2016-11-03,13.770000,14.760000,13.710000,14.150000,13.495219,38327500
2016-11-04,13.910000,14.200000,13.660000,13.690000,13.056509,29039600
2016-11-07,14.100000,14.260000,13.920000,14.150000,13.495219,16077000
2016-11-08,14.030000,14.370000,13.980000,14.250000,13.590593,11009300
2016-11-09,14.180000,15.070000,14.180000,14.880000,14.191442,22354100
2016-11-10,14.730000,15.230000,14.630000,15.140000,14.439410,19249900
2016-11-11,14.940000,15.070000,14.370000,14.890000,14.200980,13642100
2016-11-14,14.700000,15.000000,14.450000,14.930000,14.287104,15132700
2016-11-15,15.240000,15.850000,15.150000,15.700000,15.023946,20432700
2016-11-16,15.550000,15.930000,15.350000,15.560000,14.889977,16469400
2016-11-17,15.800000,16.070000,15.440000,15.460000,14.794282,17795700
2016-11-18,15.520000,15.830000,15.490000,15.620000,14.947393,13993800
2016-11-21,16.080000,16.580000,16.040001,16.480000,15.770360,19714300
2016-11-22,16.410000,16.730000,16.010000,16.549999,15.837348,17922600
2016-11-23,16.370001,16.799999,16.290001,16.780001,16.057444,11208800
2016-11-25,16.629999,16.629999,16.139999,16.280001,15.578972,7921600
2016-11-28,16.549999,16.580000,15.510000,15.540000,14.870836,20131700
2016-11-29,15.140000,15.160000,14.710000,14.950000,14.306242,20300500
2016-11-30,16.379999,18.549999,16.379999,18.059999,17.282326,74592400
2016-12-01,19.120001,19.139999,17.580000,17.889999,17.119644,36112900
2016-12-02,17.840000,18.389999,17.840000,18.200001,17.416296,16678700
2016-12-05,18.549999,18.730000,18.290001,18.389999,17.598114,14032100
2016-12-06,18.120001,18.620001,17.930000,18.350000,17.559832,13954500
2016-12-07,18.209999,18.490000,18.090000,18.420000,17.626825,14177800
2016-12-08,18.500000,18.590000,18.170000,18.379999,17.588547,14506400
2016-12-09,18.559999,18.580000,18.080000,18.250000,17.464146,10999700
2016-12-12,19.150000,19.280001,18.480000,18.490000,17.693810,21518400
2016-12-13,18.809999,19.000000,18.330000,18.799999,17.990459,18022900
2016-12-14,18.590000,18.950001,18.160000,18.200001,17.416296,21319000
2016-12-15,17.860001,18.590000,17.559999,18.240000,17.454571,18064000
2016-12-16,18.340000,19.020000,18.219999,18.590000,17.789501,20606500
2016-12-19,18.650000,18.700001,18.299999,18.510000,17.712944,10731700
2016-12-20,18.610001,18.790001,18.240000,18.309999,17.521557,10116000
2016-12-21,18.559999,18.590000,18.049999,18.080000,17.301464,8167300
2016-12-22,18.120001,18.350000,18.000000,18.040001,17.263187,9169500
2016-12-23,17.980000,18.200001,17.940001,18.059999,17.282326,7624400
2016-12-27,18.100000,18.200001,18.000000,18.139999,17.358879,5384100
2016-12-28,18.110001,18.290001,17.840000,17.850000,17.081366,8333800
2016-12-29,17.780001,17.830000,17.440001,17.570000,16.813425,7020000
2016-12-30,17.570000,17.820000,17.209999,17.309999,16.564619,7920500
2017-01-03,17.740000,18.059999,17.290001,17.760000,16.995241,13526000
2017-01-04,17.709999,18.090000,17.540001,18.049999,17.272753,9323100
2017-01-05,18.100000,18.270000,17.879999,18.180000,17.397154,9764700
2017-01-06,18.170000,18.170000,17.830000,17.879999,17.110073,7807800
2017-01-09,17.639999,17.750000,17.400000,17.400000,16.650743,8866700
2017-01-10,17.500000,17.580000,17.350000,17.480000,16.727299,6969500
2017-01-11,17.559999,17.760000,17.469999,17.690001,16.928255,9787400
2017-01-12,18.030001,18.100000,17.330000,17.440001,16.689026,10282400
2017-01-13,17.330000,17.490000,17.240000,17.450001,16.698591,5406800
2017-01-17,17.629999,17.700001,17.400000,17.440001,16.689026,6865000
2017-01-18,17.260000,17.480000,17.150000,17.330000,16.583757,9286700
2017-01-19,17.330000,17.510000,17.209999,17.270000,16.526340,6267100
2017-01-20,17.490000,17.750000,17.420000,17.610001,16.851704,11179200
2017-01-23,17.480000,17.610001,17.270000,17.420000,16.669884,9514800
2017-01-24,17.549999,17.910000,17.500000,17.700001,16.937824,8316000
2017-01-25,17.690001,17.879999,17.670000,17.750000,16.985674,8053500
2017-01-26,17.799999,17.930000,17.639999,17.750000,16.985674,6978400
2017-01-27,17.680000,17.700001,17.280001,17.410000,16.660313,6444500
2017-01-30,17.270000,17.340000,16.360001,16.530001,15.818207,13623400
2017-01-31,16.549999,16.750000,16.280001,16.750000,16.028736,10892700
2017-02-01,17.030001,17.120001,16.230000,16.590000,15.875623,11449100
2017-02-02,16.639999,16.770000,16.290001,16.680000,15.961746,9235800
2017-02-03,16.700001,17.360001,16.660000,17.230000,16.488066,12758600
2017-02-06,17.250000,17.250000,16.459999,16.520000,15.808635,9566000
2017-02-07,16.389999,16.430000,15.750000,16.030001,15.339738,14647800
2017-02-08,15.860000,16.240000,15.630000,15.880000,15.196198,13282300
2017-02-09,15.880000,16.230000,15.880000,16.049999,15.358875,8911600
2017-02-10,16.379999,16.400000,16.049999,16.190001,15.492848,11992600
2017-02-13,16.080000,16.139999,15.790000,16.059999,15.416055,14778800
2017-02-14,16.160000,16.430000,15.970000,16.410000,15.752024,11092100
2017-02-15,16.389999,16.570000,16.190001,16.299999,15.646434,13241300
2017-02-16,16.600000,17.049999,16.129999,16.170000,15.521645,23882200
2017-02-17,16.049999,16.260000,15.930000,16.230000,15.579237,13921100
2017-02-21,16.420000,16.639999,16.320000,16.379999,15.723221,13302200
2017-02-22,16.200001,16.260000,15.730000,15.760000,15.128085,14602300
2017-02-23,16.250000,16.250000,15.700000,15.980000,15.339263,16366300
2017-02-24,15.690000,15.990000,15.590000,15.730000,15.099287,12131000
2017-02-27,15.900000,15.980000,15.660000,15.850000,15.214476,11130900
2017-02-28,15.680000,16.120001,15.670000,16.000000,15.358461,13377900
2017-03-01,16.160000,16.650000,16.100000,16.450001,15.790418,12991700
2017-03-02,16.250000,16.480000,16.090000,16.139999,15.492848,11310800
2017-03-03,16.180000,16.500000,16.120001,16.180000,15.531244,6963100
2017-03-06,16.100000,16.480000,15.980000,16.469999,15.809614,8821100
2017-03-07,16.549999,16.590000,16.110001,16.280001,15.627234,11320400
2017-03-08,16.120001,16.209999,14.810000,14.870000,14.273770,24467100
2017-03-09,15.660000,16.070000,15.220000,16.070000,15.425654,36557900
2017-03-10,16.440001,16.540001,15.610000,16.160000,15.512048,24326700
2017-03-13,16.049999,16.250000,15.800000,15.840000,15.204876,15432300
2017-03-14,15.490000,15.500000,14.610000,15.320000,14.705727,24942900
2017-03-15,15.480000,15.680000,15.230000,15.560000,14.936104,15756400
2017-03-16,15.630000,15.700000,15.430000,15.550000,14.926507,9523200
2017-03-17,15.610000,15.650000,15.390000,15.460000,14.840115,12129400
2017-03-20,15.290000,15.520000,15.080000,15.480000,14.859310,11142600
2017-03-21,15.550000,15.570000,14.890000,15.050000,14.446553,15350700
2017-03-22,14.950000,15.130000,14.810000,15.020000,14.417757,10055400
2017-03-23,14.960000,15.020000,14.660000,14.680000,14.091389,14362600
2017-03-24,14.730000,14.950000,14.550000,14.610000,14.024194,11814900
2017-03-27,14.410000,14.780000,14.300000,14.750000,14.158583,9639800
2017-03-28,14.760000,15.270000,14.720000,15.230000,14.619336,13185000
2017-03-29,15.210000,15.980000,15.180000,15.850000,15.214476,15762100
2017-03-30,16.049999,16.180000,15.780000,15.850000,15.214476,13249700
2017-03-31,15.800000,16.000000,15.560000,15.800000,15.166480,9802700
2017-04-03,15.810000,15.900000,15.540000,15.820000,15.185677,8428300
2017-04-04,15.810000,16.150000,15.650000,16.139999,15.492848,9142100
2017-04-05,16.309999,16.639999,15.950000,15.980000,15.339263,19647100
2017-04-06,16.139999,16.459999,16.010000,16.309999,15.656031,12363600
2017-04-07,16.309999,16.469999,16.250000,16.260000,15.608039,12551100
2017-04-10,16.379999,16.680000,16.350000,16.559999,15.896008,11566700
2017-04-11,16.559999,16.610001,16.270000,16.600000,15.934406,9674100
2017-04-12,16.639999,16.900000,16.290001,16.410000,15.752024,16372100
2017-04-13,16.350000,16.400000,15.820000,15.910000,15.272070,15490900
2017-04-17,15.910000,16.110001,15.700000,16.020000,15.377660,11375200
2017-04-18,15.830000,16.049999,15.510000,15.740000,15.108887,14014900
2017-04-19,15.760000,15.820000,14.960000,15.060000,14.456152,13678200
2017-04-20,15.160000,15.300000,15.040000,15.090000,14.484948,10314400
2017-04-21,15.020000,15.240000,14.890000,15.160000,14.552141,14072900
2017-04-24,15.310000,15.360000,14.990000,15.150000,14.542543,12722600
2017-04-25,15.170000,15.630000,15.050000,15.610000,14.984097,10929400
2017-04-26,15.490000,15.860000,15.310000,15.310000,14.696129,14794200
2017-04-27,15.100000,15.180000,14.630000,14.880000,14.283369,21618300
2017-04-28,14.990000,15.170000,14.820000,14.870000,14.273770,12815400
2017-05-01,14.870000,14.950000,14.740000,14.820000,14.225775,7810800
2017-05-02,14.840000,14.950000,14.470000,14.640000,14.052992,11148000
2017-05-03,14.560000,14.950000,14.520000,14.850000,14.254573,12226500
2017-05-04,14.650000,14.670000,13.970000,14.170000,13.601836,18856800
2017-05-05,14.100000,14.340000,13.650000,14.290000,13.717025,21878500
2017-05-08,14.290000,14.650000,14.220000,14.590000,14.004998,11747600
2017-05-09,14.630000,14.630000,14.280000,14.400000,13.822616,10126100
2017-05-10,14.570000,14.940000,14.520000,14.700000,14.110586,14454300
2017-05-11,14.660000,14.840000,14.470000,14.480000,13.899407,12619300
2017-05-12,14.540000,14.560000,14.150000,14.330000,13.755423,17498000
2017-05-15,14.930000,15.120000,14.430000,14.540000,14.005872,15984800
2017-05-16,14.650000,14.700000,14.320000,14.430000,13.899913,12764900
2017-05-17,14.430000,14.610000,14.180000,14.350000,13.822850,14647000
2017-05-18,14.220000,14.470000,14.020000,14.120000,13.601300,10776500
2017-05-19,14.250000,14.670000,14.210000,14.530000,13.996240,12773500
2017-05-22,14.610000,14.700000,14.400000,14.440000,13.909544,10009200
2017-05-23,14.490000,14.590000,14.370000,14.560000,14.025137,10507200
2017-05-24,14.550000,14.670000,14.360000,14.530000,13.996240,13007000
2017-05-25,14.420000,14.700000,13.430000,13.500000,13.004075,26995500
2017-05-26,13.520000,13.620000,13.300000,13.520000,13.023341,11294500
2017-05-30,13.420000,13.430000,13.110000,13.120000,12.638035,10954000
2017-05-31,12.920000,13.100000,12.750000,13.020000,12.541707,14886100
2017-06-01,13.050000,13.410000,12.950000,13.100000,12.618772,11617000
2017-06-02,12.960000,12.990000,12.560000,12.720000,12.252729,13849600
2017-06-05,12.610000,12.860000,12.540000,12.780000,12.310525,10988200
2017-06-06,12.760000,12.960000,12.640000,12.880000,12.406851,10660300
2017-06-07,12.800000,12.920000,12.130000,12.210000,11.761464,24182900
2017-06-08,12.210000,12.360000,12.040000,12.090000,11.645873,15665900
2017-06-09,12.150000,12.670000,12.040000,12.540000,12.079341,17448800
2017-06-12,12.750000,12.960000,12.550000,12.620000,12.156403,13353400
2017-06-13,12.610000,13.060000,12.570000,13.010000,12.532076,13933700
2017-06-14,12.870000,13.000000,12.470000,12.640000,12.175668,14260300
2017-06-15,12.570000,12.760000,12.260000,12.370000,11.915587,12857900
2017-06-16,12.470000,12.590000,12.320000,12.520000,12.060076,16457400
2017-06-19,12.540000,12.600000,12.420000,12.490000,12.031178,10139700
2017-06-20,12.230000,12.230000,11.850000,12.060000,11.616974,18851800
2017-06-21,11.990000,12.130000,11.550000,11.610000,11.183505,19904400
2017-06-22,11.720000,11.820000,11.500000,11.590000,11.164240,12304600
2017-06-23,11.620000,11.740000,11.410000,11.530000,11.106441,14252800
2017-06-26,11.560000,11.680000,11.400000,11.530000,11.106441,9819900
2017-06-27,11.550000,11.620000,11.320000,11.350000,10.933056,24909400
2017-06-28,11.320000,11.570000,11.200000,11.450000,11.029383,23210400
2017-06-29,11.510000,12.010000,11.500000,11.710000,11.279834,19772500
2017-06-30,11.780000,11.970000,11.600000,11.850000,11.414687,15088400
2017-07-03,11.970000,12.230000,11.940000,12.140000,11.694036,8812100
2017-07-05,12.030000,12.050000,11.570000,11.740000,11.308730,18979800
2017-07-06,11.890000,11.960000,11.530000,11.590000,11.164240,17909400
2017-07-07,11.540000,11.550000,11.220000,11.470000,11.048647,15445900
2017-07-10,11.410000,11.590000,11.340000,11.520000,11.096811,10970400
2017-07-11,11.530000,11.730000,11.410000,11.590000,11.164240,10410200
2017-07-12,11.720000,11.870000,11.420000,11.430000,11.010118,17744800
2017-07-13,11.430000,11.490000,11.220000,11.450000,11.029383,18171600
2017-07-14,11.530000,11.670000,11.430000,11.650000,11.222035,15235700
2017-07-17,11.630000,11.870000,11.580000,11.590000,11.164240,14067500
2017-07-18,11.730000,11.780000,11.480000,11.680000,11.250933,14961600
2017-07-19,11.660000,12.280000,11.600000,12.250000,11.799995,19457900
2017-07-20,12.410000,12.440000,12.070000,12.100000,11.655505,18313400
2017-07-21,12.050000,12.080000,11.770000,11.850000,11.414687,12368300
2017-07-24,11.870000,11.950000,11.760000,11.880000,11.443585,9086100
2017-07-25,12.090000,12.490000,12.080000,12.340000,11.886690,19405700
2017-07-26,12.520000,12.620000,12.150000,12.180000,11.732567,14425300
2017-07-27,12.170000,12.270000,11.990000,12.230000,11.780729,15910200
2017-07-28,12.200000,12.660000,12.200000,12.360000,11.905952,15975300
2017-07-31,12.330000,12.390000,12.070000,12.230000,11.780729,10798300
2017-08-01,12.230000,12.250000,11.840000,11.910000,11.472485,13883800
2017-08-02,11.820000,12.280000,11.750000,12.040000,11.597709,23072700
2017-08-03,12.280000,13.110000,12.170000,12.510000,12.050444,32550200
2017-08-04,12.510000,12.960000,12.450000,12.900000,12.426116,21773600
2017-08-07,12.780000,12.820000,12.310000,12.350000,11.896320,19967800
2017-08-08,12.270000,12.650000,12.250000,12.370000,11.915587,13121100
2017-08-09,12.440000,12.550000,12.150000,12.200000,11.751830,13580900
2017-08-10,12.340000,12.400000,12.030000,12.050000,11.607342,12984700
2017-08-11,11.990000,12.240000,11.960000,12.120000,11.674770,11705700
2017-08-14,12.080000,12.130000,11.620000,11.630000,11.249177,14230600
2017-08-15,11.530000,11.600000,11.360000,11.530000,11.152451,11987300
2017-08-16,11.570000,11.630000,11.120000,11.190000,10.823584,13837700
2017-08-17,11.120000,11.260000,10.800000,10.820000,10.465700,15778200
2017-08-18,10.810000,10.910000,10.550000,10.870000,10.514062,28729800
2017-08-21,10.810000,10.830000,10.670000,10.770000,10.417338,11220200
2017-08-22,10.820000,10.930000,10.730000,10.890000,10.533411,10107700
2017-08-23,10.830000,11.110000,10.750000,11.020000,10.659152,6713500
2017-08-24,10.970000,11.050000,10.890000,10.990000,10.630133,7748800
2017-08-25,11.070000,11.100000,10.960000,11.050000,10.688170,7086900
2017-08-28,11.050000,11.140000,10.790000,10.920000,10.562427,8585200
2017-08-29,10.840000,10.930000,10.680000,10.880000,10.523738,7702900
2017-08-30,10.810000,10.930000,10.640000,10.900000,10.543080,8904300
2017-08-31,10.980000,11.340000,10.910000,11.120000,10.755877,15377200
2017-09-01,11.140000,11.390000,11.030000,11.270000,10.900968,7786900
2017-09-05,11.380000,11.500000,11.160000,11.290000,10.920312,11130300
2017-09-06,11.400000,11.820000,11.340000,11.730000,11.345902,16719900
2017-09-07,11.700000,11.790000,11.600000,11.780000,11.394264,10872200
2017-09-08,11.740000,11.740000,11.090000,11.310000,10.939656,18652300
2017-09-11,11.310000,11.550000,11.240000,11.490000,11.113763,8551600
2017-09-12,11.510000,11.760000,11.440000,11.590000,11.210488,8871400
2017-09-13,11.650000,12.040000,11.650000,11.910000,11.520009,14818900
2017-09-14,12.000000,12.170000,11.830000,11.930000,11.539354,13858600
2017-09-15,11.960000,12.070000,11.840000,12.000000,11.607062,11335000
2017-09-18,11.940000,12.090000,11.870000,12.020000,11.626409,10070300
2017-09-19,12.090000,12.120000,11.920000,12.000000,11.607062,7781800
2017-09-20,12.040000,12.530000,12.020000,12.420000,12.013309,15745100
2017-09-21,12.400000,12.810000,12.310000,12.730000,12.313159,18559400
2017-09-22,12.650000,12.970000,12.620000,12.790000,12.371193,11858700
2017-09-25,12.960000,13.250000,12.860000,13.190000,12.758096,10769000
2017-09-26,13.090000,13.450000,12.970000,13.400000,12.961218,14915400
2017-09-27,13.450000,13.810000,13.330000,13.730000,13.280415,21628000
2017-09-28,13.770000,13.950000,13.360000,13.530000,13.086964,19314300
2017-09-29,13.450000,13.580000,13.300000,13.560000,13.115980,14510200
2017-10-02,13.200000,13.600000,13.080000,13.590000,13.144999,11024600
2017-10-03,13.560000,13.760000,13.510000,13.760000,13.309432,9736200
2017-10-04,13.790000,14.160000,13.780000,13.900000,13.444846,14323300
2017-10-05,13.910000,14.080000,13.810000,13.880000,13.425503,11090000
2017-10-06,13.630000,13.840000,13.440000,13.550000,13.106307,7784200
2017-10-09,13.600000,13.680000,13.460000,13.580000,13.135325,6952900
2017-10-10,13.740000,13.840000,13.590000,13.620000,13.174015,9912500
2017-10-11,13.660000,13.730000,13.440000,13.680000,13.232052,7727200
2017-10-12,13.510000,13.690000,13.470000,13.620000,13.174015,6869600
2017-10-13,13.770000,13.950000,13.730000,13.750000,13.299759,11383000
2017-10-16,13.850000,14.120000,13.780000,13.850000,13.396484,11375800
2017-10-17,13.850000,13.970000,13.650000,13.960000,13.502883,9219200
2017-10-18,13.930000,14.140000,13.740000,13.770000,13.319103,9874300
2017-10-19,13.690000,13.890000,13.650000,13.740000,13.290086,7345100
2017-10-20,13.790000,13.950000,13.740000,13.930000,13.473866,7477800
2017-10-23,13.920000,13.970000,13.620000,13.630000,13.183688,8690500
2017-10-24,13.740000,13.860000,13.640000,13.710000,13.261067,12140200
2017-10-25,13.620000,13.770000,13.340000,13.480000,13.038600,11255900
2017-10-26,13.520000,13.610000,13.280000,13.560000,13.115980,11090900
2017-10-27,13.440000,13.810000,13.390000,13.810000,13.357794,9058000
2017-10-30,13.880000,14.240000,13.840000,14.160000,13.696334,18830300
2017-10-31,14.120000,14.340000,13.980000,14.220000,13.754369,13880300
2017-11-01,14.370000,14.890000,14.350000,14.870000,14.383085,17084300
2017-11-02,14.740000,15.540000,14.710000,15.440000,14.934420,22530100
2017-11-03,15.500000,15.680000,15.260000,15.580000,15.069836,17527100
2017-11-06,15.730000,16.350000,15.670000,16.330000,15.795275,23687400
2017-11-07,16.250000,16.590000,16.120001,16.160000,15.630844,17796800
2017-11-08,16.120001,16.120001,15.660000,15.750000,15.234270,18182200
2017-11-09,15.690000,15.900000,15.600000,15.780000,15.263286,13248800
2017-11-10,15.580000,15.760000,15.410000,15.620000,15.108526,11447600
2017-11-13,15.620000,15.710000,15.480000,15.550000,15.040819,9103700
2017-11-14,15.340000,15.350000,14.830000,14.840000,14.400370,14720700
2017-11-15,14.640000,14.920000,14.500000,14.790000,14.351851,13358200
2017-11-16,14.760000,14.830000,14.500000,14.520000,14.089852,14253300
2017-11-17,14.710000,15.190000,14.700000,15.050000,14.604151,10747300
2017-11-20,14.850000,14.870000,14.430000,14.470000,14.041333,14094700
2017-11-21,14.530000,14.680000,14.360000,14.520000,14.089852,11689600
2017-11-22,14.720000,14.970000,14.670000,14.880000,14.439186,20262800
2017-11-24,14.940000,15.290000,14.920000,15.130000,14.681780,6794200
2017-11-27,14.870000,14.960000,14.460000,14.480000,14.051035,11718200
2017-11-28,14.530000,14.640000,14.440000,14.560000,14.128665,11013200
2017-11-29,14.500000,14.800000,14.460000,14.750000,14.313035,10057400
2017-11-30,14.960000,15.280000,14.660000,14.840000,14.400370,18675300
2017-12-01,15.000000,15.240000,14.790000,15.080000,14.633261,18223500
2017-12-04,14.970000,15.480000,14.850000,14.900000,14.458592,13136900
2017-12-05,15.160000,15.230000,14.820000,14.880000,14.439186,14085700
2017-12-06,14.880000,14.880000,14.380000,14.450000,14.021924,10756600
2017-12-07,14.460000,14.790000,14.380000,14.740000,14.303333,7961000
2017-12-08,14.890000,15.180000,14.760000,15.150000,14.701186,8441700
2017-12-11,15.140000,15.320000,15.040000,15.150000,14.701186,10294800
2017-12-12,15.240000,15.290000,14.900000,15.180000,14.730298,10990100
2017-12-13,15.190000,15.420000,15.110000,15.200000,14.749705,14765400
2017-12-14,15.090000,15.380000,15.070000,15.120000,14.672076,9192300
2017-12-15,15.270000,15.350000,14.980000,15.010000,14.565332,16611300
2017-12-18,15.090000,15.470000,14.980000,15.430000,14.972891,13875700
2017-12-19,15.480000,16.040001,15.340000,16.020000,15.545414,14504500
2017-12-20,16.120001,16.360001,15.820000,16.320000,15.836524,13842500
2017-12-21,16.330000,17.110001,16.270000,17.049999,16.544903,15603200
2017-12-22,16.980000,17.219999,16.879999,16.900000,16.399343,9381900
2017-12-26,17.040001,17.350000,16.959999,17.260000,16.748680,9356700
2017-12-27,17.180000,17.219999,16.930000,17.010000,16.506083,7509800
2017-12-28,17.000000,17.110001,16.820000,17.070000,16.564306,8274700
2017-12-29,17.150000,17.180000,16.920000,16.930000,16.428457,7122700
2018-01-02,17.110001,17.389999,17.040001,17.379999,16.865126,8107000
2018-01-03,17.450001,17.870001,17.430000,17.670000,17.146530,10684700
2018-01-04,17.900000,18.150000,17.620001,18.120001,17.583202,14052100
2018-01-05,17.959999,17.959999,17.629999,17.889999,17.360016,11962200
2018-01-08,17.870001,17.980000,17.650000,17.969999,17.437645,7096800
2018-01-09,18.010000,18.129999,17.860001,18.049999,17.515276,12120500
2018-01-10,18.090000,18.150000,17.850000,17.900000,17.369717,7921900
2018-01-11,18.000000,18.809999,17.940001,18.600000,18.048981,13189700
2018-01-12,18.680000,18.959999,18.570000,18.820000,18.262465,10312200
2018-01-16,18.889999,18.910000,18.219999,18.240000,17.699644,13872500
2018-01-17,18.350000,19.040001,18.070000,18.840000,18.281872,19818200
2018-01-18,18.760000,18.920000,18.459999,18.690001,18.136314,10145100
2018-01-19,18.540001,18.590000,18.260000,18.580000,18.029575,7614700
2018-01-22,18.650000,19.280001,18.610001,19.280001,18.708839,13343200
2018-01-23,19.340000,19.520000,18.920000,19.219999,18.650616,11965000
2018-01-24,19.340000,19.480000,19.010000,19.280001,18.708839,11367200
2018-01-25,19.440001,19.450001,18.650000,18.680000,18.126616,9251600
2018-01-26,18.650000,19.040001,18.459999,18.840000,18.281872,8947400
2018-01-29,18.629999,19.070000,18.510000,18.620001,18.068390,7613600
2018-01-30,18.450001,18.490000,17.709999,18.059999,17.524981,12467500
2018-01-31,18.059999,18.299999,17.969999,18.190001,17.651127,9760300
2018-02-01,18.250000,18.520000,18.160000,18.430000,17.884018,9494400
2018-02-02,18.139999,18.230000,17.420000,17.520000,17.000977,10885100
2018-02-05,16.700001,17.379999,16.610001,16.780001,16.282900,15320100
2018-02-06,16.309999,17.330000,16.139999,17.230000,16.719566,16059000
2018-02-07,17.160000,17.650000,16.320000,16.330000,15.846227,17435500
2018-02-08,16.379999,16.700001,15.680000,15.680000,15.215485,15091100
2018-02-09,15.770000,15.920000,14.870000,15.510000,15.050521,17712200
2018-02-12,15.760000,16.469999,15.740000,16.270000,15.788009,15792400
2018-02-13,16.100000,16.219999,15.900000,16.070000,15.593932,8344400
2018-02-14,15.810000,17.010000,15.720000,16.950001,16.447865,14150100
2018-02-15,16.950001,16.950001,15.490000,16.320000,15.836524,28950200
2018-02-16,16.219999,16.250000,15.620000,15.650000,15.186373,17798000
2018-02-20,15.630000,16.230000,15.630000,15.850000,15.429745,22272600
2018-02-21,15.800000,16.040001,15.290000,15.300000,14.894329,16923700
2018-02-22,15.410000,15.620000,15.150000,15.180000,14.777512,18251600
2018-02-23,15.290000,15.550000,15.110000,15.540000,15.127965,13865000
2018-02-26,15.570000,15.600000,15.210000,15.340000,14.933267,13662200
2018-02-27,15.300000,15.500000,14.990000,15.000000,14.602282,12587900
2018-02-28,15.070000,15.170000,14.510000,14.520000,14.135011,15725400
2018-03-01,14.550000,14.940000,14.370000,14.530000,14.144743,13600300
2018-03-02,14.460000,14.890000,14.270000,14.860000,14.465994,11468700
2018-03-05,14.820000,15.230000,14.780000,15.150000,14.748305,12024000
2018-03-06,15.260000,15.320000,15.000000,15.030000,14.631488,9045200
2018-03-07,14.840000,15.020000,14.610000,14.800000,14.407586,8609600
2018-03-08,14.860000,14.930000,14.620000,14.830000,14.436791,10863100
2018-03-09,14.920000,15.250000,14.900000,15.220000,14.816450,8747200
2018-03-12,15.130000,15.410000,15.020000,15.090000,14.689897,10335600
2018-03-13,15.220000,15.240000,14.740000,14.820000,14.427055,15732200
2018-03-14,14.950000,15.030000,14.800000,14.870000,14.475731,12526400
2018-03-15,14.930000,15.040000,14.760000,14.910000,14.514669,10798000
2018-03-16,14.970000,15.320000,14.900000,15.120000,14.719101,19356800
2018-03-19,15.050000,15.190000,14.720000,14.850000,14.456261,9637700
2018-03-20,14.980000,15.370000,14.950000,15.260000,14.855390,12136800
2018-03-21,15.380000,16.420000,15.300000,16.320000,15.887282,16591100
2018-03-22,16.080000,16.150000,15.680000,15.840000,15.420011,11604400
2018-03-23,15.880000,16.360001,15.700000,15.760000,15.342132,11890900
2018-03-26,16.030001,16.299999,15.830000,16.270000,15.838611,13256200
2018-03-27,16.389999,16.400000,15.710000,15.820000,15.400540,10584900
2018-03-28,15.830000,15.950000,15.280000,15.320000,14.913797,11221600
2018-03-29,15.480000,16.200001,15.450000,16.129999,15.702320,11153800
2018-04-02,16.010000,16.059999,15.220000,15.570000,15.157169,10380700
2018-04-03,15.720000,16.020000,15.390000,16.000000,15.575768,8402800
2018-04-04,15.650000,15.920000,15.510000,15.890000,15.468685,8410300
2018-04-05,15.990000,16.990000,15.970000,16.799999,16.354557,20987300
2018-04-06,16.620001,16.900000,15.980000,16.240000,15.809405,12889000
2018-04-09,16.410000,16.700001,16.340000,16.350000,15.916491,8334600
2018-04-10,16.750000,17.219999,16.730000,17.059999,16.607662,11465500
2018-04-11,16.959999,17.629999,16.889999,17.520000,17.055468,16953100
2018-04-12,17.600000,17.750000,17.379999,17.629999,17.162546,13817600
2018-04-13,17.840000,18.500000,17.799999,18.160000,17.678495,18106400
2018-04-16,18.200001,18.500000,18.059999,18.190001,17.707701,13165900
2018-04-17,18.280001,18.370001,18.110001,18.150000,17.668760,15749400
2018-04-18,18.320000,18.660000,18.190001,18.230000,17.746645,30393200
2018-04-19,18.320000,18.350000,17.879999,17.990000,17.513004,16333700
2018-04-20,17.990000,18.030001,17.680000,18.020000,17.542208,11724400
2018-04-23,17.940001,18.090000,17.600000,17.980000,17.503267,9203100
2018-04-24,18.110001,18.280001,17.620001,17.709999,17.240427,11266300
2018-04-25,17.690001,18.010000,17.570000,17.969999,17.493534,9692200
2018-04-26,18.080000,18.549999,17.990000,18.459999,17.970541,12522400
2018-04-27,18.379999,18.379999,18.010000,18.110001,17.629824,7277000
2018-04-30,18.070000,18.490000,18.070000,18.250000,17.766109,18750400
2018-05-01,18.139999,18.370001,17.980000,18.200001,17.717434,11228600
2018-05-02,18.180000,18.500000,18.150000,18.299999,17.814785,11193900
2018-05-03,18.280001,19.510000,18.280001,19.440001,18.924559,27319900
2018-05-04,19.500000,19.940001,19.290001,19.719999,19.197136,16161600
2018-05-07,20.040001,20.860001,19.760000,19.770000,19.245808,19009100
2018-05-08,19.799999,20.459999,19.150000,20.440001,19.898045,18752200
2018-05-09,20.910000,21.680000,20.850000,21.260000,20.696301,21226700
2018-05-10,21.360001,21.410000,20.990000,21.139999,20.579481,13150900
2018-05-11,21.170000,21.230000,20.910000,21.000000,20.443195,9326000
2018-05-14,21.190001,21.520000,21.170000,21.420000,20.852060,12014700
2018-05-15,21.299999,21.379999,20.959999,21.270000,20.754484,11199000
2018-05-16,21.260000,21.320000,20.990000,21.180000,20.666664,9687700
2018-05-17,21.350000,21.770000,21.280001,21.650000,21.125275,10013500
2018-05-18,21.600000,21.629999,21.360001,21.410000,20.891092,7895500
2018-05-21,21.629999,21.940001,21.559999,21.900000,21.369215,10459900
2018-05-22,21.910000,22.120001,21.440001,21.540001,21.017942,12205700
2018-05-23,21.360001,21.790001,21.209999,21.629999,21.105759,10617500
2018-05-24,21.170000,21.709999,20.930000,21.469999,20.949636,12430800
2018-05-25,20.790001,20.820000,20.260000,20.709999,20.208059,14058700
2018-05-29,20.389999,20.830000,20.309999,20.680000,20.178783,9384900
2018-05-30,20.900000,21.650000,20.830000,21.530001,21.008181,9503400
2018-05-31,21.330000,21.830000,21.200001,21.430000,20.910604,12862500
2018-06-01,21.410000,21.799999,21.200001,21.520000,20.998423,12991800
2018-06-04,21.719999,21.840000,21.040001,21.080000,20.569090,12122600
2018-06-05,20.930000,21.150000,20.420000,20.580000,20.081207,12466600
2018-06-06,20.740000,20.830000,20.340000,20.700001,20.198301,11156300
2018-06-07,20.900000,21.340000,20.809999,21.100000,20.588604,8306400
2018-06-08,21.320000,21.320000,20.780001,20.990000,20.481270,8879300
2018-06-11,21.010000,21.639999,20.860001,21.469999,20.949636,10121700
2018-06-12,21.480000,21.639999,21.219999,21.360001,20.842300,10768800
2018-06-13,21.230000,21.620001,21.190001,21.469999,20.949636,11238000
2018-06-14,21.610001,21.670000,21.070000,21.120001,20.608122,9308200
2018-06-15,21.010000,21.049999,19.879999,19.990000,19.505508,22234000
2018-06-18,19.990000,20.650000,19.969999,20.320000,19.827509,14889400
2018-06-19,19.850000,20.559999,19.709999,20.530001,20.032419,11348600
2018-06-20,20.799999,21.080000,20.580000,21.059999,20.549576,11199100
2018-06-21,20.790001,20.790001,19.879999,19.920000,19.437202,14464600
2018-06-22,20.940001,21.750000,20.770000,21.480000,20.959394,19038200
2018-06-25,21.379999,21.490000,20.260000,20.299999,19.807993,13759700
2018-06-26,20.440001,20.790001,20.100000,20.730000,20.227571,14072700
2018-06-27,21.150000,21.400000,20.969999,21.219999,20.705696,14707100
2018-06-28,21.370001,21.469999,20.600000,20.700001,20.198301,13084900
2018-06-29,20.740000,21.360001,20.709999,20.860001,20.354422,13396200
2018-07-02,20.650000,20.760000,20.170000,20.660000,20.159267,12467400
2018-07-03,21.000000,21.620001,20.950001,21.270000,20.754484,8530100
2018-07-05,21.400000,21.520000,20.670000,20.700001,20.198301,8940100
2018-07-06,20.490000,21.200001,20.379999,21.090000,20.578846,9373100
2018-07-09,21.240000,21.930000,21.160000,21.910000,21.378969,11746400
2018-07-10,22.150000,22.740000,21.700001,21.980000,21.447275,15721500
2018-07-11,21.719999,22.129999,21.139999,21.299999,20.783756,11158900
2018-07-12,21.459999,21.620001,21.110001,21.430000,20.910604,8909000
2018-07-13,21.490000,21.760000,21.400000,21.480000,20.959394,8273900
2018-07-16,20.920000,21.040001,19.780001,20.040001,19.554298,23620100
2018-07-17,19.770000,20.240000,19.700001,20.059999,19.573811,11575700
2018-07-18,19.850000,20.490000,19.410000,20.370001,19.876299,17404600
2018-07-19,20.170000,20.620001,20.110001,20.540001,20.042177,12557800
2018-07-20,20.590000,20.700001,20.290001,20.480000,19.983629,11073800
2018-07-23,20.709999,20.740000,20.379999,20.459999,19.964115,7610500
2018-07-24,20.610001,21.049999,20.469999,20.850000,20.344666,6548600
2018-07-25,20.900000,21.190001,20.790001,21.180000,20.666664,6787700
2018-07-26,21.190001,21.340000,21.049999,21.240000,20.725212,7528100
2018-07-27,21.180000,21.340000,20.799999,20.830000,20.325148,8490400
2018-07-30,21.120001,21.360001,21.059999,21.110001,20.598364,8970100
2018-07-31,21.100000,21.270000,20.650000,21.120001,20.608122,10416500
2018-08-01,20.820000,20.850000,20.120001,20.309999,19.817753,12619200
2018-08-02,19.670000,21.219999,19.650000,20.830000,20.325148,15249300
2018-08-03,20.730000,20.780001,20.290001,20.540001,20.042177,13441700
2018-08-06,20.610001,20.860001,20.250000,20.610001,20.110481,9921600
2018-08-07,20.889999,21.219999,20.650000,20.719999,20.217813,10473900
2018-08-08,20.520000,20.610001,19.959999,20.139999,19.651869,10729700
2018-08-09,20.170000,20.290001,19.959999,20.090000,19.603083,8366900
2018-08-10,20.049999,20.450001,19.980000,20.379999,19.886057,5786100
2018-08-13,20.290001,20.590000,20.070000,20.080000,19.593327,7071500
2018-08-14,20.340000,20.670000,20.270000,20.450001,20.004169,7967100
2018-08-15,20.150000,20.190001,18.980000,19.000000,18.585783,16138200
2018-08-16,19.200001,19.580000,19.170000,19.320000,18.898806,10360500
2018-08-17,19.500000,19.940001,19.459999,19.830000,19.397686,10455000
2018-08-20,19.780001,20.150000,19.719999,19.980000,19.544415,7269200
2018-08-21,20.209999,20.510000,20.160000,20.209999,19.769402,7817400
2018-08-22,20.500000,21.110001,20.430000,20.870001,20.415014,10280300
2018-08-23,20.730000,20.889999,20.480000,20.780001,20.326979,6363300
2018-08-24,21.000000,21.280001,20.500000,20.610001,20.160683,10284900
2018-08-27,20.680000,21.030001,20.660000,20.870001,20.415014,6251300
2018-08-28,20.950001,21.059999,20.450001,20.700001,20.248722,10588200
2018-08-29,20.920000,22.010000,20.920000,21.770000,21.295393,17308300
2018-08-30,21.690001,22.030001,21.480000,21.629999,21.158443,11242100
2018-08-31,21.510000,21.600000,21.290001,21.510000,21.041059,7197200
2018-09-04,21.680000,21.799999,21.040001,21.059999,20.600872,6978100
2018-09-05,21.010000,21.270000,20.799999,21.209999,20.747599,10397300
2018-09-06,21.150000,21.170000,20.120001,20.360001,19.916134,12791000
2018-09-07,20.110001,20.559999,19.830000,20.520000,20.072643,6896200
2018-09-10,20.650000,20.790001,20.350000,20.350000,19.906351,5881100
2018-09-11,20.230000,20.719999,20.080000,20.540001,20.092207,9748700
2018-09-12,20.830000,20.969999,20.410000,20.559999,20.111771,8680800
2018-09-13,20.450001,20.719999,20.200001,20.670000,20.219374,7607400
2018-09-14,20.660000,21.030001,20.600000,20.879999,20.424797,8089100
2018-09-17,21.000000,21.059999,20.780001,20.870001,20.415014,5858100
2018-09-18,21.080000,21.700001,21.000000,21.500000,21.031277,8904800
2018-09-19,21.450001,21.980000,21.420000,21.760000,21.285614,8009000
2018-09-20,21.950001,22.080000,21.360001,21.549999,21.080189,7970100
2018-09-21,21.570000,21.950001,21.500000,21.860001,21.383430,11655300
2018-09-24,22.209999,22.760000,22.100000,22.340000,21.852964,17304600
2018-09-25,22.549999,22.680000,22.299999,22.490000,21.999697,13944000
2018-09-26,22.389999,22.900000,22.219999,22.440001,21.950785,13096300
2018-09-27,22.730000,22.900000,22.520000,22.730000,22.234463,10788700
2018-09-28,22.690001,23.670000,22.650000,23.280001,22.772472,11899400
2018-10-01,23.430000,23.980000,23.260000,23.860001,23.339828,14321900
2018-10-02,23.799999,23.879999,23.410000,23.510000,22.997461,9888600
2018-10-03,23.639999,24.200001,23.330000,23.990000,23.466991,12575900
2018-10-04,23.820000,24.139999,23.430000,23.719999,23.202879,10949500
2018-10-05,23.690001,23.990000,23.020000,23.410000,22.899641,9526900
2018-10-08,23.120001,23.270000,22.740000,22.879999,22.381191,7871100
2018-10-09,23.000000,23.209999,22.700001,22.930000,22.430101,9195700
2018-10-10,22.809999,22.940001,21.129999,21.160000,20.698689,16397100
2018-10-11,20.889999,21.150000,19.920000,19.959999,19.524851,22326100
2018-10-12,20.580000,20.700001,20.010000,20.520000,20.072643,15494900
2018-10-15,20.920000,21.010000,20.410000,20.840000,20.385668,11811200
2018-10-16,20.950001,21.270000,20.709999,21.180000,20.718254,12526900
2018-10-17,21.139999,21.150000,20.450001,20.889999,20.434574,9543900
2018-10-18,20.500000,20.770000,20.340000,20.549999,20.101988,9054000
2018-10-19,20.799999,21.020000,20.559999,20.670000,20.219374,13551000
2018-10-22,20.520000,20.590000,20.150000,20.459999,20.013950,10419300
2018-10-23,19.860001,19.879999,19.170000,19.480000,19.055315,18252700
2018-10-24,19.690001,19.730000,18.330000,18.350000,17.949951,18081300
2018-10-25,18.690001,19.049999,18.389999,18.790001,18.380360,11617000
2018-10-26,18.420000,18.950001,18.170000,18.690001,18.282537,11082800
2018-10-29,18.830000,18.860001,17.770000,18.150000,17.754313,11731800
2018-10-30,17.940001,18.719999,17.850000,18.680000,18.272757,14023400
2018-10-31,18.959999,19.760000,18.889999,18.990000,18.576000,14835400
2018-11-01,19.030001,19.309999,18.510000,18.610001,18.204285,12954000
2018-11-02,18.660000,18.959999,17.950001,18.209999,17.813004,17873500
2018-11-05,18.510000,18.700001,18.360001,18.690001,18.282537,10104800
2018-11-06,18.799999,18.820000,17.959999,18.330000,17.930386,14573800
2018-11-07,18.600000,18.940001,18.180000,18.510000,18.106462,19896500
2018-11-08,19.139999,19.299999,17.990000,18.049999,17.656492,21615600
2018-11-09,17.680000,18.000000,17.209999,17.840000,17.451069,17026300
2018-11-12,18.059999,18.200001,17.219999,17.260000,16.883715,11315200
2018-11-13,17.190001,17.320000,16.370001,16.469999,16.110935,21411300
2018-11-14,16.969999,17.230000,16.370001,16.680000,16.316357,19490700
2018-11-15,16.680000,17.219999,16.590000,17.150000,16.776114,14108100
2018-11-16,17.160000,17.430000,16.809999,17.190001,16.815241,15480700
2018-11-19,16.799999,17.290001,16.790001,17.120001,16.746769,10829900
2018-11-20,16.610001,16.690001,15.800000,15.930000,15.628355,14425600
2018-11-21,16.139999,16.680000,16.059999,16.410000,16.099266,12515400
2018-11-23,15.680000,16.020000,15.490000,15.650000,15.353655,7405100
2018-11-26,15.850000,16.299999,15.850000,16.230000,15.922674,10699200
2018-11-27,16.200001,16.450001,15.900000,16.100000,15.795135,13631700
2018-11-28,16.110001,16.500000,15.860000,16.490000,16.177750,10034300
2018-11-29,16.570000,16.820000,16.330000,16.549999,16.236612,9998400
2018-11-30,16.299999,16.770000,16.080000,16.690001,16.373962,13260400
2018-12-03,17.620001,17.840000,17.080000,17.549999,17.217680,15108400
2018-12-04,17.570000,17.760000,16.770000,16.820000,16.501499,13177500
2018-12-06,16.280001,16.320000,15.600000,16.219999,15.912861,19130100
2018-12-07,16.740000,17.139999,16.030001,16.049999,15.746080,21693600
2018-12-10,15.690000,15.910000,15.130000,15.300000,15.010283,15896300
2018-12-11,15.460000,15.630000,15.020000,15.330000,15.039715,21603900
2018-12-12,15.700000,16.059999,15.510000,15.520000,15.226117,18043800
2018-12-13,15.400000,15.770000,15.270000,15.620000,15.324224,13073900
2018-12-14,15.410000,15.530000,14.950000,15.040000,14.755206,12708600
2018-12-17,14.940000,15.180000,14.620000,14.720000,14.441266,13529500
2018-12-18,14.790000,14.800000,14.160000,14.240000,13.970354,18485600
2018-12-19,14.430000,14.690000,13.780000,13.860000,13.597551,14545300
2018-12-20,13.610000,13.960000,13.420000,13.610000,13.352284,20451000
2018-12-21,13.540000,13.900000,13.390000,13.450000,13.195314,24619800
2018-12-24,13.250000,13.360000,12.660000,12.660000,12.420274,7147900
2018-12-26,12.840000,14.180000,12.570000,14.170000,13.901680,16234400
2018-12-27,13.800000,14.300000,13.570000,14.290000,14.019408,12227200
2018-12-28,14.410000,14.440000,13.960000,14.080000,13.813383,9668900
2018-12-31,14.230000,14.360000,14.030000,14.340000,14.068461,9646900
2019-01-02,13.900000,14.890000,13.860000,14.720000,14.441266,10497100
2019-01-03,14.740000,14.920000,14.200000,14.620000,14.343159,10915100
2019-01-04,14.970000,15.430000,14.790000,15.410000,15.118199,14563500
2019-01-07,15.540000,15.770000,15.250000,15.620000,15.324224,10186700
2019-01-08,15.880000,15.970000,15.300000,15.480000,15.186873,12484700
2019-01-09,15.740000,16.160000,15.550000,16.070000,15.765703,12816600
2019-01-10,15.850000,16.420000,15.700000,16.350000,16.040401,13253600
2019-01-11,16.170000,16.219999,15.820000,16.110001,15.804945,10834500
2019-01-14,15.860000,16.090000,15.780000,15.830000,15.530246,10729600
2019-01-15,15.980000,16.160000,15.780000,15.830000,15.530246,10065800
2019-01-16,15.710000,15.860000,15.510000,15.540000,15.245739,15802400
2019-01-17,15.390000,15.870000,15.330000,15.790000,15.491006,10236100
2019-01-18,15.990000,16.150000,15.790000,16.100000,15.795135,11621100
2019-01-22,15.880000,15.920000,15.540000,15.690000,15.392898,13352900
2019-01-23,15.770000,15.840000,15.370000,15.560000,15.265362,9966800
2019-01-24,15.490000,15.930000,15.450000,15.800000,15.500816,7733900
2019-01-25,15.940000,16.139999,15.880000,15.900000,15.598921,9403800
2019-01-28,15.600000,15.840000,15.510000,15.830000,15.530246,7331000
2019-01-29,16.010000,16.100000,15.870000,15.910000,15.608733,8009800
2019-01-30,16.070000,16.170000,15.840000,16.020000,15.716650,9960600
2019-01-31,16.030001,16.100000,15.590000,15.790000,15.491006,12572500
2019-02-01,15.880000,16.240000,15.810000,16.000000,15.697028,12970300
2019-02-04,15.840000,16.250000,15.840000,16.150000,15.844187,13278900
2019-02-05,16.080000,16.200001,15.870000,15.940000,15.638164,7258800
2019-02-06,15.800000,16.080000,15.730000,15.910000,15.608733,9737300
2019-02-07,15.760000,15.830000,15.180000,15.270000,14.980852,13165600
2019-02-08,15.270000,15.320000,14.830000,15.130000,14.843502,11329900
2019-02-11,14.940000,15.360000,14.900000,15.270000,14.980852,11886000
2019-02-12,15.630000,15.770000,15.400000,15.450000,15.157444,13141500
2019-02-13,15.570000,15.880000,15.390000,15.550000,15.255549,25621100
2019-02-14,15.800000,17.290001,15.650000,16.910000,16.589798,35970000
2019-02-15,17.100000,17.250000,16.940001,17.080000,16.756577,16683500
2019-02-19,16.889999,17.180000,16.850000,17.030001,16.756578,11335900
2019-02-20,17.020000,17.330000,16.959999,17.080000,16.805775,14394700
2019-02-21,17.049999,17.129999,16.610001,16.680000,16.412197,10405100
2019-02-22,16.850000,17.030001,16.580000,16.889999,16.618824,12132300
2019-02-25,16.709999,16.900000,16.650000,16.670000,16.402357,13679900
2019-02-26,16.629999,16.830000,16.500000,16.520000,16.254766,10659600
2019-02-27,16.629999,17.080000,16.510000,16.790001,16.520432,9759400
2019-02-28,16.850000,16.850000,16.459999,16.600000,16.333483,13445100
2019-03-01,16.680000,17.120001,16.680000,17.080000,16.805775,11559900
2019-03-04,17.170000,17.389999,17.000000,17.280001,17.002565,11720500
2019-03-05,17.469999,17.480000,17.150000,17.270000,16.992727,9931500
2019-03-06,17.160000,17.190001,16.750000,16.860001,16.589308,10385900
2019-03-07,16.920000,17.049999,16.740000,16.860001,16.589308,11165800
2019-03-08,16.440001,16.440001,16.030001,16.270000,16.008780,13041600
2019-03-11,16.440001,16.629999,16.200001,16.570000,16.303963,10014500
2019-03-12,16.650000,16.930000,16.629999,16.900000,16.628664,8681400
2019-03-13,17.170000,17.360001,17.040001,17.320000,17.041922,9722500
2019-03-14,17.320000,17.420000,17.250000,17.260000,16.982885,9602700
2019-03-15,17.129999,17.430000,17.090000,17.270000,16.992727,12215100
2019-03-18,17.379999,17.520000,17.260000,17.389999,17.110798,10376200
2019-03-19,17.530001,17.540001,17.040001,17.120001,16.845135,9457700
2019-03-20,17.080000,17.790001,17.020000,17.600000,17.317427,13051800
2019-03-21,17.570000,17.770000,17.299999,17.690001,17.405983,12806800
2019-03-22,17.520000,17.580000,16.559999,16.680000,16.412197,16337500
2019-03-25,16.590000,16.809999,16.420000,16.709999,16.441715,11803800
2019-03-26,16.920000,17.330000,16.920000,17.110001,16.835293,14593000
2019-03-27,17.129999,17.240000,16.920000,17.059999,16.786097,7851400
2019-03-28,16.879999,16.969999,16.650000,16.820000,16.549950,14927700
2019-03-29,17.070000,17.129999,16.670000,16.709999,16.441715,9442600
2019-04-01,16.900000,17.400000,16.820000,17.389999,17.110798,14543400
2019-04-02,17.389999,17.680000,17.100000,17.129999,16.854971,11499600
2019-04-03,17.260000,17.420000,16.830000,16.930000,16.658184,11452300
2019-04-04,16.969999,17.190001,16.790001,17.139999,16.864811,6670700
2019-04-05,17.170000,17.719999,17.170000,17.700001,17.415821,9184800
2019-04-08,17.770000,17.879999,17.490000,17.600000,17.317427,9828400
2019-04-09,17.490000,17.510000,17.180000,17.260000,16.982885,8182600
2019-04-10,17.400000,17.490000,17.200001,17.450001,17.169834,8858000
2019-04-11,17.309999,17.540001,17.059999,17.190001,16.914009,9147800
2019-04-12,17.809999,17.940001,17.610001,17.760000,17.474857,11850500
2019-04-15,17.670000,17.750000,17.350000,17.379999,17.100958,8834500
2019-04-16,17.570000,17.590000,17.250000,17.469999,17.189512,11139300
2019-04-17,17.580000,17.820000,17.549999,17.740000,17.455177,11885400
2019-04-18,17.740000,17.799999,17.500000,17.620001,17.337109,9069000
2019-04-22,17.930000,18.830000,17.889999,18.780001,18.478483,19197200
2019-04-23,18.809999,18.930000,18.540001,18.680000,18.380087,12840800
2019-04-24,18.870001,18.889999,18.110001,18.150000,17.858597,12950200
2019-04-25,18.160000,18.350000,17.920000,17.930000,17.642130,10285700
2019-04-26,17.750000,17.760000,17.129999,17.379999,17.100958,10651700
2019-04-29,17.350000,17.389999,17.110001,17.150000,16.874651,8335700
2019-04-30,17.360001,17.379999,16.990000,17.040001,16.766418,9491400
2019-05-01,17.070000,17.150000,16.520000,16.530001,16.264608,13709300
2019-05-02,15.860000,16.299999,15.350000,15.520000,15.270822,28035200
2019-05-03,15.700000,15.910000,15.500000,15.680000,15.428252,15721800
2019-05-06,15.340000,15.830000,15.270000,15.770000,15.516809,10869500
2019-05-07,15.500000,15.560000,15.250000,15.510000,15.260983,14874800
2019-05-08,15.430000,15.910000,15.380000,15.560000,15.310181,12232800
2019-05-09,15.400000,15.480000,15.160000,15.270000,15.024836,10373000
2019-05-10,15.200000,15.330000,15.010000,15.260000,15.014996,9029500
2019-05-13,15.130000,15.270000,14.860000,15.030000,14.788690,10308000
2019-05-14,15.030000,15.660000,15.030000,15.460000,15.262558,9638300
2019-05-15,15.270000,15.540000,15.190000,15.430000,15.232941,7123500
2019-05-16,15.550000,15.820000,15.530000,15.710000,15.509365,9776200
2019-05-17,15.550000,15.670000,15.460000,15.470000,15.272430,9007000
2019-05-20,15.410000,15.760000,15.400000,15.540000,15.341537,10925900
2019-05-21,15.610000,16.020000,15.600000,15.840000,15.637705,11141900
2019-05-22,15.650000,15.740000,15.310000,15.430000,15.232941,12053700
2019-05-23,15.100000,15.150000,14.500000,14.560000,14.374053,14136600
2019-05-24,14.750000,14.860000,14.310000,14.430000,14.245713,8827400
2019-05-28,14.500000,14.550000,14.290000,14.330000,14.146990,8830000
2019-05-29,14.000000,14.100000,13.830000,14.090000,13.910055,14676900
2019-05-30,14.060000,14.160000,13.570000,13.620000,13.446057,12146300
2019-05-31,13.210000,13.410000,13.060000,13.150000,12.982059,13256400
2019-06-03,13.280000,13.560000,13.220000,13.330000,13.159760,12762700
2019-06-04,13.460000,13.590000,13.260000,13.450000,13.278229,10045900
2019-06-05,13.480000,13.520000,12.960000,13.190000,13.021547,17933900
2019-06-06,13.210000,13.380000,13.020000,13.250000,13.080782,13406300
2019-06-07,13.250000,13.510000,13.170000,13.310000,13.140017,11536300
2019-06-10,13.320000,13.640000,13.310000,13.450000,13.278229,8306200
2019-06-11,13.610000,13.740000,13.400000,13.410000,13.238739,8501100
2019-06-12,13.210000,13.290000,12.960000,13.020000,12.853720,11107500
2019-06-13,13.130000,13.290000,13.040000,13.280000,13.110398,12087900
2019-06-14,13.230000,13.320000,12.900000,12.980000,12.814230,9027800
2019-06-17,12.900000,13.380000,12.800000,13.330000,13.159760,10631800
2019-06-18,13.450000,13.790000,13.420000,13.670000,13.495418,11841100
2019-06-19,13.680000,13.850000,13.490000,13.630000,13.455930,9804600
2019-06-20,13.980000,14.290000,13.910000,14.110000,13.929799,17483100
2019-06-21,14.220000,14.360000,14.040000,14.050000,13.870566,13234100
2019-06-24,14.100000,14.160000,13.810000,13.930000,13.752099,8721600
2019-06-25,13.870000,14.050000,13.790000,13.900000,13.722481,9211800
2019-06-26,14.150000,14.570000,14.050000,14.390000,14.206223,10871800
2019-06-27,14.390000,14.480000,14.140000,14.200000,14.018650,7430900
2019-06-28,14.220000,14.310000,14.070000,14.210000,14.028522,10205400
2019-07-01,14.580000,14.700000,14.120000,14.250000,14.068011,9195900
2019-07-02,14.250000,14.250000,13.540000,13.550000,13.376951,11173700
2019-07-03,13.560000,13.670000,13.430000,13.660000,13.485546,6382800
2019-07-05,13.590000,13.780000,13.530000,13.760000,13.584269,7194400
2019-07-08,13.670000,13.880000,13.510000,13.520000,13.347334,7711600
2019-07-09,13.480000,13.570000,13.200000,13.540000,13.367080,7237200
2019-07-10,13.700000,13.980000,13.650000,13.900000,13.722481,7363700
2019-07-11,13.910000,13.970000,13.620000,13.650000,13.475674,5848600
2019-07-12,13.660000,13.970000,13.610000,13.920000,13.742226,7002900
2019-07-15,13.930000,13.950000,13.450000,13.480000,13.307845,9323200
2019-07-16,13.430000,13.640000,13.190000,13.320000,13.149888,11431900
2019-07-17,13.290000,13.430000,13.180000,13.220000,13.051166,12724100
2019-07-18,13.170000,13.450000,13.150000,13.380000,13.209123,9858800
2019-07-19,13.420000,13.690000,13.300000,13.660000,13.485546,9224100
2019-07-22,13.630000,13.810000,13.550000,13.670000,13.495418,10073300
2019-07-23,13.650000,13.780000,13.520000,13.760000,13.584269,7851800
2019-07-24,13.710000,14.110000,13.680000,13.970000,13.791587,8340300
2019-07-25,14.080000,14.130000,13.650000,13.750000,13.574397,8621600
2019-07-26,13.730000,13.810000,13.550000,13.750000,13.574397,7039900
2019-07-29,13.720000,13.780000,13.330000,13.500000,13.327589,9132800
2019-07-30,13.410000,14.240000,13.350000,14.130000,13.949544,11972700
2019-07-31,14.120000,14.370000,13.910000,14.070000,13.890309,9589600
2019-08-01,13.820000,13.920000,13.320000,13.530000,13.357206,16134900
2019-08-02,13.570000,13.690000,12.920000,13.280000,13.110398,14177800
2019-08-05,12.990000,12.990000,12.460000,12.500000,12.340361,16870700
2019-08-06,12.540000,12.700000,12.060000,12.160000,12.004704,13255300
2019-08-07,11.820000,12.140000,11.560000,12.050000,11.896108,20579100
2019-08-08,12.600000,12.870000,12.220000,12.860000,12.695763,20747000
2019-08-09,12.950000,13.140000,12.790000,12.870000,12.705635,11947800
2019-08-12,12.790000,12.990000,12.700000,12.740000,12.577295,10170900
2019-08-13,12.680000,13.270000,12.520000,12.950000,12.784613,11807500
2019-08-14,12.520000,12.640000,12.270000,12.300000,12.142915,14325700
2019-08-15,12.230000,12.320000,11.930000,12.020000,11.866491,12160400
2019-08-16,12.100000,12.500000,12.020000,12.450000,12.290998,10589500
2019-08-19,12.680000,12.950000,12.650000,12.880000,12.715508,9857300
2019-08-20,12.720000,12.770000,12.580000,12.620000,12.507381,8523900
2019-08-21,12.810000,12.880000,12.390000,12.420000,12.309166,11895900
2019-08-22,12.440000,12.490000,12.250000,12.260000,12.150595,7948200
2019-08-23,12.040000,12.250000,11.710000,11.750000,11.645145,14130800
2019-08-26,11.910000,11.960000,11.590000,11.630000,11.526217,8680100
2019-08-27,11.730000,11.760000,11.390000,11.530000,11.427109,8011800
2019-08-28,11.660000,12.060000,11.570000,11.940000,11.833449,9074700
2019-08-29,12.060000,12.360000,12.050000,12.200000,12.091130,10028700
2019-08-30,12.240000,12.280000,11.770000,11.840000,11.734343,9587300
2019-09-03,11.500000,11.790000,11.390000,11.770000,11.664967,10039900
2019-09-04,11.910000,12.140000,11.870000,12.110000,12.001932,7212700
2019-09-05,12.240000,12.690000,12.220000,12.540000,12.428095,11374800
2019-09-06,12.440000,12.550000,12.220000,12.450000,12.338899,12409900
2019-09-09,12.640000,12.940000,12.560000,12.900000,12.784883,12783000
2019-09-10,12.970000,13.250000,12.740000,12.830000,12.715508,10453900
2019-09-11,12.960000,13.320000,12.800000,13.010000,12.893902,11736300
2019-09-12,12.720000,12.850000,12.440000,12.580000,12.467738,14044400
2019-09-13,12.760000,12.930000,12.510000,12.700000,12.586667,7715700
2019-09-16,14.080000,14.390000,13.680000,14.170000,14.043550,29418300
2019-09-17,14.100000,14.100000,13.010000,13.070000,12.953366,19976700
2019-09-18,12.900000,13.210000,12.780000,13.030000,12.913723,16993900
2019-09-19,13.170000,13.300000,12.950000,13.040000,12.923634,12369400
2019-09-20,13.120000,13.320000,12.970000,13.180000,13.062385,15725500
2019-09-23,13.000000,13.180000,12.930000,13.100000,12.983099,9709400
2019-09-24,12.950000,12.990000,12.140000,12.220000,12.110952,16061500
2019-09-25,11.960000,12.370000,11.940000,12.320000,12.210059,12912100
2019-09-26,12.140000,12.230000,11.830000,11.940000,11.833449,12786000
2019-09-27,11.760000,12.310000,11.750000,12.200000,12.091130,14130600
2019-09-30,12.080000,12.310000,12.070000,12.270000,12.160505,9163900
2019-10-01,12.370000,12.500000,11.790000,11.790000,11.684788,12543900
2019-10-02,11.740000,11.820000,11.280000,11.300000,11.199162,15302200
2019-10-03,11.160000,11.710000,11.070000,11.660000,11.555948,12311300
2019-10-04,11.580000,11.690000,11.320000,11.560000,11.456841,10702900
2019-10-07,11.560000,11.650000,11.330000,11.410000,11.308180,13163400
2019-10-08,11.250000,11.380000,11.090000,11.090000,10.991035,10457100
2019-10-09,11.270000,11.370000,11.060000,11.190000,11.090142,10467500
2019-10-10,11.230000,11.490000,11.190000,11.400000,11.298268,10299600
2019-10-11,11.540000,11.850000,11.530000,11.740000,11.635235,10294500
2019-10-14,11.530000,11.890000,11.370000,11.780000,11.674877,12651900
2019-10-15,11.680000,12.010000,11.610000,11.840000,11.734343,11020600
2019-10-16,11.820000,11.950000,11.620000,11.620000,11.516305,8034200
2019-10-17,11.670000,11.690000,11.360000,11.550000,11.446931,9794400
2019-10-18,11.540000,11.700000,11.260000,11.300000,11.199162,12563500
2019-10-21,11.270000,11.550000,11.230000,11.530000,11.427109,7350800
2019-10-22,11.540000,11.970000,11.390000,11.730000,11.625323,9216700
2019-10-23,11.710000,12.200000,11.540000,12.010000,11.902825,9310400
2019-10-24,12.110000,12.160000,11.680000,11.940000,11.833449,8002400
2019-10-25,11.910000,12.030000,11.720000,11.980000,11.873093,10132200
2019-10-28,12.050000,12.190000,11.840000,11.940000,11.833449,7489900
2019-10-29,11.790000,12.170000,11.590000,12.010000,11.902825,8982700
2019-10-30,12.070000,12.090000,11.520000,11.560000,11.456841,11170900
2019-10-31,11.520000,11.610000,11.230000,11.530000,11.427109,11492000
2019-11-01,11.650000,12.090000,11.620000,12.050000,11.942469,12586600
2019-11-04,12.320000,12.590000,12.290000,12.520000,12.408275,13325200
2019-11-05,12.650000,12.970000,12.610000,12.640000,12.527204,14027200
2019-11-06,12.560000,12.700000,12.120000,12.180000,12.071309,18587200
2019-11-07,12.610000,12.660000,12.120000,12.560000,12.447917,16015300
2019-11-08,12.330000,12.550000,11.990000,12.530000,12.418184,15567300
2019-11-11,12.270000,12.350000,12.080000,12.160000,12.051487,11866100
2019-11-12,12.200000,12.370000,11.910000,12.010000,11.902825,12289200
2019-11-13,11.880000,12.100000,11.810000,11.870000,11.764074,11414600
2019-11-14,11.920000,12.150000,11.830000,11.890000,11.783896,9465200
2019-11-15,11.960000,12.260000,11.960000,12.100000,11.992023,9164300
2019-11-18,11.950000,11.980000,11.620000,11.780000,11.674877,9683100
2019-11-19,11.680000,11.740000,11.390000,11.460000,11.406147,9683200
2019-11-20,11.480000,11.950000,11.390000,11.690000,11.635066,13862500
2019-11-21,11.760000,11.900000,11.620000,11.890000,11.834126,11167500
2019-11-22,11.930000,12.220000,11.880000,12.200000,12.142670,15753100
2019-11-25,12.120000,12.220000,11.960000,12.110000,12.053092,18262800
2019-11-26,12.120000,12.120000,11.800000,11.830000,11.774408,18954100
2019-11-27,11.840000,11.930000,11.630000,11.880000,11.824173,9950700
2019-11-29,11.680000,11.760000,11.510000,11.650000,11.595254,7395400
2019-12-02,11.790000,12.030000,11.720000,11.960000,11.903797,12638700
2019-12-03,11.740000,11.870000,11.580000,11.760000,11.704738,10529400
2019-12-04,11.950000,12.290000,11.900000,12.170000,12.112810,12498100
2019-12-05,12.250000,12.330000,11.960000,12.040000,11.983421,10411700
2019-12-06,12.090000,12.500000,12.060000,12.450000,12.391495,11114900
2019-12-09,12.340000,12.690000,12.290000,12.590000,12.530837,9062800
2019-12-10,12.590000,12.760000,12.500000,12.590000,12.530837,8362600
2019-12-11,12.550000,12.700000,12.550000,12.610000,12.550742,7991400
2019-12-12,12.660000,13.080000,12.610000,13.030000,12.968769,10807400
2019-12-13,13.140000,13.230000,12.710000,12.720000,12.660226,9678600
2019-12-16,12.860000,13.230000,12.860000,13.130000,13.068299,10286400
2019-12-17,13.080000,13.430000,13.050000,13.370000,13.307171,11856400
2019-12-18,13.330000,13.550000,13.300000,13.420000,13.356936,12425000
2019-12-19,13.370000,13.470000,13.150000,13.180000,13.118065,11183100
2019-12-20,13.280000,13.290000,13.080000,13.210000,13.147923,20634700
2019-12-23,13.190000,13.600000,13.180000,13.560000,13.496279,10029100
2019-12-24,13.600000,13.730000,13.560000,13.620000,13.555996,4065000
2019-12-26,13.780000,13.890000,13.660000,13.690000,13.625668,7329100
2019-12-27,13.750000,13.750000,13.450000,13.480000,13.416654,7386900
2019-12-30,13.520000,13.610000,13.390000,13.420000,13.356936,6503800
2019-12-31,13.290000,13.610000,13.190000,13.580000,13.516185,7024900
2020-01-02,13.690000,13.750000,13.550000,13.680000,13.615715,10437700
2020-01-03,14.050000,14.070000,13.600000,13.750000,13.685386,14858400
2020-01-06,13.840000,14.010000,13.740000,13.960000,13.894399,12021000
2020-01-07,13.760000,13.840000,13.610000,13.790000,13.725198,9554100
2020-01-08,13.800000,13.820000,13.020000,13.280000,13.217594,15588600
2020-01-09,13.090000,13.490000,12.910000,13.450000,13.386795,14048300
2020-01-10,13.390000,13.390000,13.120000,13.180000,13.118065,11210300
2020-01-13,13.080000,13.260000,12.890000,13.190000,13.128016,12674700
2020-01-14,13.210000,13.330000,13.080000,13.280000,13.217594,11708500
2020-01-15,13.210000,13.380000,13.120000,13.240000,13.177782,8458600
2020-01-16,13.340000,13.470000,13.270000,13.340000,13.277312,9898800
2020-01-17,13.360000,13.390000,13.140000,13.210000,13.147923,8375300
2020-01-21,13.140000,13.180000,12.840000,12.850000,12.789616,12326600
2020-01-22,12.830000,12.830000,12.430000,12.450000,12.391495,10680700
2020-01-23,12.250000,12.380000,11.960000,12.220000,12.162576,10974700
2020-01-24,12.120000,12.140000,11.740000,11.930000,11.873939,14343400
2020-01-27,11.630000,11.790000,11.570000,11.690000,11.635066,16137400
2020-01-28,11.790000,11.850000,11.610000,11.770000,11.714690,11955000
2020-01-29,11.870000,11.990000,11.740000,11.750000,11.694784,14525700
2020-01-30,11.550000,11.900000,11.550000,11.860000,11.804267,16276300
2020-01-31,11.650000,11.730000,11.360000,11.370000,11.316569,21638300
2020-02-03,11.340000,11.580000,11.250000,11.470000,11.416101,14591700
2020-02-04,11.760000,11.970000,11.700000,11.770000,11.714690,15017400
2020-02-05,12.000000,12.300000,12.000000,12.160000,12.102858,14443600
2020-02-06,12.220000,12.250000,11.910000,11.920000,11.863985,11759900
2020-02-07,11.750000,11.830000,11.610000,11.680000,11.625113,10401700
2020-02-10,11.560000,11.610000,11.290000,11.380000,11.326523,12410000
2020-02-11,11.580000,11.710000,11.430000,11.570000,11.515630,11352100
2020-02-12,11.850000,11.970000,11.460000,11.610000,11.555442,23898500
2020-02-13,11.270000,11.280000,10.640000,11.110000,11.057791,30411400
2020-02-14,11.130000,11.190000,10.590000,10.640000,10.590000,19189500
2020-02-18,10.450000,10.510000,10.280000,10.300000,10.300000,17992600
2020-02-19,10.350000,10.520000,10.150000,10.470000,10.470000,17660400
2020-02-20,10.550000,10.600000,10.240000,10.250000,10.250000,14551100
2020-02-21,10.150000,10.220000,9.970000,10.110000,10.110000,18987900
2020-02-24,9.640000,9.640000,9.390000,9.460000,9.460000,21076900
2020-02-25,9.500000,9.510000,8.810000,8.920000,8.920000,27736200
2020-02-26,8.990000,9.000000,8.390000,8.410000,8.410000,26970000
2020-02-27,8.010000,8.440000,7.810000,7.930000,7.930000,35230800
2020-02-28,7.570000,8.300000,7.540000,8.280000,8.280000,32563600
2020-03-02,8.450000,8.450000,7.930000,8.340000,8.340000,23726100
2020-03-03,8.320000,8.470000,7.850000,8.080000,8.080000,28467100
2020-03-04,8.230000,8.310000,7.940000,8.110000,8.110000,19274400
2020-03-05,7.860000,7.950000,7.670000,7.800000,7.800000,19893900
2020-03-06,7.450000,7.580000,6.780000,6.830000,6.830000,31805300
2020-03-09,4.210000,5.000000,3.320000,3.630000,3.630000,105292500
2020-03-10,4.850000,4.870000,3.520000,4.400000,4.400000,103558800
2020-03-11,4.220000,4.490000,4.000000,4.090000,4.090000,69880200
2020-03-12,3.780000,4.200000,3.650000,3.980000,3.980000,51908800
2020-03-13,4.360000,4.530000,3.710000,4.530000,4.530000,46499500
2020-03-16,3.810000,4.510000,3.800000,4.000000,4.000000,40301300
2020-03-17,4.150000,4.170000,3.550000,3.620000,3.620000,43146500
2020-03-18,3.500000,3.660000,3.200000,3.450000,3.450000,37555200
2020-03-19,3.500000,3.930000,3.410000,3.830000,3.830000,38897500
2020-03-20,4.000000,4.040000,3.420000,3.560000,3.560000,48008100
2020-03-23,3.560000,3.600000,3.310000,3.350000,3.350000,32313300
2020-03-24,3.690000,3.710000,3.460000,3.610000,3.610000,45463000
2020-03-25,3.800000,3.870000,3.410000,3.580000,3.580000,45456400